date,ticker,expiration,dte,strike,stock_price,otm_pct,right,iv,bid,ask,mid,volume,open_interest,delta,prob_otm,premium_yield,annual_yield,data_source
2026-06-26,AAPL,2026-07-17,21,110.0,283.78,61.24,put,1.96,0.0,1.53,0.649,1,3,-0.012,96.3,0.59,10.26,bs_fallback
2026-06-26,AAPL,2026-07-17,21,125.0,283.78,55.95,put,1.7163,0.0,1.53,0.649,4,4,-0.0137,96.35,0.519,9.02,bs_fallback
2026-06-26,AAPL,2026-07-17,21,130.0,283.78,54.19,put,1.0625,0.0,0.04,0.014,8,356,-0.0007,99.84,0.011,0.19,bs_fallback
2026-06-26,AAPL,2026-07-17,21,135.0,283.78,52.43,put,1.5698,0.0,1.53,0.649,8,150,-0.015,96.35,0.481,8.35,bs_fallback
2026-06-26,AAPL,2026-07-17,21,140.0,283.78,50.67,put,0.9453,0.0,0.03,0.011,7,299,-0.0006,99.87,0.008,0.13,bs_fallback
2026-06-26,AAPL,2026-07-17,21,145.0,283.78,48.9,put,0.9453,0.0,0.05,0.019,8,179,-0.001,99.79,0.013,0.23,bs_fallback
2026-06-26,AAPL,2026-07-17,21,150.0,283.78,47.14,put,1.0332,0.0,0.2,0.078,5,490,-0.0034,99.31,0.052,0.9,bs_fallback
2026-06-26,AAPL,2026-07-17,21,155.0,283.78,45.38,put,0.9141,0.0,0.1,0.038,4,642,-0.002,99.61,0.025,0.43,bs_fallback
2026-06-26,AAPL,2026-07-17,21,160.0,283.78,43.62,put,0.8125,0.0,0.05,0.018,4,916,-0.0011,99.79,0.012,0.2,bs_fallback
2026-06-26,AAPL,2026-07-17,21,165.0,283.78,41.86,put,0.7578,0.01,0.03,0.02,15,516,-0.001,99.82,0.012,0.21,market
2026-06-26,AAPL,2026-07-17,21,170.0,283.78,40.09,put,0.7734,0.01,0.08,0.045,18,1488,-0.0021,99.64,0.026,0.46,market
2026-06-26,AAPL,2026-07-17,21,175.0,283.78,38.33,put,1.0396,0.01,1.26,0.635,88,1194,-0.019,96.6,0.363,6.31,market
2026-06-26,AAPL,2026-07-17,21,180.0,283.78,36.57,put,0.8076,0.01,0.32,0.165,2,3010,-0.0069,98.83,0.092,1.59,market
2026-06-26,AAPL,2026-07-17,21,185.0,283.78,34.81,put,0.6836,0.02,0.11,0.065,3,885,-0.0034,99.45,0.035,0.61,market
2026-06-26,AAPL,2026-07-17,21,190.0,283.78,33.05,put,0.6328,0.04,0.07,0.055,25,1815,-0.0031,99.51,0.029,0.5,market
2026-06-26,AAPL,2026-07-17,21,195.0,283.78,31.28,put,0.6152,0.05,0.1,0.075,20,2154,-0.0042,99.36,0.038,0.67,market
2026-06-26,AAPL,2026-07-17,21,200.0,283.78,29.52,put,0.6055,0.06,0.16,0.11,713,12126,-0.0062,99.08,0.055,0.96,market
2026-06-26,AAPL,2026-07-17,21,205.0,283.78,27.76,put,0.6094,0.04,0.34,0.19,30,6020,-0.0102,98.5,0.093,1.61,market
2026-06-26,AAPL,2026-07-17,21,210.0,283.78,26.0,put,0.5293,0.08,0.14,0.11,1,5332,-0.007,99.01,0.052,0.91,market
2026-06-26,AAPL,2026-07-17,21,215.0,283.78,24.24,put,0.5342,0.03,0.2,0.115,262,6142,-0.0121,98.32,0.053,0.93,market
2026-06-26,AAPL,2026-07-17,21,220.0,283.78,22.48,put,0.5156,0.1,0.26,0.18,35,4573,-0.016,97.83,0.082,1.42,market
2026-06-26,AAPL,2026-07-17,21,225.0,283.78,20.71,put,0.5115,0.12,0.4,0.26,126,10009,-0.024,96.81,0.116,2.01,market
2026-06-26,AAPL,2026-07-17,21,230.0,283.78,18.95,put,0.437,0.14,0.26,0.2,535,6654,-0.0186,97.61,0.087,1.51,market
2026-06-26,AAPL,2026-07-17,21,235.0,283.78,17.19,put,0.4175,0.16,0.34,0.25,338,5275,-0.0249,96.87,0.106,1.85,market
2026-06-26,AAPL,2026-07-17,21,240.0,283.78,15.43,put,0.3857,0.23,0.38,0.305,124,9720,-0.0295,96.37,0.127,2.21,market
2026-06-26,AAPL,2026-07-17,21,245.0,283.78,13.67,put,0.3857,0.36,0.65,0.505,2159,12583,-0.0479,94.21,0.206,3.58,market
2026-06-26,AAPL,2026-07-17,21,250.0,283.78,11.9,put,0.3489,0.47,0.7,0.585,1144,17476,-0.0558,93.41,0.234,4.07,market
2026-06-26,AAPL,2026-07-17,21,255.0,283.78,10.14,put,0.3474,0.47,1.15,0.81,528,13879,-0.087,89.9,0.318,5.52,market
2026-06-26,AAPL,2026-07-17,21,260.0,283.78,8.38,put,0.3113,0.98,1.3,1.14,2565,14585,-0.106,87.97,0.438,7.62,market
2026-06-26,AAPL,2026-07-17,21,265.0,283.78,6.62,put,0.3234,1.35,2.34,1.845,6433,16855,-0.1689,81.09,0.696,12.1,market
2026-06-26,AAPL,2026-07-17,21,270.0,283.78,4.86,put,0.3054,1.96,3.15,2.555,3996,16335,-0.225,75.24,0.946,16.45,market
2026-06-26,AAPL,2026-07-17,21,275.0,283.78,3.09,put,0.2999,3.25,4.55,3.9,1723,13263,-0.304,67.03,1.418,24.65,market
2026-06-26,AAPL,2026-07-17,21,280.0,283.78,1.33,put,0.3045,5.0,6.65,5.825,4266,9965,-0.3976,57.4,2.08,36.16,market
2026-06-26,AAPL,2026-07-17,21,285.0,283.78,0.0,put,0.2972,7.25,8.9,8.075,903,7564,-0.4937,47.79,2.833,49.25,market
2026-06-26,AAPL,2026-07-17,21,290.0,283.78,0.0,put,0.313,9.7,12.25,10.975,6689,17207,-0.5843,38.67,3.784,65.78,market
2026-06-26,AAPL,2026-07-17,21,295.0,283.78,0.0,put,0.3492,14.05,16.5,15.275,393,12111,-0.6505,31.9,5.178,90.0,market
2026-06-26,AAPL,2026-07-17,21,300.0,283.78,0.0,put,0.3594,18.2,20.35,19.275,835,18103,-0.7151,25.64,6.425,111.67,market
2026-06-26,AAPL,2026-07-17,21,305.0,283.78,0.0,put,0.3881,21.65,24.85,23.25,61,3324,-0.7572,21.47,7.623,132.49,market
2026-06-26,AAPL,2026-07-17,21,310.0,283.78,0.0,put,0.4305,26.5,29.75,28.125,38,2932,-0.7812,18.96,9.073,157.69,market
2026-06-26,AAPL,2026-07-17,21,315.0,283.78,0.0,put,0.4725,31.35,34.7,33.025,164,293,-0.7992,17.05,10.484,182.22,market
2026-06-26,AAPL,2026-07-17,21,320.0,283.78,0.0,put,0.5042,36.35,39.5,37.925,547,287,-0.8183,15.15,11.852,205.99,market
2026-06-26,AAPL,2026-07-17,21,325.0,283.78,0.0,put,0.533,41.35,44.3,42.825,1,1,-0.8351,13.52,13.177,229.03,market
2026-06-26,AAPL,2026-07-17,21,330.0,283.78,0.0,put,0.5801,46.3,49.45,47.875,1,1,-0.8399,12.85,14.508,252.16,market
2026-06-26,AAPL,2026-07-17,21,335.0,283.78,0.0,put,0.5095,51.35,54.4,52.875,171,2,-0.8985,8.15,15.784,274.33,market
2026-06-26,AAPL,2026-07-17,21,340.0,283.78,0.0,put,0.5398,56.3,59.4,57.85,13,0,-0.9047,7.51,17.015,295.73,market
2026-06-26,AAPL,2026-07-17,21,345.0,283.78,0.0,put,0.5669,61.3,64.3,62.8,3,0,-0.9111,6.9,18.203,316.38,market
2026-06-26,AAPL,2026-07-17,21,350.0,283.78,0.0,put,0.595,66.35,69.2,67.775,3,3,-0.9159,6.42,19.364,336.57,market
2026-06-26,AAPL,2026-07-17,21,355.0,283.78,0.0,put,0.6245,71.2,74.35,72.775,4,0,-0.9193,6.05,20.5,356.31,market
2026-06-26,AAPL,2026-07-17,21,360.0,283.78,0.0,put,0.6628,76.35,79.4,77.875,1,0,-0.9191,5.96,21.632,375.98,market
2026-06-26,AAPL,2026-07-17,21,365.0,283.78,0.0,put,0.6958,81.35,84.5,82.925,2,0,-0.9203,5.77,22.719,394.88,market
2026-06-26,AAPL,2026-07-17,21,370.0,283.78,0.0,put,0.7163,86.3,89.4,87.85,2,0,-0.9253,5.33,23.743,412.68,market
2026-06-26,AAPL,2026-07-17,21,380.0,283.78,0.0,put,0.7695,96.25,99.45,97.85,2,0,-0.9297,4.86,25.75,447.56,market
2026-06-26,AAPL,2026-07-17,21,450.0,283.78,0.0,put,1.0791,166.35,169.2,167.775,0,0,-0.9496,2.87,37.283,648.02,market
2026-06-26,AAPL,2026-07-17,21,470.0,283.78,0.0,put,1.1567,186.35,189.2,187.775,0,0,-0.9525,2.58,39.952,694.41,market
2026-06-26,AAPL,2026-07-24,28,170.0,283.78,40.09,put,0.9453,0.0,1.21,0.522,2,2,-0.0177,96.72,0.307,4.0,bs_fallback
2026-06-26,AAPL,2026-07-24,28,180.0,283.78,36.57,put,0.8486,0.0,1.18,0.507,1,1,-0.0192,96.68,0.282,3.67,bs_fallback
2026-06-26,AAPL,2026-07-24,28,195.0,283.78,31.28,put,0.6045,0.0,0.39,0.159,2,4,-0.0094,98.54,0.082,1.07,bs_fallback
2026-06-26,AAPL,2026-07-24,28,200.0,283.78,29.52,put,0.5645,0.02,0.35,0.185,1,59,-0.0096,98.55,0.092,1.21,market
2026-06-26,AAPL,2026-07-24,28,205.0,283.78,27.76,put,0.5098,0.0,0.28,0.114,2,3,-0.0082,98.81,0.055,0.72,bs_fallback
2026-06-26,AAPL,2026-07-24,28,210.0,283.78,26.0,put,0.5,0.05,0.2,0.125,13,50,-0.0116,98.35,0.06,0.78,market
2026-06-26,AAPL,2026-07-24,28,215.0,283.78,24.24,put,0.541,0.01,0.51,0.26,3,52,-0.0254,96.43,0.121,1.58,market
2026-06-26,AAPL,2026-07-24,28,220.0,283.78,22.48,put,0.4976,0.02,0.48,0.25,4,58,-0.0259,96.46,0.114,1.48,market
2026-06-26,AAPL,2026-07-24,28,225.0,283.78,20.71,put,0.5095,0.11,0.81,0.46,2,94,-0.0407,94.53,0.204,2.67,market
2026-06-26,AAPL,2026-07-24,28,230.0,283.78,18.95,put,0.4531,0.12,0.68,0.4,5,37,-0.0386,94.97,0.174,2.27,market
2026-06-26,AAPL,2026-07-24,28,235.0,283.78,17.19,put,0.4461,0.15,0.95,0.55,52,24,-0.0527,93.27,0.234,3.05,market
2026-06-26,AAPL,2026-07-24,28,240.0,283.78,15.43,put,0.385,0.23,0.75,0.49,250,144,-0.0484,93.99,0.204,2.66,market
2026-06-26,AAPL,2026-07-24,28,245.0,283.78,13.67,put,0.3638,0.53,0.92,0.725,60,152,-0.061,92.59,0.296,3.86,market
2026-06-26,AAPL,2026-07-24,28,250.0,283.78,11.9,put,0.3482,0.79,1.21,1.0,148,823,-0.0804,90.42,0.4,5.21,market
2026-06-26,AAPL,2026-07-24,28,255.0,283.78,10.14,put,0.3348,1.0,1.63,1.315,158,378,-0.1073,87.45,0.516,6.72,market
2026-06-26,AAPL,2026-07-24,28,260.0,283.78,8.38,put,0.3117,1.38,2.0,1.69,127,678,-0.1353,84.5,0.65,8.47,market
2026-06-26,AAPL,2026-07-24,28,265.0,283.78,6.62,put,0.2992,1.88,2.72,2.3,148,556,-0.1804,79.7,0.868,11.31,market
2026-06-26,AAPL,2026-07-24,28,270.0,283.78,4.86,put,0.3201,2.93,4.55,3.74,219,5878,-0.2581,71.24,1.385,18.06,market
2026-06-26,AAPL,2026-07-24,28,275.0,283.78,3.09,put,0.294,4.2,5.5,4.85,271,1562,-0.3178,65.26,1.764,22.99,market
2026-06-26,AAPL,2026-07-24,28,280.0,283.78,1.33,put,0.3212,5.9,8.4,7.15,186,2249,-0.4058,55.94,2.554,33.29,market
2026-06-26,AAPL,2026-07-24,28,285.0,283.78,0.0,put,0.2933,7.95,10.0,8.975,354,828,-0.486,48.16,3.149,41.05,market
2026-06-26,AAPL,2026-07-24,28,290.0,283.78,0.0,put,0.3176,10.15,13.65,11.9,119,504,-0.5631,40.25,4.103,53.49,market
2026-06-26,AAPL,2026-07-24,28,295.0,283.78,0.0,put,0.3212,13.5,17.0,15.25,14,627,-0.6362,33.1,5.169,67.39,market
2026-06-26,AAPL,2026-07-24,28,300.0,283.78,0.0,put,0.3093,17.6,20.25,18.925,50,242,-0.7127,25.88,6.308,82.23,market
2026-06-26,AAPL,2026-07-24,28,305.0,283.78,0.0,put,0.3401,22.0,24.9,23.45,14,325,-0.751,22.01,7.689,100.23,market
2026-06-26,AAPL,2026-07-24,28,310.0,283.78,0.0,put,0.375,26.5,29.75,28.125,5,209,-0.777,19.33,9.073,118.27,market
2026-06-26,AAPL,2026-07-24,28,315.0,283.78,0.0,put,0.4026,31.45,34.5,32.975,20,0,-0.8012,16.92,10.468,136.46,market
2026-06-26,AAPL,2026-07-24,28,320.0,283.78,0.0,put,0.4391,36.35,39.5,37.925,61,0,-0.8147,15.46,11.852,154.49,market
2026-06-26,AAPL,2026-07-24,28,325.0,283.78,0.0,put,0.4565,41.15,44.15,42.65,79,0,-0.8362,13.45,13.123,171.07,market
2026-06-26,AAPL,2026-07-24,28,330.0,283.78,0.0,put,0.5078,46.25,49.5,47.875,20,3,-0.8353,13.22,14.508,189.12,market
2026-06-26,AAPL,2026-07-24,28,335.0,283.78,0.0,put,0.5297,51.25,54.3,52.775,8,0,-0.8489,11.93,15.754,205.36,market
2026-06-26,AAPL,2026-07-24,28,340.0,283.78,0.0,put,0.558,56.15,59.25,57.7,60,0,-0.8571,11.09,16.971,221.22,market
2026-06-26,AAPL,2026-07-31,35,215.0,283.78,24.24,put,0.4922,0.01,0.55,0.28,2,15,-0.0269,96.22,0.13,1.36,market
2026-06-26,AAPL,2026-07-31,35,220.0,283.78,22.48,put,0.4561,0.36,0.54,0.45,130,19,-0.0282,96.13,0.205,2.13,market
2026-06-26,AAPL,2026-07-31,35,225.0,283.78,20.71,put,0.4751,0.2,0.97,0.585,4,187,-0.0461,93.78,0.26,2.71,market
2026-06-26,AAPL,2026-07-31,35,230.0,283.78,18.95,put,0.4324,0.35,0.91,0.63,3,107,-0.0473,93.8,0.274,2.86,market
2026-06-26,AAPL,2026-07-31,35,235.0,283.78,17.19,put,0.4087,0.43,1.04,0.735,5,540,-0.0557,92.85,0.313,3.26,market
2026-06-26,AAPL,2026-07-31,35,240.0,283.78,15.43,put,0.3897,0.8,1.25,1.025,86,558,-0.0683,91.44,0.427,4.45,market
2026-06-26,AAPL,2026-07-31,35,245.0,283.78,13.67,put,0.3672,0.85,1.46,1.155,34,230,-0.0821,89.93,0.471,4.92,market
2026-06-26,AAPL,2026-07-31,35,250.0,283.78,11.9,put,0.365,1.18,2.07,1.625,203,186,-0.1112,86.59,0.65,6.78,market
2026-06-26,AAPL,2026-07-31,35,255.0,283.78,10.14,put,0.3825,1.9,3.3,2.6,262,376,-0.1581,81.17,1.02,10.63,market
2026-06-26,AAPL,2026-07-31,35,260.0,283.78,8.38,put,0.3596,2.45,3.85,3.15,522,674,-0.1882,78.03,1.212,12.63,market
2026-06-26,AAPL,2026-07-31,35,265.0,283.78,6.62,put,0.3747,3.15,5.6,4.375,72,508,-0.2453,71.68,1.651,17.22,market
2026-06-26,AAPL,2026-07-31,35,270.0,283.78,4.86,put,0.3511,3.8,6.5,5.15,453,553,-0.289,67.28,1.907,19.89,market
2026-06-26,AAPL,2026-07-31,35,275.0,283.78,3.09,put,0.3395,5.7,8.0,6.85,135,298,-0.3457,61.48,2.491,25.98,market
2026-06-26,AAPL,2026-07-31,35,280.0,283.78,1.33,put,0.3413,7.0,10.25,8.625,125,906,-0.4109,54.75,3.08,32.12,market
2026-06-26,AAPL,2026-07-31,35,285.0,283.78,0.0,put,0.3435,9.65,12.85,11.25,37,444,-0.4769,48.07,3.947,41.17,market
2026-06-26,AAPL,2026-07-31,35,290.0,283.78,0.0,put,0.335,12.4,15.4,13.9,52,514,-0.5442,41.5,4.793,49.99,market
2026-06-26,AAPL,2026-07-31,35,295.0,283.78,0.0,put,0.3272,15.05,18.3,16.675,54,604,-0.6121,34.97,5.653,58.95,market
2026-06-26,AAPL,2026-07-31,35,300.0,283.78,0.0,put,0.3375,18.7,22.1,20.4,29,502,-0.6678,29.52,6.8,70.91,market
2026-06-26,AAPL,2026-07-31,35,305.0,283.78,0.0,put,0.3436,22.8,26.0,24.4,16,252,-0.7188,24.64,8.0,83.43,market
2026-06-26,AAPL,2026-07-31,35,310.0,283.78,0.0,put,0.359,27.1,30.35,28.725,164,79,-0.7568,20.97,9.266,96.63,market
2026-06-26,AAPL,2026-07-31,35,315.0,283.78,0.0,put,0.3813,31.75,35.0,33.375,4,17,-0.7836,18.34,10.595,110.49,market
2026-06-26,AAPL,2026-07-31,35,320.0,283.78,0.0,put,0.4169,36.5,40.05,38.275,3,43,-0.7964,16.9,11.961,124.74,market
2026-06-26,AAPL,2026-07-31,35,325.0,283.78,0.0,put,0.4211,41.2,44.4,42.8,2,0,-0.8259,14.27,13.169,137.34,market
2026-06-26,AAPL,2026-07-31,35,330.0,283.78,0.0,put,0.4558,46.35,49.5,47.925,10,0,-0.8326,13.44,14.523,151.45,market
2026-06-26,AAPL,2026-07-31,35,340.0,283.78,0.0,put,0.5131,56.25,59.5,57.875,4,0,-0.848,11.76,17.022,177.52,market
2026-06-26,AAPL,2026-07-31,35,375.0,283.78,0.0,put,0.5689,91.2,94.2,92.7,0,0,-0.9288,5.02,24.72,257.79,market
2026-06-26,AAPL,2026-07-31,35,390.0,283.78,0.0,put,0.6309,106.2,109.25,107.725,16,0,-0.9339,4.45,27.622,288.06,market
2026-06-26,MSFT,2026-07-17,21,215.0,372.97,42.35,put,0.75,0.0,0.04,0.015,3,760,-0.0008,99.86,0.007,0.12,bs_fallback
2026-06-26,MSFT,2026-07-17,21,220.0,372.97,41.01,put,0.7344,0.0,0.05,0.018,31,290,-0.001,99.83,0.008,0.14,bs_fallback
2026-06-26,MSFT,2026-07-17,21,225.0,372.97,39.67,put,0.7148,0.01,0.05,0.03,3,232,-0.0011,99.8,0.013,0.23,market
2026-06-26,MSFT,2026-07-17,21,230.0,372.97,38.33,put,0.7285,0.01,0.1,0.055,4,192,-0.0021,99.65,0.024,0.42,market
2026-06-26,MSFT,2026-07-17,21,235.0,372.97,36.99,put,0.668,0.01,0.06,0.035,106,198,-0.0014,99.76,0.015,0.26,market
2026-06-26,MSFT,2026-07-17,21,240.0,372.97,35.65,put,0.7139,0.02,0.18,0.1,188,789,-0.0037,99.39,0.042,0.72,market
2026-06-26,MSFT,2026-07-17,21,245.0,372.97,34.31,put,0.7412,0.0,0.39,0.155,2,204,-0.0068,98.9,0.063,1.1,bs_fallback
2026-06-26,MSFT,2026-07-17,21,250.0,372.97,32.97,put,0.6367,0.0,0.16,0.06,36,298,-0.0033,99.48,0.024,0.42,bs_fallback
2026-06-26,MSFT,2026-07-17,21,255.0,372.97,31.63,put,0.71,0.02,0.53,0.275,79,1247,-0.0098,98.48,0.108,1.87,market
2026-06-26,MSFT,2026-07-17,21,260.0,372.97,30.29,put,0.625,0.0,0.3,0.117,5,274,-0.0062,99.06,0.045,0.78,bs_fallback
2026-06-26,MSFT,2026-07-17,21,265.0,372.97,28.95,put,0.7703,0.0,1.66,0.699,8,311,-0.0251,96.19,0.264,4.58,bs_fallback
2026-06-26,MSFT,2026-07-17,21,270.0,372.97,27.61,put,0.5664,0.0,0.3,0.117,8,195,-0.0068,99.01,0.043,0.75,bs_fallback
2026-06-26,MSFT,2026-07-17,21,275.0,372.97,26.27,put,0.502,0.0,0.17,0.065,36,181,-0.0045,99.37,0.024,0.41,bs_fallback
2026-06-26,MSFT,2026-07-17,21,280.0,372.97,24.93,put,0.5088,0.0,0.15,0.116,10,3072,-0.0075,98.96,0.041,0.72,bs_fallback
2026-06-26,MSFT,2026-07-17,21,285.0,372.97,23.59,put,0.5,0.01,0.2,0.105,3,264,-0.01,98.63,0.037,0.64,market
2026-06-26,MSFT,2026-07-17,21,290.0,372.97,22.25,put,0.4717,0.1,0.2,0.15,9,1206,-0.0106,98.58,0.052,0.9,market
2026-06-26,MSFT,2026-07-17,21,295.0,372.97,20.91,put,0.4927,0.0,0.4,0.324,28,622,-0.0193,97.44,0.11,1.91,bs_fallback
2026-06-26,MSFT,2026-07-17,21,300.0,372.97,19.56,put,0.4482,0.15,0.33,0.24,230,3660,-0.0176,97.71,0.08,1.39,market
2026-06-26,MSFT,2026-07-17,21,305.0,372.97,18.22,put,0.4463,0.2,0.48,0.34,80,743,-0.025,96.8,0.111,1.94,market
2026-06-26,MSFT,2026-07-17,21,310.0,372.97,16.88,put,0.4695,0.02,0.9,0.46,89,6147,-0.0424,94.65,0.148,2.58,market
2026-06-26,MSFT,2026-07-17,21,315.0,372.97,15.54,put,0.4224,0.25,0.77,0.51,125,368,-0.0404,95.0,0.162,2.81,market
2026-06-26,MSFT,2026-07-17,21,320.0,372.97,14.2,put,0.3767,0.48,0.65,0.565,307,2312,-0.0382,95.37,0.177,3.07,market
2026-06-26,MSFT,2026-07-17,21,325.0,372.97,12.86,put,0.3751,0.71,0.95,0.83,221,2058,-0.054,93.54,0.255,4.44,market
2026-06-26,MSFT,2026-07-17,21,330.0,372.97,11.52,put,0.3715,1.03,1.33,1.18,1770,4415,-0.0734,91.33,0.358,6.22,market
2026-06-26,MSFT,2026-07-17,21,335.0,372.97,10.18,put,0.3718,1.33,1.9,1.615,1140,2231,-0.1002,88.33,0.482,8.38,market
2026-06-26,MSFT,2026-07-17,21,340.0,372.97,8.84,put,0.3889,1.7,3.0,2.35,2245,7570,-0.1424,83.55,0.691,12.01,market
2026-06-26,MSFT,2026-07-17,21,345.0,372.97,7.5,put,0.3563,2.74,3.2,2.97,1957,3233,-0.1614,81.68,0.861,14.96,market
2026-06-26,MSFT,2026-07-17,21,350.0,372.97,6.16,put,0.3632,3.7,4.5,4.1,2747,13681,-0.21,76.4,1.171,20.36,market
2026-06-26,MSFT,2026-07-17,21,355.0,372.97,4.82,put,0.3651,4.85,5.95,5.4,1225,3308,-0.2609,70.98,1.521,26.44,market
2026-06-26,MSFT,2026-07-17,21,360.0,372.97,3.48,put,0.3765,6.35,8.0,7.175,2574,9010,-0.3195,64.75,1.993,34.64,market
2026-06-26,MSFT,2026-07-17,21,365.0,372.97,2.14,put,0.3655,7.95,9.6,8.775,742,4869,-0.3733,59.3,2.404,41.79,market
2026-06-26,MSFT,2026-07-17,21,370.0,372.97,0.8,put,0.3735,10.4,12.15,11.275,1803,11851,-0.434,53.05,3.047,52.96,market
2026-06-26,MSFT,2026-07-17,21,375.0,372.97,0.0,put,0.3854,12.65,15.15,13.9,700,5776,-0.4926,47.06,3.707,64.43,market
2026-06-26,MSFT,2026-07-17,21,380.0,372.97,0.0,put,0.3759,15.55,17.65,16.6,469,15906,-0.5518,41.28,4.368,75.93,market
2026-06-26,MSFT,2026-07-17,21,385.0,372.97,0.0,put,0.3837,18.1,21.05,19.575,760,3644,-0.6055,35.95,5.084,88.37,market
2026-06-26,MSFT,2026-07-17,21,390.0,372.97,0.0,put,0.383,21.55,24.4,22.975,473,9354,-0.6586,30.83,5.891,102.39,market
2026-06-26,MSFT,2026-07-17,21,395.0,372.97,0.0,put,0.3906,25.3,28.25,26.775,176,3226,-0.7036,26.48,6.778,117.82,market
2026-06-26,MSFT,2026-07-17,21,400.0,372.97,0.0,put,0.4108,29.5,32.65,31.075,404,10494,-0.7362,23.27,7.769,135.03,market
2026-06-26,MSFT,2026-07-17,21,405.0,372.97,0.0,put,0.4091,33.6,36.55,35.075,165,4708,-0.7768,19.51,8.66,150.53,market
2026-06-26,MSFT,2026-07-17,21,410.0,372.97,0.0,put,0.4418,38.15,41.5,39.825,290,5449,-0.7919,17.9,9.713,168.83,market
2026-06-26,MSFT,2026-07-17,21,415.0,372.97,0.0,put,0.4548,42.5,46.0,44.25,85,3162,-0.8154,15.7,10.663,185.33,market
2026-06-26,MSFT,2026-07-17,21,420.0,372.97,0.0,put,0.4646,47.35,50.5,48.925,776,17376,-0.8375,13.66,11.649,202.47,market
2026-06-26,MSFT,2026-07-17,21,425.0,372.97,0.0,put,0.4708,51.9,55.0,53.45,228,5930,-0.8587,11.75,12.576,218.59,market
2026-06-26,MSFT,2026-07-17,21,430.0,372.97,0.0,put,0.4989,56.7,60.0,58.35,405,806,-0.8654,11.03,13.57,235.86,market
2026-06-26,MSFT,2026-07-17,21,435.0,372.97,0.0,put,0.5132,61.55,64.75,63.15,272,1142,-0.878,9.89,14.517,252.32,market
2026-06-26,MSFT,2026-07-17,21,440.0,372.97,0.0,put,0.5254,66.6,69.5,68.05,133,294,-0.8898,8.82,15.466,268.81,market
2026-06-26,MSFT,2026-07-17,21,445.0,372.97,0.0,put,0.5508,71.5,74.5,73.0,59,358,-0.8941,8.37,16.404,285.13,market
2026-06-26,MSFT,2026-07-17,21,450.0,372.97,0.0,put,0.5754,76.4,79.5,77.95,62,941,-0.898,7.95,17.322,301.08,market
2026-06-26,MSFT,2026-07-17,21,455.0,372.97,0.0,put,0.5996,81.05,84.5,82.775,125,172,-0.9015,7.58,18.192,316.2,market
2026-06-26,MSFT,2026-07-17,21,460.0,372.97,0.0,put,0.5066,86.5,89.5,88.0,156,68,-0.9497,3.89,19.13,332.51,market
2026-06-26,MSFT,2026-07-17,21,465.0,372.97,0.0,put,0.527,91.5,94.5,93.0,57,29,-0.9514,3.71,20.0,347.62,market
2026-06-26,MSFT,2026-07-17,21,470.0,372.97,0.0,put,0.5469,96.5,99.5,98.0,453,107,-0.9531,3.54,20.851,362.41,market
2026-06-26,MSFT,2026-07-17,21,475.0,372.97,0.0,put,0.5667,101.5,104.5,103.0,148,33,-0.9545,3.39,21.684,376.89,market
2026-06-26,MSFT,2026-07-17,21,480.0,372.97,0.0,put,0.5859,106.5,109.5,108.0,82,21,-0.9558,3.25,22.5,391.07,market
2026-06-26,MSFT,2026-07-17,21,485.0,372.97,0.0,put,0.6047,111.5,114.5,113.0,1,7,-0.9571,3.12,23.299,404.96,market
2026-06-26,MSFT,2026-07-17,21,490.0,372.97,0.0,put,0.6235,116.5,119.5,118.0,8,3,-0.9582,3.0,24.082,418.56,market
2026-06-26,MSFT,2026-07-17,21,495.0,372.97,0.0,put,0.6418,121.5,124.5,123.0,101,23,-0.9593,2.89,24.848,431.89,market
2026-06-26,MSFT,2026-07-17,21,500.0,372.97,0.0,put,0.6504,126.5,129.35,127.925,50,13,-0.9627,2.63,25.585,444.69,market
2026-06-26,MSFT,2026-07-17,21,505.0,372.97,0.0,put,0.6775,131.5,134.5,133.0,1,0,-0.9613,2.69,26.337,457.76,market
2026-06-26,MSFT,2026-07-17,21,510.0,372.97,0.0,put,0.6951,136.5,139.5,138.0,3,3,-0.9622,2.6,27.059,470.31,market
2026-06-26,MSFT,2026-07-17,21,515.0,372.97,0.0,put,0.7124,141.5,144.5,143.0,4,0,-0.963,2.52,27.767,482.62,market
2026-06-26,MSFT,2026-07-17,21,520.0,372.97,0.0,put,0.7293,146.5,149.5,148.0,1,0,-0.9638,2.44,28.462,494.69,market
2026-06-26,MSFT,2026-07-17,21,525.0,372.97,0.0,put,0.7461,151.5,154.5,153.0,2,0,-0.9645,2.36,29.143,506.53,market
2026-06-26,MSFT,2026-07-17,21,530.0,372.97,0.0,put,0.7625,156.5,159.5,158.0,2,0,-0.9652,2.29,29.811,518.15,market
2026-06-26,MSFT,2026-07-17,21,535.0,372.97,0.0,put,0.7788,161.5,164.5,163.0,4,0,-0.9658,2.23,30.467,529.55,market
2026-06-26,MSFT,2026-07-17,21,540.0,372.97,0.0,put,0.7949,166.5,169.5,168.0,1,0,-0.9664,2.16,31.111,540.74,market
2026-06-26,MSFT,2026-07-17,21,545.0,372.97,0.0,put,0.8105,171.5,174.5,173.0,26,0,-0.967,2.1,31.743,551.73,market
2026-06-26,MSFT,2026-07-17,21,550.0,372.97,0.0,put,0.8262,176.5,179.5,178.0,75,0,-0.9676,2.04,32.364,562.51,market
2026-06-26,MSFT,2026-07-17,21,555.0,372.97,0.0,put,0.8416,181.5,184.5,183.0,10,0,-0.9681,1.99,32.973,573.1,market
2026-06-26,MSFT,2026-07-17,21,560.0,372.97,0.0,put,0.0,0.0,0.0,185.421,1,0,-1.0,0.0,33.111,575.5,bs_fallback
2026-06-26,MSFT,2026-07-17,21,565.0,372.97,0.0,put,0.0,151.3,155.2,153.25,1,0,-1.0,0.0,27.124,471.44,market
2026-06-26,MSFT,2026-07-17,21,570.0,372.97,0.0,put,0.0,0.0,0.0,195.393,1,0,-1.0,0.0,34.279,595.81,bs_fallback
2026-06-26,MSFT,2026-07-17,21,575.0,372.97,0.0,put,0.0,173.15,176.6,174.875,1,0,-1.0,0.0,30.413,528.61,market
2026-06-26,MSFT,2026-07-17,21,590.0,372.97,0.0,put,0.0,188.25,191.8,190.025,0,0,-1.0,0.0,32.208,559.8,market
2026-06-26,MSFT,2026-07-17,21,600.0,372.97,0.0,put,0.9722,226.5,229.5,228.0,1,0,-0.9719,1.61,38.0,660.48,market
2026-06-26,MSFT,2026-07-17,21,620.0,372.97,0.0,put,0.0,197.3,200.65,198.975,0,0,-1.0,0.0,32.093,557.8,market
2026-06-26,MSFT,2026-07-17,21,640.0,372.97,0.0,put,0.0,217.3,220.65,218.975,1,0,-1.0,0.0,34.215,594.69,market
2026-06-26,MSFT,2026-07-17,21,660.0,372.97,0.0,put,1.1265,286.5,289.5,288.0,1,0,-0.9754,1.27,43.636,758.44,market
2026-06-26,MSFT,2026-07-24,28,270.0,372.97,27.61,put,0.5103,0.0,0.39,0.157,4,16,-0.0086,98.75,0.058,0.76,bs_fallback
2026-06-26,MSFT,2026-07-24,28,280.0,372.97,24.93,put,0.5308,0.0,0.51,0.428,6,37,-0.0202,97.15,0.153,1.99,bs_fallback
2026-06-26,MSFT,2026-07-24,28,290.0,372.97,22.25,put,0.5147,0.01,0.8,0.405,31,58,-0.0312,95.74,0.14,1.82,market
2026-06-26,MSFT,2026-07-24,28,300.0,372.97,19.56,put,0.4211,0.0,0.52,0.431,60,131,-0.0251,96.72,0.144,1.87,bs_fallback
2026-06-26,MSFT,2026-07-24,28,305.0,372.97,18.22,put,0.4143,0.07,0.68,0.375,44,813,-0.0326,95.81,0.123,1.6,market
2026-06-26,MSFT,2026-07-24,28,310.0,372.97,16.88,put,0.5328,0.0,2.68,2.379,15,178,-0.0881,88.59,0.768,10.01,bs_fallback
2026-06-26,MSFT,2026-07-24,28,315.0,372.97,15.54,put,0.3897,0.6,1.01,0.805,75,95,-0.049,93.9,0.256,3.33,market
2026-06-26,MSFT,2026-07-24,28,320.0,372.97,14.2,put,0.4143,0.87,1.79,1.33,93,181,-0.077,90.51,0.416,5.42,market
2026-06-26,MSFT,2026-07-24,28,325.0,372.97,12.86,put,0.3937,0.95,1.99,1.47,49,385,-0.0881,89.31,0.452,5.9,market
2026-06-26,MSFT,2026-07-24,28,330.0,372.97,11.52,put,0.3738,1.4,2.24,1.82,126,437,-0.1018,87.85,0.552,7.19,market
2026-06-26,MSFT,2026-07-24,28,335.0,372.97,10.18,put,0.3743,1.53,3.0,2.265,61,454,-0.1304,84.64,0.676,8.81,market
2026-06-26,MSFT,2026-07-24,28,340.0,372.97,8.84,put,0.3677,2.53,3.75,3.14,142,864,-0.1593,81.48,0.924,12.04,market
2026-06-26,MSFT,2026-07-24,28,345.0,372.97,7.5,put,0.4154,2.9,6.35,4.625,197,2183,-0.2211,74.32,1.341,17.48,market
2026-06-26,MSFT,2026-07-24,28,350.0,372.97,6.16,put,0.3669,4.95,6.15,5.55,766,9743,-0.2376,72.98,1.586,20.67,market
2026-06-26,MSFT,2026-07-24,28,355.0,372.97,4.82,put,0.3805,6.45,8.2,7.325,307,827,-0.2885,67.45,2.063,26.9,market
2026-06-26,MSFT,2026-07-24,28,360.0,372.97,3.48,put,0.3707,7.15,9.65,8.4,110,655,-0.3323,62.96,2.333,30.42,market
2026-06-26,MSFT,2026-07-24,28,365.0,372.97,2.14,put,0.3864,9.0,12.35,10.675,89,839,-0.3854,57.31,2.925,38.12,market
2026-06-26,MSFT,2026-07-24,28,370.0,372.97,0.8,put,0.383,11.25,14.55,12.9,873,753,-0.4346,52.33,3.486,45.45,market
2026-06-26,MSFT,2026-07-24,28,375.0,372.97,0.0,put,0.381,13.55,17.05,15.3,303,872,-0.485,47.3,4.08,53.19,market
2026-06-26,MSFT,2026-07-24,28,380.0,372.97,0.0,put,0.3791,16.6,19.8,18.2,29,876,-0.5354,42.32,4.789,62.43,market
2026-06-26,MSFT,2026-07-24,28,385.0,372.97,0.0,put,0.3897,19.55,23.3,21.425,32,568,-0.5811,37.73,5.565,72.54,market
2026-06-26,MSFT,2026-07-24,28,390.0,372.97,0.0,put,0.38,23.0,26.2,24.6,26,456,-0.6312,32.98,6.308,82.23,market
2026-06-26,MSFT,2026-07-24,28,395.0,372.97,0.0,put,0.3944,26.55,30.25,28.4,60,640,-0.6684,29.29,7.19,93.73,market
2026-06-26,MSFT,2026-07-24,28,400.0,372.97,0.0,put,0.3965,30.5,34.0,32.25,32,427,-0.7079,25.56,8.062,105.1,market
2026-06-26,MSFT,2026-07-24,28,405.0,372.97,0.0,put,0.4011,34.75,38.0,36.375,97,227,-0.7427,22.28,8.981,117.08,market
2026-06-26,MSFT,2026-07-24,28,410.0,372.97,0.0,put,0.4156,38.9,42.45,40.675,23,284,-0.7678,19.86,9.921,129.32,market
2026-06-26,MSFT,2026-07-24,28,415.0,372.97,0.0,put,0.4137,43.3,46.5,44.9,13,171,-0.7999,16.96,10.819,141.04,market
2026-06-26,MSFT,2026-07-24,28,420.0,372.97,0.0,put,0.4236,48.05,51.0,49.525,34,262,-0.8214,14.96,11.792,153.71,market
2026-06-26,MSFT,2026-07-24,28,425.0,372.97,0.0,put,0.4482,52.4,55.95,54.175,1,30,-0.8312,13.94,12.747,166.17,market
2026-06-26,MSFT,2026-07-24,28,430.0,372.97,0.0,put,0.4558,57.1,60.5,58.8,5,145,-0.8494,12.3,13.674,178.26,market
2026-06-26,MSFT,2026-07-24,28,435.0,372.97,0.0,put,0.4584,62.15,65.0,63.575,7,31,-0.8682,10.66,14.615,190.52,market
2026-06-26,MSFT,2026-07-24,28,440.0,372.97,0.0,put,0.4817,66.7,70.0,68.35,7,4,-0.8736,10.08,15.534,202.5,market
2026-06-26,MSFT,2026-07-24,28,445.0,372.97,0.0,put,0.5043,71.5,75.0,73.25,8,0,-0.8784,9.57,16.461,214.58,market
2026-06-26,MSFT,2026-07-24,28,450.0,372.97,0.0,put,0.5265,76.7,80.0,78.35,12,1,-0.8826,9.11,17.411,226.97,market
2026-06-26,MSFT,2026-07-24,28,455.0,372.97,0.0,put,0.5481,81.6,85.0,83.3,1,0,-0.8865,8.69,18.308,238.65,market
2026-06-26,MSFT,2026-07-24,28,460.0,372.97,0.0,put,0.5429,86.3,89.5,87.9,1,0,-0.9022,7.43,19.109,249.1,market
2026-06-26,MSFT,2026-07-24,28,465.0,372.97,0.0,put,0.563,91.5,94.5,93.0,0,0,-0.9052,7.11,20.0,260.71,market
2026-06-26,MSFT,2026-07-24,28,470.0,372.97,0.0,put,0.5828,96.5,99.5,98.0,10,0,-0.9079,6.82,20.851,271.81,market
2026-06-26,MSFT,2026-07-24,28,475.0,372.97,0.0,put,0.6022,101.5,104.5,103.0,5,0,-0.9104,6.55,21.684,282.67,market
2026-06-26,MSFT,2026-07-24,28,480.0,372.97,0.0,put,0.5104,106.5,109.5,108.0,1,0,-0.9542,3.38,22.5,293.3,market
2026-06-26,MSFT,2026-07-24,28,485.0,372.97,0.0,put,0.5269,111.5,114.5,113.0,100,0,-0.9555,3.24,23.299,303.72,market
2026-06-26,MSFT,2026-07-24,28,495.0,372.97,0.0,put,0.5591,121.5,124.5,123.0,0,0,-0.9578,3.0,24.848,323.92,market
2026-06-26,MSFT,2026-07-24,28,500.0,372.97,0.0,put,0.5747,126.5,129.5,128.0,1,0,-0.9589,2.89,25.6,333.71,market
2026-06-26,MSFT,2026-07-24,28,515.0,372.97,0.0,put,0.6206,141.5,144.5,143.0,0,0,-0.9615,2.61,27.767,361.96,market
2026-06-26,MSFT,2026-07-31,35,270.0,372.97,27.61,put,0.5078,0.0,0.8,0.335,48,52,-0.0152,97.76,0.124,1.29,bs_fallback
2026-06-26,MSFT,2026-07-31,35,280.0,372.97,24.93,put,0.5302,0.0,0.93,0.801,23,70,-0.0316,95.48,0.286,2.98,bs_fallback
2026-06-26,MSFT,2026-07-31,35,290.0,372.97,22.25,put,0.5007,0.8,1.2,1.0,49,202,-0.0417,94.25,0.345,3.6,market
2026-06-26,MSFT,2026-07-31,35,300.0,372.97,19.56,put,0.4982,1.24,1.95,1.595,146,625,-0.0643,91.39,0.532,5.54,market
2026-06-26,MSFT,2026-07-31,35,305.0,372.97,18.22,put,0.4714,1.6,2.0,1.8,11,214,-0.0689,90.95,0.59,6.15,market
2026-06-26,MSFT,2026-07-31,35,310.0,372.97,16.88,put,0.4793,1.95,2.7,2.325,47,238,-0.0881,88.57,0.75,7.82,market
2026-06-26,MSFT,2026-07-31,35,315.0,372.97,15.54,put,0.4599,2.32,2.95,2.635,54,493,-0.0983,87.46,0.837,8.72,market
2026-06-26,MSFT,2026-07-31,35,320.0,372.97,14.2,put,0.4602,2.62,3.7,3.16,99,585,-0.119,85.02,0.988,10.3,market
2026-06-26,MSFT,2026-07-31,35,325.0,372.97,12.86,put,0.5028,3.35,5.8,4.575,67,275,-0.1604,79.87,1.408,14.68,market
2026-06-26,MSFT,2026-07-31,35,330.0,372.97,11.52,put,0.47,4.1,5.9,5.0,149,983,-0.1719,78.85,1.515,15.8,market
2026-06-26,MSFT,2026-07-31,35,335.0,372.97,10.18,put,0.458,4.8,6.7,5.75,126,515,-0.1944,76.42,1.716,17.9,market
2026-06-26,MSFT,2026-07-31,35,340.0,372.97,8.84,put,0.4347,5.95,7.2,6.575,235,1251,-0.2146,74.4,1.934,20.17,market
2026-06-26,MSFT,2026-07-31,35,345.0,372.97,7.5,put,0.4531,7.05,9.35,8.2,89,671,-0.2547,69.83,2.377,24.79,market
2026-06-26,MSFT,2026-07-31,35,350.0,372.97,6.16,put,0.4279,8.45,10.0,9.225,246,1321,-0.2802,67.35,2.636,27.49,market
2026-06-26,MSFT,2026-07-31,35,355.0,372.97,4.82,put,0.4359,9.6,12.15,10.875,168,613,-0.3196,63.08,3.063,31.95,market
2026-06-26,MSFT,2026-07-31,35,360.0,372.97,3.48,put,0.4511,12.45,14.85,13.65,736,1370,-0.3603,58.62,3.792,39.54,market
2026-06-26,MSFT,2026-07-31,35,365.0,372.97,2.14,put,0.4271,13.15,16.0,14.575,114,713,-0.3952,55.31,3.993,41.64,market
2026-06-26,MSFT,2026-07-31,35,370.0,372.97,0.8,put,0.4312,16.65,18.6,17.625,212,671,-0.4354,51.16,4.764,49.68,market
2026-06-26,MSFT,2026-07-31,35,375.0,372.97,0.0,put,0.4383,18.55,21.55,20.05,153,782,-0.4748,47.11,5.347,55.76,market
2026-06-26,MSFT,2026-07-31,35,380.0,372.97,0.0,put,0.4359,20.9,24.25,22.575,59,1242,-0.5141,43.24,5.941,61.95,market
2026-06-26,MSFT,2026-07-31,35,385.0,372.97,0.0,put,0.437,24.0,27.3,25.65,92,810,-0.5523,39.48,6.662,69.48,market
2026-06-26,MSFT,2026-07-31,35,390.0,372.97,0.0,put,0.4364,27.2,30.45,28.825,57,824,-0.5899,35.85,7.391,77.08,market
2026-06-26,MSFT,2026-07-31,35,395.0,372.97,0.0,put,0.4352,30.45,33.75,32.1,28,187,-0.6266,32.36,8.127,84.75,market
2026-06-26,MSFT,2026-07-31,35,400.0,372.97,0.0,put,0.4407,34.1,37.5,35.8,38,1039,-0.6588,29.26,8.95,93.34,market
2026-06-26,MSFT,2026-07-31,35,405.0,372.97,0.0,put,0.4491,37.65,41.5,39.575,4,150,-0.6874,26.52,9.772,101.9,market
2026-06-26,MSFT,2026-07-31,35,410.0,372.97,0.0,put,0.4545,41.7,45.5,43.6,7,207,-0.715,23.92,10.634,110.9,market
2026-06-26,MSFT,2026-07-31,35,415.0,372.97,0.0,put,0.457,45.95,49.5,47.725,13,90,-0.7421,21.44,11.5,119.93,market
2026-06-26,MSFT,2026-07-31,35,420.0,372.97,0.0,put,0.455,50.0,53.45,51.725,37,236,-0.7699,18.96,12.315,128.43,market
2026-06-26,MSFT,2026-07-31,35,425.0,372.97,0.0,put,0.4554,54.5,57.6,56.05,6,81,-0.7943,16.79,13.188,137.53,market
2026-06-26,MSFT,2026-07-31,35,430.0,372.97,0.0,put,0.4607,58.85,62.0,60.425,19,140,-0.8139,15.03,14.052,146.55,market
2026-06-26,MSFT,2026-07-31,35,435.0,372.97,0.0,put,0.467,63.4,66.5,64.95,10,176,-0.831,13.5,14.931,155.71,market
2026-06-26,MSFT,2026-07-31,35,440.0,372.97,0.0,put,0.4858,67.7,71.4,69.55,3,47,-0.8393,12.67,15.807,164.84,market
2026-06-26,MSFT,2026-07-31,35,445.0,372.97,0.0,put,0.4926,72.5,76.0,74.25,35,22,-0.8531,11.46,16.685,174.0,market
2026-06-26,MSFT,2026-07-31,35,450.0,372.97,0.0,put,0.4935,77.45,80.5,78.975,2,52,-0.8688,10.14,17.55,183.02,market
2026-06-26,MSFT,2026-07-31,35,455.0,372.97,0.0,put,0.5134,82.35,85.5,83.925,5,13,-0.873,9.68,18.445,192.36,market
2026-06-26,MSFT,2026-07-31,35,460.0,372.97,0.0,put,0.5109,86.85,90.0,88.425,11,45,-0.888,8.47,19.223,200.47,market
2026-06-26,MSFT,2026-07-31,35,465.0,372.97,0.0,put,0.5295,91.85,95.0,93.425,24,24,-0.8913,8.11,20.091,209.52,market
2026-06-26,MSFT,2026-07-31,35,470.0,372.97,0.0,put,0.5477,96.9,100.0,98.45,1,14,-0.8944,7.78,20.947,218.45,market
2026-06-26,MSFT,2026-07-31,35,475.0,372.97,0.0,put,0.5405,101.8,104.5,103.15,1,3,-0.9087,6.68,21.716,226.46,market
2026-06-26,MSFT,2026-07-31,35,480.0,372.97,0.0,put,0.5575,106.7,109.5,108.1,1,0,-0.9111,6.43,22.521,234.86,market
2026-06-26,MSFT,2026-07-31,35,530.0,372.97,0.0,put,0.5962,156.5,159.5,158.0,0,0,-0.9629,2.44,29.811,310.89,market
2026-06-26,MSFT,2026-07-31,35,540.0,372.97,0.0,put,0.6216,166.5,169.5,168.0,0,0,-0.9642,2.31,31.111,324.44,market
2026-06-26,MSFT,2026-07-31,35,550.0,372.97,0.0,put,0.6461,176.5,179.5,178.0,1,0,-0.9654,2.18,32.364,337.51,market
2026-06-26,GOOGL,2026-07-17,21,150.0,337.39,55.54,put,0.9688,0.0,0.01,0.003,4,861,-0.0001,99.96,0.002,0.04,bs_fallback
2026-06-26,GOOGL,2026-07-17,21,155.0,337.39,54.06,put,1.6802,0.0,2.13,0.909,1,39,-0.0162,95.87,0.586,10.19,bs_fallback
2026-06-26,GOOGL,2026-07-17,21,160.0,337.39,52.58,put,1.3262,0.0,0.56,0.228,1,140,-0.006,98.59,0.142,2.47,bs_fallback
2026-06-26,GOOGL,2026-07-17,21,165.0,337.39,51.1,put,1.5586,0.0,2.13,0.909,1,40,-0.0175,95.85,0.551,9.58,bs_fallback
2026-06-26,GOOGL,2026-07-17,21,170.0,337.39,49.61,put,1.5005,0.0,2.13,0.91,2,133,-0.0182,95.84,0.535,9.3,bs_fallback
2026-06-26,GOOGL,2026-07-17,21,175.0,337.39,48.13,put,1.4439,0.0,2.13,0.909,18,236,-0.0189,95.82,0.52,9.03,bs_fallback
2026-06-26,GOOGL,2026-07-17,21,180.0,337.39,46.65,put,0.8711,0.0,0.05,0.018,4,5880,-0.0009,99.82,0.01,0.18,bs_fallback
2026-06-26,GOOGL,2026-07-17,21,185.0,337.39,45.17,put,1.3355,0.0,2.13,0.91,2,295,-0.0204,95.77,0.492,8.55,bs_fallback
2026-06-26,GOOGL,2026-07-17,21,190.0,337.39,43.69,put,1.2832,0.0,2.13,0.91,11,250,-0.0212,95.74,0.479,8.32,bs_fallback
2026-06-26,GOOGL,2026-07-17,21,195.0,337.39,42.2,put,0.75,0.0,0.04,0.014,4,852,-0.0008,99.85,0.007,0.12,bs_fallback
2026-06-26,GOOGL,2026-07-17,21,200.0,337.39,40.72,put,0.7031,0.0,0.03,0.011,4,528,-0.0007,99.88,0.005,0.1,bs_fallback
2026-06-26,GOOGL,2026-07-17,21,205.0,337.39,39.24,put,1.135,0.0,2.14,0.914,4,169,-0.024,95.59,0.446,7.75,bs_fallback
2026-06-26,GOOGL,2026-07-17,21,210.0,337.39,37.76,put,1.0874,0.0,2.14,0.914,2,777,-0.025,95.53,0.435,7.57,bs_fallback
2026-06-26,GOOGL,2026-07-17,21,215.0,337.39,36.28,put,0.6836,0.0,0.1,0.038,4,438,-0.0022,99.64,0.017,0.3,bs_fallback
2026-06-26,GOOGL,2026-07-17,21,220.0,337.39,34.79,put,0.7461,0.01,0.32,0.165,2,2284,-0.0063,98.97,0.075,1.3,market
2026-06-26,GOOGL,2026-07-17,21,225.0,337.39,33.31,put,0.7168,0.01,0.34,0.175,2,2146,-0.007,98.89,0.078,1.35,market
2026-06-26,GOOGL,2026-07-17,21,230.0,337.39,31.83,put,0.5938,0.01,0.1,0.055,40,1328,-0.0027,99.58,0.024,0.42,market
2026-06-26,GOOGL,2026-07-17,21,235.0,337.39,30.35,put,0.5645,0.01,0.1,0.055,2,1484,-0.0029,99.57,0.023,0.41,market
2026-06-26,GOOGL,2026-07-17,21,240.0,337.39,28.87,put,0.6035,0.02,0.29,0.155,154,1989,-0.0072,98.93,0.065,1.12,market
2026-06-26,GOOGL,2026-07-17,21,245.0,337.39,27.38,put,0.5264,0.01,0.15,0.08,2,1726,-0.0044,99.37,0.033,0.57,market
2026-06-26,GOOGL,2026-07-17,21,250.0,337.39,25.9,put,0.5244,0.01,0.24,0.125,8,2898,-0.0068,99.04,0.05,0.87,market
2026-06-26,GOOGL,2026-07-17,21,255.0,337.39,24.42,put,0.5391,0.02,0.24,0.13,4,818,-0.0122,98.31,0.051,0.89,market
2026-06-26,GOOGL,2026-07-17,21,260.0,337.39,22.94,put,0.4893,0.09,0.19,0.14,17,3402,-0.0106,98.56,0.054,0.94,market
2026-06-26,GOOGL,2026-07-17,21,265.0,337.39,21.46,put,0.4902,0.08,0.3,0.19,1,4056,-0.0163,97.83,0.072,1.25,market
2026-06-26,GOOGL,2026-07-17,21,270.0,337.39,19.97,put,0.4985,0.08,0.5,0.29,8,3329,-0.0258,96.62,0.107,1.87,market
2026-06-26,GOOGL,2026-07-17,21,275.0,337.39,18.49,put,0.4673,0.02,0.52,0.27,25,6407,-0.0283,96.36,0.098,1.71,market
2026-06-26,GOOGL,2026-07-17,21,280.0,337.39,17.01,put,0.4356,0.11,0.54,0.325,6,6534,-0.0311,96.08,0.116,2.02,market
2026-06-26,GOOGL,2026-07-17,21,285.0,337.39,15.53,put,0.4321,0.27,0.78,0.525,1,2118,-0.0439,94.56,0.184,3.2,market
2026-06-26,GOOGL,2026-07-17,21,290.0,337.39,14.05,put,0.3904,0.44,0.73,0.585,72,4723,-0.0451,94.52,0.202,3.51,market
2026-06-26,GOOGL,2026-07-17,21,295.0,337.39,12.56,put,0.3838,0.68,1.03,0.855,67,1665,-0.0623,92.56,0.29,5.04,market
2026-06-26,GOOGL,2026-07-17,21,300.0,337.39,11.08,put,0.3644,1.0,1.26,1.13,1438,6587,-0.0777,90.87,0.377,6.55,market
2026-06-26,GOOGL,2026-07-17,21,305.0,337.39,9.6,put,0.3601,1.35,1.79,1.57,1110,4248,-0.1066,87.67,0.515,8.95,market
2026-06-26,GOOGL,2026-07-17,21,310.0,337.39,8.12,put,0.3433,1.84,2.25,2.045,1033,5676,-0.1347,84.66,0.66,11.47,market
2026-06-26,GOOGL,2026-07-17,21,315.0,337.39,6.64,put,0.336,2.54,3.05,2.795,311,7162,-0.1767,80.16,0.887,15.42,market
2026-06-26,GOOGL,2026-07-17,21,320.0,337.39,5.15,put,0.3448,3.5,4.5,4.0,2156,10187,-0.237,73.67,1.25,21.73,market
2026-06-26,GOOGL,2026-07-17,21,325.0,337.39,3.67,put,0.3513,5.0,6.25,5.625,911,4684,-0.3014,66.86,1.731,30.08,market
2026-06-26,GOOGL,2026-07-17,21,330.0,337.39,2.19,put,0.3463,6.6,8.0,7.3,1122,7898,-0.3659,60.25,2.212,38.45,market
2026-06-26,GOOGL,2026-07-17,21,335.0,337.39,0.71,put,0.345,8.25,10.2,9.225,1194,5180,-0.4356,53.16,2.754,47.86,market
2026-06-26,GOOGL,2026-07-17,21,340.0,337.39,0.0,put,0.3377,10.85,12.55,11.7,1989,13303,-0.5076,46.01,3.441,59.81,market
2026-06-26,GOOGL,2026-07-17,21,345.0,337.39,0.0,put,0.3612,13.65,16.25,14.95,315,8501,-0.5718,39.45,4.333,75.32,market
2026-06-26,GOOGL,2026-07-17,21,350.0,337.39,0.0,put,0.3682,16.85,19.7,18.275,398,7867,-0.6326,33.47,5.221,90.75,market
2026-06-26,GOOGL,2026-07-17,21,355.0,337.39,0.0,put,0.3434,20.0,22.5,21.25,147,3289,-0.706,26.63,5.986,104.04,market
2026-06-26,GOOGL,2026-07-17,21,360.0,337.39,0.0,put,0.3361,23.95,26.15,25.05,214,6418,-0.7669,20.92,6.958,120.94,market
2026-06-26,GOOGL,2026-07-17,21,365.0,337.39,0.0,put,0.3652,28.35,30.9,29.625,82,2857,-0.7942,18.17,8.116,141.07,market
2026-06-26,GOOGL,2026-07-17,21,370.0,337.39,0.0,put,0.4157,32.8,36.2,34.5,158,7167,-0.8014,17.2,9.324,162.07,market
2026-06-26,GOOGL,2026-07-17,21,375.0,337.39,0.0,put,0.386,37.3,39.85,38.575,78,3187,-0.8564,12.37,10.287,178.79,market
2026-06-26,GOOGL,2026-07-17,21,380.0,337.39,0.0,put,0.4038,42.1,44.6,43.35,44,2770,-0.8749,10.63,11.408,198.28,market
2026-06-26,GOOGL,2026-07-17,21,385.0,337.39,0.0,put,0.4154,46.8,49.3,48.05,5,2228,-0.8936,8.92,12.481,216.92,market
2026-06-26,GOOGL,2026-07-17,21,390.0,337.39,0.0,put,0.4911,51.55,55.05,53.3,13,1258,-0.8743,10.3,13.667,237.54,market
2026-06-26,GOOGL,2026-07-17,21,395.0,337.39,0.0,put,0.5411,56.6,60.4,58.5,40,804,-0.8702,10.43,14.81,257.41,market
2026-06-26,GOOGL,2026-07-17,21,400.0,337.39,0.0,put,0.5763,61.5,65.5,63.5,42,161,-0.8732,10.03,15.875,275.92,market
2026-06-26,GOOGL,2026-07-17,21,405.0,337.39,0.0,put,0.5961,66.75,70.35,68.55,275,64,-0.8822,9.2,16.926,294.19,market
2026-06-26,GOOGL,2026-07-17,21,410.0,337.39,0.0,put,0.63,71.65,75.45,73.55,16,11,-0.884,8.91,17.939,311.8,market
2026-06-26,GOOGL,2026-07-17,21,415.0,337.39,0.0,put,0.5083,76.75,80.35,78.55,4,0,-0.9467,4.13,18.928,328.98,market
2026-06-26,GOOGL,2026-07-17,21,420.0,337.39,0.0,put,0.5137,81.45,85.35,83.4,4,2,-0.9547,3.47,19.857,345.14,market
2026-06-26,GOOGL,2026-07-17,21,425.0,337.39,0.0,put,0.5477,86.65,90.35,88.5,1,0,-0.9525,3.59,20.824,361.93,market
2026-06-26,GOOGL,2026-07-17,21,430.0,337.39,0.0,put,0.5601,91.5,95.35,93.425,2,0,-0.957,3.21,21.727,377.63,market
2026-06-26,GOOGL,2026-07-17,21,435.0,337.39,0.0,put,0.5877,96.6,100.35,98.475,1,0,-0.9565,3.2,22.638,393.47,market
2026-06-26,GOOGL,2026-07-17,21,440.0,337.39,0.0,put,0.6179,101.65,105.45,103.55,14,0,-0.9552,3.24,23.534,409.04,market
2026-06-26,GOOGL,2026-07-17,21,445.0,337.39,0.0,put,0.6355,106.6,110.45,108.525,4,0,-0.9574,3.05,24.388,423.88,market
2026-06-26,GOOGL,2026-07-17,21,450.0,337.39,0.0,put,0.6421,111.5,115.35,113.425,3,1,-0.962,2.69,25.206,438.1,market
2026-06-26,GOOGL,2026-07-17,21,455.0,337.39,0.0,put,0.6687,116.6,120.35,118.475,229,0,-0.9613,2.7,26.038,452.57,market
2026-06-26,GOOGL,2026-07-17,21,460.0,337.39,0.0,put,0.6699,121.35,125.35,123.35,10,0,-0.9664,2.32,26.815,466.07,market
2026-06-26,GOOGL,2026-07-17,21,470.0,337.39,0.0,put,0.7261,131.6,135.35,133.475,24,0,-0.9641,2.42,28.399,493.6,market
2026-06-26,GOOGL,2026-07-17,21,480.0,337.39,0.0,put,0.7549,141.5,145.35,143.425,24,0,-0.9672,2.16,29.88,519.35,market
2026-06-26,GOOGL,2026-07-17,21,490.0,337.39,0.0,put,1.455,161.65,165.55,163.6,2,0,-0.8123,10.83,33.388,580.31,market
2026-06-26,GOOGL,2026-07-17,21,495.0,337.39,0.0,put,0.0,121.3,124.75,123.025,20,0,-1.0,0.0,24.854,431.98,market
2026-06-26,GOOGL,2026-07-17,21,500.0,337.39,0.0,put,0.8367,161.6,165.4,163.5,0,0,-0.9675,2.04,32.7,568.36,market
2026-06-26,GOOGL,2026-07-17,21,505.0,337.39,0.0,put,0.8413,166.5,170.35,168.425,0,0,-0.9702,1.85,33.351,579.68,market
2026-06-26,GOOGL,2026-07-17,21,800.0,337.39,0.0,put,1.5845,461.6,465.45,463.525,0,0,-0.981,0.71,57.941,1007.06,market
2026-06-26,GOOGL,2026-07-24,28,230.0,337.39,31.83,put,0.5684,0.0,0.25,0.099,2,29,-0.0056,99.13,0.043,0.56,bs_fallback
2026-06-26,GOOGL,2026-07-24,28,235.0,337.39,30.35,put,0.6226,0.0,0.71,0.296,9,37,-0.0137,97.9,0.126,1.64,bs_fallback
2026-06-26,GOOGL,2026-07-24,28,240.0,337.39,28.87,put,0.6902,0.0,1.78,0.769,14,25,-0.0289,95.6,0.32,4.18,bs_fallback
2026-06-26,GOOGL,2026-07-24,28,245.0,337.39,27.38,put,0.5356,0.0,0.53,0.218,26,12,-0.012,98.25,0.089,1.16,bs_fallback
2026-06-26,GOOGL,2026-07-24,28,250.0,337.39,25.9,put,0.5068,0.0,0.27,0.22,8,13,-0.0128,98.18,0.088,1.15,bs_fallback
2026-06-26,GOOGL,2026-07-24,28,255.0,337.39,24.42,put,0.5037,0.0,0.76,0.315,13,55,-0.0177,97.53,0.124,1.61,bs_fallback
2026-06-26,GOOGL,2026-07-24,28,260.0,337.39,22.94,put,0.5007,0.01,0.53,0.27,5,197,-0.0241,96.69,0.104,1.35,market
2026-06-26,GOOGL,2026-07-24,28,265.0,337.39,21.46,put,0.5337,0.01,1.03,0.52,2,14,-0.0415,94.36,0.196,2.56,market
2026-06-26,GOOGL,2026-07-24,28,270.0,337.39,19.97,put,0.4263,0.03,0.45,0.24,8,34,-0.0239,96.86,0.089,1.16,market
2026-06-26,GOOGL,2026-07-24,28,275.0,337.39,18.49,put,0.4498,0.13,0.87,0.5,9,54,-0.0414,94.63,0.182,2.37,market
2026-06-26,GOOGL,2026-07-24,28,280.0,337.39,17.01,put,0.4385,0.34,1.09,0.715,18,194,-0.0518,93.4,0.255,3.33,market
2026-06-26,GOOGL,2026-07-24,28,285.0,337.39,15.53,put,0.4432,0.44,1.58,1.01,4,18,-0.0712,91.06,0.354,4.62,market
2026-06-26,GOOGL,2026-07-24,28,290.0,337.39,14.05,put,0.3955,0.37,1.4,0.885,8,242,-0.0706,91.34,0.305,3.98,market
2026-06-26,GOOGL,2026-07-24,28,295.0,337.39,12.56,put,0.3982,0.81,2.0,1.405,3,271,-0.0956,88.43,0.476,6.21,market
2026-06-26,GOOGL,2026-07-24,28,300.0,337.39,11.08,put,0.3875,1.29,2.5,1.895,73,213,-0.1182,85.92,0.632,8.23,market
2026-06-26,GOOGL,2026-07-24,28,305.0,337.39,9.6,put,0.3718,1.61,3.0,2.305,55,269,-0.1426,83.3,0.756,9.85,market
2026-06-26,GOOGL,2026-07-24,28,310.0,337.39,8.12,put,0.3937,2.06,4.6,3.33,150,290,-0.1932,77.55,1.074,14.0,market
2026-06-26,GOOGL,2026-07-24,28,315.0,337.39,6.64,put,0.3648,3.15,5.05,4.1,109,209,-0.2212,74.77,1.302,16.97,market
2026-06-26,GOOGL,2026-07-24,28,320.0,337.39,5.15,put,0.364,4.4,6.5,5.45,64,322,-0.2698,69.59,1.703,22.2,market
2026-06-26,GOOGL,2026-07-24,28,325.0,337.39,3.67,put,0.3656,6.2,8.3,7.25,49,338,-0.3235,63.94,2.231,29.08,market
2026-06-26,GOOGL,2026-07-24,28,330.0,337.39,2.19,put,0.3552,7.85,9.95,8.9,80,389,-0.377,58.51,2.697,35.16,market
2026-06-26,GOOGL,2026-07-24,28,335.0,337.39,0.71,put,0.3709,9.65,12.85,11.25,48,709,-0.4373,52.2,3.358,43.78,market
2026-06-26,GOOGL,2026-07-24,28,340.0,337.39,0.0,put,0.3706,12.4,15.45,13.925,295,336,-0.4946,46.45,4.096,53.39,market
2026-06-26,GOOGL,2026-07-24,28,345.0,337.39,0.0,put,0.3856,15.35,18.9,17.125,35,234,-0.5476,41.05,4.964,64.71,market
2026-06-26,GOOGL,2026-07-24,28,350.0,337.39,0.0,put,0.3528,18.2,20.85,19.525,19,398,-0.6131,35.01,5.579,72.72,market
2026-06-26,GOOGL,2026-07-24,28,355.0,337.39,0.0,put,0.3793,21.75,25.2,23.475,15,251,-0.6537,30.84,6.613,86.2,market
2026-06-26,GOOGL,2026-07-24,28,360.0,337.39,0.0,put,0.3803,25.65,28.85,27.25,4,257,-0.7008,26.37,7.569,98.67,market
2026-06-26,GOOGL,2026-07-24,28,365.0,337.39,0.0,put,0.3926,29.65,33.05,31.35,3,187,-0.7369,22.89,8.589,111.96,market
2026-06-26,GOOGL,2026-07-24,28,370.0,337.39,0.0,put,0.4039,33.65,37.35,35.5,12,149,-0.7687,19.87,9.595,125.07,market
2026-06-26,GOOGL,2026-07-24,28,375.0,337.39,0.0,put,0.411,38.05,41.65,39.85,3,57,-0.7989,17.06,10.627,138.53,market
2026-06-26,GOOGL,2026-07-24,28,380.0,337.39,0.0,put,0.43,42.5,46.35,44.425,9,55,-0.8178,15.25,11.691,152.4,market
2026-06-26,GOOGL,2026-07-24,28,385.0,337.39,0.0,put,0.4446,47.25,51.0,49.125,12,43,-0.8362,13.52,12.76,166.33,market
2026-06-26,GOOGL,2026-07-24,28,390.0,337.39,0.0,put,0.4659,52.05,55.85,53.95,3,71,-0.8482,12.35,13.833,180.33,market
2026-06-26,GOOGL,2026-07-24,28,395.0,337.39,0.0,put,0.4762,56.85,60.5,58.675,2,455,-0.8644,10.9,14.854,193.64,market
2026-06-26,GOOGL,2026-07-24,28,400.0,337.39,0.0,put,0.497,61.6,65.4,63.5,1,464,-0.8729,10.07,15.875,206.94,market
2026-06-26,GOOGL,2026-07-24,28,405.0,337.39,0.0,put,0.5192,66.65,70.35,68.5,4,4,-0.8793,9.42,16.914,220.48,market
2026-06-26,GOOGL,2026-07-24,28,420.0,337.39,0.0,put,0.5844,81.6,85.25,83.425,1,0,-0.8941,7.92,19.863,258.93,market
2026-06-26,GOOGL,2026-07-24,28,450.0,337.39,0.0,put,0.5593,111.35,115.5,113.425,1,0,-0.9605,2.8,25.206,328.57,market
2026-06-26,GOOGL,2026-07-31,35,195.0,337.39,42.2,put,0.9707,0.0,2.22,0.984,0,1,-0.0233,95.44,0.505,5.26,bs_fallback
2026-06-26,GOOGL,2026-07-31,35,245.0,337.39,27.38,put,0.5391,0.01,1.09,0.55,5,4,-0.0212,96.87,0.224,2.34,market
2026-06-26,GOOGL,2026-07-31,35,250.0,337.39,25.9,put,0.519,0.01,0.61,0.31,7,29,-0.0241,96.52,0.124,1.29,market
2026-06-26,GOOGL,2026-07-31,35,255.0,337.39,24.42,put,0.543,0.02,1.05,0.535,2,69,-0.0377,94.63,0.21,2.19,market
2026-06-26,GOOGL,2026-07-31,35,260.0,337.39,22.94,put,0.5206,0.17,1.14,0.655,2,355,-0.0421,94.12,0.252,2.63,market
2026-06-26,GOOGL,2026-07-31,35,265.0,337.39,21.46,put,0.5121,0.12,1.4,0.76,3,58,-0.0513,92.98,0.287,2.99,market
2026-06-26,GOOGL,2026-07-31,35,270.0,337.39,19.97,put,0.4879,0.68,1.5,1.09,6,82,-0.0568,92.38,0.404,4.21,market
2026-06-26,GOOGL,2026-07-31,35,275.0,337.39,18.49,put,0.4795,0.72,1.84,1.28,9,224,-0.069,90.91,0.465,4.85,market
2026-06-26,GOOGL,2026-07-31,35,280.0,337.39,17.01,put,0.4441,0.79,1.8,1.295,26,191,-0.0722,90.69,0.462,4.82,market
2026-06-26,GOOGL,2026-07-31,35,285.0,337.39,15.53,put,0.457,1.28,2.62,1.95,12,67,-0.0973,87.61,0.684,7.14,market
2026-06-26,GOOGL,2026-07-31,35,290.0,337.39,14.05,put,0.4452,1.8,3.1,2.45,16,109,-0.1148,85.63,0.845,8.81,market
2026-06-26,GOOGL,2026-07-31,35,295.0,337.39,12.56,put,0.4265,2.06,3.5,2.78,17,135,-0.1316,83.81,0.942,9.83,market
2026-06-26,GOOGL,2026-07-31,35,300.0,337.39,11.08,put,0.4093,2.93,4.0,3.465,63,478,-0.152,81.62,1.155,12.04,market
2026-06-26,GOOGL,2026-07-31,35,305.0,337.39,9.6,put,0.415,3.35,5.25,4.3,135,159,-0.1876,77.59,1.41,14.7,market
2026-06-26,GOOGL,2026-07-31,35,310.0,337.39,8.12,put,0.4075,4.95,6.3,5.625,57,299,-0.22,74.08,1.815,18.92,market
2026-06-26,GOOGL,2026-07-31,35,315.0,337.39,6.64,put,0.4136,6.15,8.0,7.075,88,566,-0.2619,69.48,2.246,23.42,market
2026-06-26,GOOGL,2026-07-31,35,320.0,337.39,5.15,put,0.4079,7.05,9.5,8.275,315,413,-0.3015,65.31,2.586,26.97,market
2026-06-26,GOOGL,2026-07-31,35,325.0,337.39,3.67,put,0.4222,8.8,12.0,10.4,389,254,-0.3489,60.16,3.2,33.37,market
2026-06-26,GOOGL,2026-07-31,35,330.0,337.39,2.19,put,0.4079,10.5,13.6,12.05,82,350,-0.3911,55.97,3.652,38.08,market
2026-06-26,GOOGL,2026-07-31,35,335.0,337.39,0.71,put,0.4031,12.7,15.8,14.25,40,379,-0.4373,51.31,4.254,44.36,market
2026-06-26,GOOGL,2026-07-31,35,340.0,337.39,0.0,put,0.4131,15.5,18.85,17.175,90,653,-0.4836,46.54,5.051,52.68,market
2026-06-26,GOOGL,2026-07-31,35,345.0,337.39,0.0,put,0.4081,18.3,21.5,19.9,29,201,-0.53,42.01,5.768,60.15,market
2026-06-26,GOOGL,2026-07-31,35,350.0,337.39,0.0,put,0.394,21.35,24.0,22.675,63,785,-0.5794,37.36,6.479,67.56,market
2026-06-26,GOOGL,2026-07-31,35,355.0,337.39,0.0,put,0.4164,24.6,28.2,26.4,5,274,-0.6152,33.66,7.437,77.55,market
2026-06-26,GOOGL,2026-07-31,35,360.0,337.39,0.0,put,0.4198,28.15,31.8,29.975,5,151,-0.6543,29.91,8.326,86.83,market
2026-06-26,GOOGL,2026-07-31,35,365.0,337.39,0.0,put,0.424,32.0,35.6,33.8,13,114,-0.6904,26.49,9.26,96.57,market
2026-06-26,GOOGL,2026-07-31,35,370.0,337.39,0.0,put,0.4182,35.95,39.2,37.575,30,158,-0.7293,22.96,10.155,105.91,market
2026-06-26,GOOGL,2026-07-31,35,375.0,337.39,0.0,put,0.4284,40.0,43.5,41.75,1,42,-0.7562,20.42,11.133,116.1,market
2026-06-26,GOOGL,2026-07-31,35,380.0,337.39,0.0,put,0.4339,44.4,47.75,46.075,20,81,-0.783,17.97,12.125,126.45,market
2026-06-26,GOOGL,2026-07-31,35,385.0,337.39,0.0,put,0.4447,48.55,52.25,50.4,1,16,-0.8037,16.05,13.091,136.52,market
2026-06-26,GOOGL,2026-07-31,35,390.0,337.39,0.0,put,0.4436,53.25,56.5,54.875,2,31,-0.8293,13.82,14.071,146.74,market
2026-06-26,GOOGL,2026-07-31,35,395.0,337.39,0.0,put,0.4567,57.8,61.2,59.5,1,8,-0.8438,12.48,15.063,157.09,market
2026-06-26,GOOGL,2026-07-31,35,405.0,337.39,0.0,put,0.4776,67.1,70.6,68.85,0,5,-0.8705,10.09,17.0,177.29,market
2026-06-26,GOOGL,2026-07-31,35,410.0,337.39,0.0,put,0.4996,71.7,75.6,73.65,2,1,-0.8752,9.57,17.963,187.33,market
2026-06-26,GOOGL,2026-07-31,35,415.0,337.39,0.0,put,0.5162,76.75,80.5,78.625,0,1,-0.882,8.93,18.946,197.58,market
2026-06-26,GOOGL,2026-07-31,35,420.0,337.39,0.0,put,0.5321,81.4,85.4,83.4,0,1,-0.8883,8.34,19.857,207.08,market
2026-06-26,GOOGL,2026-07-31,35,425.0,337.39,0.0,put,0.5575,86.6,90.5,88.55,0,2,-0.8894,8.14,20.835,217.28,market
2026-06-26,GOOGL,2026-07-31,35,440.0,337.39,0.0,put,0.6079,101.6,105.35,103.475,0,0,-0.9016,6.95,23.517,245.25,market
2026-06-26,GOOGL,2026-07-31,35,455.0,337.39,0.0,put,0.5359,116.7,120.5,118.6,0,0,-0.9545,3.17,26.066,271.83,market
2026-06-26,AMZN,2026-07-17,21,115.0,232.69,50.58,put,0.875,0.0,0.01,0.003,3,1959,-0.0003,99.95,0.003,0.05,bs_fallback
2026-06-26,AMZN,2026-07-17,21,120.0,232.69,48.43,put,0.875,0.0,0.02,0.007,1,478,-0.0005,99.89,0.006,0.1,bs_fallback
2026-06-26,AMZN,2026-07-17,21,125.0,232.69,46.28,put,1.0606,0.0,0.25,0.099,1,369,-0.0049,99.0,0.079,1.38,bs_fallback
2026-06-26,AMZN,2026-07-17,21,130.0,232.69,44.13,put,0.8203,0.0,0.04,0.014,2,352,-0.0011,99.8,0.011,0.19,bs_fallback
2026-06-26,AMZN,2026-07-17,21,135.0,232.69,41.98,put,1.0811,0.01,0.68,0.345,27,1042,-0.0125,97.62,0.256,4.44,market
2026-06-26,AMZN,2026-07-17,21,140.0,232.69,39.83,put,0.8828,0.01,0.24,0.125,2,540,-0.0059,98.95,0.089,1.55,market
2026-06-26,AMZN,2026-07-17,21,145.0,232.69,37.69,put,0.7031,0.01,0.05,0.03,1,822,-0.0018,99.69,0.021,0.36,market
2026-06-26,AMZN,2026-07-17,21,150.0,232.69,35.54,put,0.6777,0.02,0.06,0.04,2,2369,-0.0026,99.58,0.027,0.46,market
2026-06-26,AMZN,2026-07-17,21,155.0,232.69,33.39,put,0.6465,0.02,0.08,0.05,1,1190,-0.0033,99.48,0.032,0.56,market
2026-06-26,AMZN,2026-07-17,21,160.0,232.69,31.24,put,0.6289,0.04,0.11,0.075,503,4782,-0.005,99.24,0.047,0.81,market
2026-06-26,AMZN,2026-07-17,21,165.0,232.69,29.09,put,0.6113,0.04,0.18,0.11,33,3035,-0.0074,98.9,0.067,1.16,market
2026-06-26,AMZN,2026-07-17,21,170.0,232.69,26.94,put,0.5488,0.06,0.12,0.09,1,2147,-0.0067,99.04,0.053,0.92,market
2026-06-26,AMZN,2026-07-17,21,175.0,232.69,24.79,put,0.5234,0.08,0.16,0.12,21,3140,-0.0093,98.71,0.069,1.19,market
2026-06-26,AMZN,2026-07-17,21,180.0,232.69,22.64,put,0.5059,0.11,0.18,0.145,24,4281,-0.0139,98.12,0.081,1.4,market
2026-06-26,AMZN,2026-07-17,21,185.0,232.69,20.5,put,0.4771,0.16,0.23,0.195,70,3562,-0.0185,97.57,0.105,1.83,market
2026-06-26,AMZN,2026-07-17,21,190.0,232.69,18.35,put,0.4517,0.21,0.31,0.26,42,5154,-0.0255,96.74,0.137,2.38,market
2026-06-26,AMZN,2026-07-17,21,195.0,232.69,16.2,put,0.4243,0.3,0.41,0.355,267,6231,-0.0347,95.67,0.182,3.16,market
2026-06-26,AMZN,2026-07-17,21,200.0,232.69,14.05,put,0.4268,0.48,0.75,0.615,1141,8032,-0.0596,92.73,0.307,5.34,market
2026-06-26,AMZN,2026-07-17,21,205.0,232.69,11.9,put,0.4026,0.7,1.02,0.86,431,6401,-0.0823,90.21,0.42,7.29,market
2026-06-26,AMZN,2026-07-17,21,210.0,232.69,9.75,put,0.3804,1.07,1.42,1.245,621,9342,-0.1147,86.66,0.593,10.3,market
2026-06-26,AMZN,2026-07-17,21,215.0,232.69,7.6,put,0.3659,1.51,2.09,1.8,605,8622,-0.1641,81.32,0.837,14.55,market
2026-06-26,AMZN,2026-07-17,21,220.0,232.69,5.45,put,0.3826,2.7,3.6,3.15,945,19802,-0.2456,72.46,1.432,24.89,market
2026-06-26,AMZN,2026-07-17,21,225.0,232.69,3.3,put,0.3698,4.05,5.0,4.525,1013,12585,-0.3243,64.32,2.011,34.96,market
2026-06-26,AMZN,2026-07-17,21,230.0,232.69,1.16,put,0.3943,6.05,7.65,6.85,1038,13152,-0.4205,54.22,2.978,51.77,market
2026-06-26,AMZN,2026-07-17,21,235.0,232.69,0.0,put,0.3711,8.55,9.7,9.125,469,10128,-0.5136,45.1,3.883,67.49,market
2026-06-26,AMZN,2026-07-17,21,240.0,232.69,0.0,put,0.4197,11.2,13.8,12.5,421,16662,-0.5903,37.11,5.208,90.53,market
2026-06-26,AMZN,2026-07-17,21,245.0,232.69,0.0,put,0.3967,14.75,16.7,15.725,367,9545,-0.6786,28.81,6.418,111.56,market
2026-06-26,AMZN,2026-07-17,21,250.0,232.69,0.0,put,0.4154,18.95,20.8,19.875,419,9053,-0.7394,22.93,7.95,138.18,market
2026-06-26,AMZN,2026-07-17,21,255.0,232.69,0.0,put,0.4392,22.9,25.2,24.05,452,5690,-0.785,18.55,9.431,163.93,market
2026-06-26,AMZN,2026-07-17,21,260.0,232.69,0.0,put,0.5415,28.0,31.0,29.5,862,9554,-0.7785,18.48,11.346,197.21,market
2026-06-26,AMZN,2026-07-17,21,265.0,232.69,0.0,put,0.5693,32.7,35.6,34.15,71,3666,-0.8059,15.88,12.887,223.98,market
2026-06-26,AMZN,2026-07-17,21,270.0,232.69,0.0,put,0.5212,37.45,41.05,39.25,128,706,-0.8652,10.95,14.537,252.67,market
2026-06-26,AMZN,2026-07-17,21,275.0,232.69,0.0,put,0.5452,42.3,45.75,44.025,6,276,-0.883,9.33,16.009,278.25,market
2026-06-26,AMZN,2026-07-17,21,280.0,232.69,0.0,put,0.6016,47.45,50.95,49.2,1,23,-0.8831,9.1,17.571,305.41,market
2026-06-26,AMZN,2026-07-17,21,285.0,232.69,0.0,put,0.6345,52.45,55.8,54.125,2,0,-0.892,8.23,18.991,330.09,market
2026-06-26,AMZN,2026-07-17,21,290.0,232.69,0.0,put,0.6729,57.45,60.8,59.125,253,0,-0.8972,7.68,20.388,354.36,market
2026-06-26,AMZN,2026-07-17,21,295.0,232.69,0.0,put,0.7219,62.45,66.05,64.25,10,0,-0.8974,7.49,21.78,378.55,market
2026-06-26,AMZN,2026-07-17,21,300.0,232.69,0.0,put,0.7583,67.45,71.05,69.25,1,5,-0.9015,7.05,23.083,401.21,market
2026-06-26,AMZN,2026-07-17,21,305.0,232.69,0.0,put,0.7805,72.5,75.75,74.125,3,0,-0.9093,6.38,24.303,422.41,market
2026-06-26,AMZN,2026-07-17,21,310.0,232.69,0.0,put,0.8276,77.45,81.05,79.25,50,0,-0.9084,6.3,25.565,444.34,market
2026-06-26,AMZN,2026-07-17,21,315.0,232.69,0.0,put,0.8608,82.45,86.05,84.25,2,0,-0.9114,5.98,26.746,464.87,market
2026-06-26,AMZN,2026-07-17,21,320.0,232.69,0.0,put,0.8958,87.45,91.1,89.275,20,0,-0.9134,5.74,27.898,484.9,market
2026-06-26,AMZN,2026-07-17,21,325.0,232.69,0.0,put,0.9275,92.45,96.1,94.275,3,0,-0.9158,5.48,29.008,504.18,market
2026-06-26,AMZN,2026-07-17,21,330.0,232.69,0.0,put,0.9233,97.3,100.65,98.975,1,0,-0.927,4.69,29.992,521.3,market
2026-06-26,AMZN,2026-07-17,21,335.0,232.69,0.0,put,0.9856,102.45,106.05,104.25,1,0,-0.9209,4.97,31.119,540.88,market
2026-06-26,AMZN,2026-07-17,21,340.0,232.69,0.0,put,0.0,93.05,96.4,94.725,2,0,-1.0,0.0,27.86,484.24,market
2026-06-26,AMZN,2026-07-17,21,345.0,232.69,0.0,put,0.0,98.05,101.65,99.85,0,0,-1.0,0.0,28.942,503.04,market
2026-06-26,AMZN,2026-07-17,21,355.0,232.69,0.0,put,1.0991,122.45,126.05,124.25,1,0,-0.9278,4.24,35.0,608.33,market
2026-06-26,AMZN,2026-07-17,21,360.0,232.69,0.0,put,1.1231,127.45,131.0,129.225,1,1,-0.9298,4.06,35.896,623.9,market
2026-06-26,AMZN,2026-07-17,21,370.0,232.69,0.0,put,0.0,123.05,126.7,124.875,0,0,-1.0,0.0,33.75,586.61,market
2026-06-26,AMZN,2026-07-24,28,140.0,232.69,39.83,put,1.0742,0.0,2.09,0.924,2,6,-0.0308,94.2,0.66,8.61,bs_fallback
2026-06-26,AMZN,2026-07-24,28,150.0,232.69,35.54,put,0.6328,0.0,0.15,0.06,2,13,-0.0045,99.26,0.04,0.52,bs_fallback
2026-06-26,AMZN,2026-07-24,28,160.0,232.69,31.24,put,0.6187,0.01,0.37,0.19,1,36,-0.0109,98.31,0.119,1.55,market
2026-06-26,AMZN,2026-07-24,28,165.0,232.69,29.09,put,0.5225,0.0,0.19,0.076,1,38,-0.0067,99.01,0.046,0.6,bs_fallback
2026-06-26,AMZN,2026-07-24,28,170.0,232.69,26.94,put,0.5352,0.01,0.4,0.205,5,17,-0.0133,98.08,0.121,1.57,market
2026-06-26,AMZN,2026-07-24,28,175.0,232.69,24.79,put,0.5073,0.01,0.25,0.13,5,25,-0.0168,97.64,0.074,0.97,market
2026-06-26,AMZN,2026-07-24,28,180.0,232.69,22.64,put,0.5024,0.01,0.4,0.205,45,317,-0.0261,96.43,0.114,1.48,market
2026-06-26,AMZN,2026-07-24,28,185.0,232.69,20.5,put,0.5039,0.13,0.66,0.395,14,48,-0.0409,94.53,0.214,2.78,market
2026-06-26,AMZN,2026-07-24,28,190.0,232.69,18.35,put,0.4356,0.2,0.53,0.365,19,98,-0.0382,95.07,0.192,2.5,market
2026-06-26,AMZN,2026-07-24,28,195.0,232.69,16.2,put,0.4439,0.31,0.95,0.63,22,145,-0.063,92.03,0.323,4.21,market
2026-06-26,AMZN,2026-07-24,28,200.0,232.69,14.05,put,0.4138,0.51,1.15,0.83,27,741,-0.079,90.27,0.415,5.41,market
2026-06-26,AMZN,2026-07-24,28,205.0,232.69,11.9,put,0.3834,0.87,1.4,1.135,79,250,-0.0999,88.02,0.554,7.22,market
2026-06-26,AMZN,2026-07-24,28,210.0,232.69,9.75,put,0.3911,1.38,2.31,1.845,93,647,-0.1499,82.34,0.879,11.45,market
2026-06-26,AMZN,2026-07-24,28,215.0,232.69,7.6,put,0.3745,2.4,3.1,2.75,120,736,-0.1974,77.26,1.279,16.67,market
2026-06-26,AMZN,2026-07-24,28,220.0,232.69,5.45,put,0.3725,3.55,4.45,4.0,181,1062,-0.2636,70.16,1.818,23.7,market
2026-06-26,AMZN,2026-07-24,28,225.0,232.69,3.3,put,0.3778,5.15,6.35,5.75,108,802,-0.3408,62.0,2.556,33.31,market
2026-06-26,AMZN,2026-07-24,28,230.0,232.69,1.16,put,0.4035,7.15,9.2,8.175,107,822,-0.423,53.29,3.554,46.33,market
2026-06-26,AMZN,2026-07-24,28,235.0,232.69,0.0,put,0.4055,9.4,11.85,10.625,66,1132,-0.4991,45.62,4.521,58.94,market
2026-06-26,AMZN,2026-07-24,28,240.0,232.69,0.0,put,0.3676,12.2,13.85,13.025,41,547,-0.5852,37.56,5.427,70.75,market
2026-06-26,AMZN,2026-07-24,28,245.0,232.69,0.0,put,0.4147,14.9,18.35,16.625,33,276,-0.6398,31.82,6.786,88.46,market
2026-06-26,AMZN,2026-07-24,28,250.0,232.69,0.0,put,0.441,19.0,22.55,20.775,77,463,-0.6897,26.86,8.31,108.33,market
2026-06-26,AMZN,2026-07-24,28,255.0,232.69,0.0,put,0.4567,23.1,26.7,24.9,94,148,-0.7357,22.46,9.765,127.29,market
2026-06-26,AMZN,2026-07-24,28,260.0,232.69,0.0,put,0.4768,27.65,31.1,29.375,20,88,-0.7719,19.02,11.298,147.28,market
2026-06-26,AMZN,2026-07-24,28,265.0,232.69,0.0,put,0.5042,32.3,35.75,34.025,7,39,-0.7978,16.52,12.84,167.37,market
2026-06-26,AMZN,2026-07-24,28,270.0,232.69,0.0,put,0.5557,37.5,40.9,39.2,10,42,-0.8063,15.43,14.519,189.26,market
2026-06-26,AMZN,2026-07-24,28,275.0,232.69,0.0,put,0.5797,42.35,45.6,43.975,1,1,-0.8254,13.63,15.991,208.45,market
2026-06-26,AMZN,2026-07-24,28,280.0,232.69,0.0,put,0.5002,47.05,50.75,48.9,2,0,-0.8923,8.42,17.464,227.66,market
2026-06-26,AMZN,2026-07-24,28,285.0,232.69,0.0,put,0.5298,52.05,55.65,53.85,2,0,-0.9002,7.65,18.895,246.31,market
2026-06-26,AMZN,2026-07-24,28,300.0,232.69,0.0,put,0.6428,67.45,70.65,69.05,0,0,-0.906,6.75,23.017,300.04,market
2026-06-26,AMZN,2026-07-24,28,330.0,232.69,0.0,put,0.7881,97.05,100.6,98.825,0,0,-0.9298,4.53,29.947,390.38,market
2026-06-26,AMZN,2026-07-24,28,335.0,232.69,0.0,put,0.83,102.05,105.9,103.975,0,0,-0.927,4.61,31.037,404.59,market
2026-06-26,AMZN,2026-07-31,35,140.0,232.69,39.83,put,0.7061,0.0,0.3,0.125,123,28,-0.007,98.73,0.09,0.93,bs_fallback
2026-06-26,AMZN,2026-07-31,35,155.0,232.69,33.39,put,0.7212,0.0,1.24,0.542,4,10,-0.0254,95.81,0.35,3.65,bs_fallback
2026-06-26,AMZN,2026-07-31,35,160.0,232.69,31.24,put,0.5962,0.0,0.61,0.259,6,3,-0.0159,97.51,0.162,1.69,bs_fallback
2026-06-26,AMZN,2026-07-31,35,170.0,232.69,26.94,put,0.5352,0.01,0.79,0.4,7,7,-0.0224,96.71,0.235,2.45,market
2026-06-26,AMZN,2026-07-31,35,175.0,232.69,24.79,put,0.5107,0.01,0.97,0.49,8,17,-0.028,96.02,0.28,2.92,market
2026-06-26,AMZN,2026-07-31,35,180.0,232.69,22.64,put,0.5295,0.22,0.9,0.56,5,46,-0.0468,93.49,0.311,3.24,market
2026-06-26,AMZN,2026-07-31,35,185.0,232.69,20.5,put,0.5364,0.43,1.39,0.91,3,51,-0.0678,90.77,0.492,5.13,market
2026-06-26,AMZN,2026-07-31,35,190.0,232.69,18.35,put,0.4839,0.48,1.35,0.915,2,408,-0.0722,90.49,0.482,5.02,market
2026-06-26,AMZN,2026-07-31,35,195.0,232.69,16.2,put,0.4722,1.0,1.8,1.4,42,135,-0.0943,87.86,0.718,7.49,market
2026-06-26,AMZN,2026-07-31,35,200.0,232.69,14.05,put,0.4493,1.5,2.2,1.85,111,385,-0.1166,85.38,0.925,9.65,market
2026-06-26,AMZN,2026-07-31,35,205.0,232.69,11.9,put,0.4574,2.0,3.25,2.625,93,248,-0.1589,80.44,1.28,13.35,market
2026-06-26,AMZN,2026-07-31,35,210.0,232.69,9.75,put,0.4351,2.83,3.95,3.39,190,1732,-0.1937,76.72,1.614,16.83,market
2026-06-26,AMZN,2026-07-31,35,215.0,232.69,7.6,put,0.4275,3.95,5.15,4.55,113,655,-0.2421,71.48,2.116,22.07,market
2026-06-26,AMZN,2026-07-31,35,220.0,232.69,5.45,put,0.454,5.5,7.5,6.5,454,1110,-0.3074,64.16,2.955,30.81,market
2026-06-26,AMZN,2026-07-31,35,225.0,232.69,3.3,put,0.4299,6.75,8.85,7.8,105,1119,-0.3613,58.78,3.467,36.15,market
2026-06-26,AMZN,2026-07-31,35,230.0,232.69,1.16,put,0.4229,9.4,10.95,10.175,94,706,-0.4243,52.39,4.424,46.14,market
2026-06-26,AMZN,2026-07-31,35,235.0,232.69,0.0,put,0.4326,11.7,13.85,12.775,122,548,-0.4884,45.82,5.436,56.69,market
2026-06-26,AMZN,2026-07-31,35,240.0,232.69,0.0,put,0.4418,14.1,17.05,15.575,55,1460,-0.5488,39.76,6.49,67.68,market
2026-06-26,AMZN,2026-07-31,35,245.0,232.69,0.0,put,0.4269,17.0,19.85,18.425,73,269,-0.6132,33.73,7.52,78.43,market
2026-06-26,AMZN,2026-07-31,35,250.0,232.69,0.0,put,0.4552,21.5,24.1,22.8,7,271,-0.6571,29.27,9.12,95.11,market
2026-06-26,AMZN,2026-07-31,35,255.0,232.69,0.0,put,0.4613,24.45,27.95,26.2,17,123,-0.704,24.86,10.275,107.15,market
2026-06-26,AMZN,2026-07-31,35,260.0,232.69,0.0,put,0.4915,28.55,32.55,30.55,6,154,-0.7329,21.95,11.75,122.54,market
2026-06-26,AMZN,2026-07-31,35,265.0,232.69,0.0,put,0.4995,33.15,36.75,34.95,14,45,-0.768,18.76,13.189,137.54,market
2026-06-26,AMZN,2026-07-31,35,270.0,232.69,0.0,put,0.5087,37.65,41.1,39.375,23,81,-0.7981,16.05,14.583,152.08,market
2026-06-26,AMZN,2026-07-31,35,275.0,232.69,0.0,put,0.5387,42.35,45.95,44.15,37,39,-0.8131,14.54,16.055,167.43,market
2026-06-26,AMZN,2026-07-31,35,280.0,232.69,0.0,put,0.5718,47.15,50.9,49.025,1,5,-0.8237,13.42,17.509,182.59,market
2026-06-26,AMZN,2026-07-31,35,300.0,232.69,0.0,put,0.5869,67.35,71.0,69.175,0,0,-0.8999,7.18,23.058,240.47,market
2026-06-26,META,2026-07-17,21,300.0,550.25,45.48,put,0.8398,0.01,0.07,0.04,14,3480,-0.0009,99.83,0.013,0.23,market
2026-06-26,META,2026-07-17,21,310.0,550.25,43.66,put,1.0957,0.0,1.3,0.535,1,119,-0.01,98.04,0.173,3.0,bs_fallback
2026-06-26,META,2026-07-17,21,320.0,550.25,41.84,put,0.8281,0.0,0.2,0.076,8,85,-0.0022,99.59,0.024,0.41,bs_fallback
2026-06-26,META,2026-07-17,21,330.0,550.25,40.03,put,1.0332,0.02,1.73,0.875,55,311,-0.014,97.45,0.265,4.61,market
2026-06-26,META,2026-07-17,21,340.0,550.25,38.21,put,0.7813,0.01,0.31,0.16,21,162,-0.0037,99.36,0.047,0.82,market
2026-06-26,META,2026-07-17,21,350.0,550.25,36.39,put,0.7012,0.03,0.17,0.1,14,395,-0.0026,99.56,0.029,0.5,market
2026-06-26,META,2026-07-17,21,360.0,550.25,34.58,put,0.6602,0.05,0.15,0.1,9,158,-0.0027,99.56,0.028,0.48,market
2026-06-26,META,2026-07-17,21,370.0,550.25,32.76,put,0.625,0.01,0.2,0.105,4,196,-0.0031,99.52,0.028,0.49,market
2026-06-26,META,2026-07-17,21,380.0,550.25,30.94,put,0.5693,0.01,0.15,0.08,5,160,-0.0026,99.61,0.021,0.37,market
2026-06-26,META,2026-07-17,21,390.0,550.25,29.12,put,0.5566,0.01,0.23,0.12,3,384,-0.0038,99.43,0.031,0.53,market
2026-06-26,META,2026-07-17,21,400.0,550.25,27.31,put,0.5293,0.08,0.2,0.14,4,769,-0.0047,99.33,0.035,0.61,market
2026-06-26,META,2026-07-17,21,410.0,550.25,25.49,put,0.5249,0.05,0.42,0.235,4,522,-0.0077,98.92,0.057,1.0,market
2026-06-26,META,2026-07-17,21,420.0,550.25,23.67,put,0.502,0.13,0.46,0.295,19,233,-0.01,98.63,0.07,1.22,market
2026-06-26,META,2026-07-17,21,430.0,550.25,21.85,put,0.5054,0.2,0.53,0.365,8,357,-0.0171,97.71,0.085,1.48,market
2026-06-26,META,2026-07-17,21,435.0,550.25,20.95,put,0.4937,0.12,0.59,0.355,1,86,-0.0193,97.44,0.082,1.42,market
2026-06-26,META,2026-07-17,21,440.0,550.25,20.04,put,0.4783,0.3,0.63,0.465,2,265,-0.0211,97.24,0.106,1.84,market
2026-06-26,META,2026-07-17,21,445.0,550.25,19.13,put,0.4648,0.35,0.69,0.52,11,85,-0.0235,96.95,0.117,2.03,market
2026-06-26,META,2026-07-17,21,450.0,550.25,18.22,put,0.4517,0.4,0.76,0.58,21,1677,-0.0264,96.63,0.129,2.24,market
2026-06-26,META,2026-07-17,21,455.0,550.25,17.31,put,0.4407,0.33,0.86,0.595,4,419,-0.0302,96.19,0.131,2.27,market
2026-06-26,META,2026-07-17,21,460.0,550.25,16.4,put,0.4276,0.49,0.95,0.72,18,1461,-0.0339,95.76,0.157,2.72,market
2026-06-26,META,2026-07-17,21,465.0,550.25,15.49,put,0.4038,0.61,0.92,0.765,18,349,-0.0347,95.72,0.165,2.86,market
2026-06-26,META,2026-07-17,21,470.0,550.25,14.58,put,0.4067,0.85,1.24,1.045,50,835,-0.0451,94.48,0.222,3.86,market
2026-06-26,META,2026-07-17,21,475.0,550.25,13.68,put,0.392,0.94,1.35,1.145,38,308,-0.0503,93.92,0.241,4.19,market
2026-06-26,META,2026-07-17,21,480.0,550.25,12.77,put,0.3798,1.21,1.52,1.365,30,1652,-0.0575,93.13,0.284,4.94,market
2026-06-26,META,2026-07-17,21,485.0,550.25,11.86,put,0.3746,1.43,1.85,1.64,13,879,-0.0692,91.8,0.338,5.88,market
2026-06-26,META,2026-07-17,21,490.0,550.25,10.95,put,0.3698,1.84,2.25,2.045,68,1416,-0.0832,90.24,0.417,7.25,market
2026-06-26,META,2026-07-17,21,495.0,550.25,10.04,put,0.3675,2.16,2.79,2.475,52,518,-0.1008,88.28,0.5,8.69,market
2026-06-26,META,2026-07-17,21,500.0,550.25,9.13,put,0.3553,2.7,3.15,2.925,521,5491,-0.1151,86.75,0.585,10.17,market
2026-06-26,META,2026-07-17,21,505.0,550.25,8.22,put,0.349,3.1,3.75,3.425,265,1383,-0.1354,84.56,0.678,11.79,market
2026-06-26,META,2026-07-17,21,510.0,550.25,7.31,put,0.3427,3.8,4.45,4.125,221,3064,-0.1586,82.07,0.809,14.06,market
2026-06-26,META,2026-07-17,21,515.0,550.25,6.41,put,0.3399,4.8,5.4,5.1,220,1728,-0.1873,79.0,0.99,17.21,market
2026-06-26,META,2026-07-17,21,520.0,550.25,5.5,put,0.337,5.8,6.5,6.15,364,6983,-0.219,75.63,1.183,20.56,market
2026-06-26,META,2026-07-17,21,525.0,550.25,4.59,put,0.3471,6.95,8.35,7.65,196,2969,-0.2609,71.13,1.457,25.33,market
2026-06-26,META,2026-07-17,21,530.0,550.25,3.68,put,0.3424,8.3,9.75,9.025,1123,4573,-0.2971,67.39,1.703,29.6,market
2026-06-26,META,2026-07-17,21,535.0,550.25,2.77,put,0.3509,10.0,12.0,11.0,449,1307,-0.3408,62.78,2.056,35.74,market
2026-06-26,META,2026-07-17,21,540.0,550.25,1.86,put,0.3308,11.85,13.0,12.425,501,4333,-0.3772,59.24,2.301,39.99,market
2026-06-26,META,2026-07-17,21,545.0,550.25,0.95,put,0.3386,13.95,15.65,14.8,141,1518,-0.4231,54.49,2.716,47.2,market
2026-06-26,META,2026-07-17,21,550.0,550.25,0.05,put,0.3384,16.3,18.1,17.2,498,6496,-0.4675,50.02,3.127,54.35,market
2026-06-26,META,2026-07-17,21,555.0,550.25,0.0,put,0.348,18.9,21.3,20.1,158,2851,-0.5107,45.61,3.622,62.95,market
2026-06-26,META,2026-07-17,21,560.0,550.25,0.0,put,0.3539,21.55,24.5,23.025,131,4121,-0.5519,41.47,4.112,71.46,market
2026-06-26,META,2026-07-17,21,565.0,550.25,0.0,put,0.3263,24.65,26.15,25.4,103,1465,-0.6034,36.68,4.496,78.14,market
2026-06-26,META,2026-07-17,21,570.0,550.25,0.0,put,0.3338,27.45,29.85,28.65,111,3581,-0.6422,32.83,5.026,87.36,market
2026-06-26,META,2026-07-17,21,575.0,550.25,0.0,put,0.3297,30.4,33.15,31.775,167,2041,-0.6846,28.79,5.526,96.05,market
2026-06-26,META,2026-07-17,21,580.0,550.25,0.0,put,0.3617,34.25,38.3,36.275,175,2982,-0.7021,26.86,6.254,108.71,market
2026-06-26,META,2026-07-17,21,585.0,550.25,0.0,put,0.3404,37.35,41.15,39.25,41,1218,-0.7498,22.49,6.709,116.62,market
2026-06-26,META,2026-07-17,21,590.0,550.25,0.0,put,0.3498,41.3,45.5,43.4,41,2207,-0.7749,20.07,7.356,127.85,market
2026-06-26,META,2026-07-17,21,595.0,550.25,0.0,put,0.3726,45.4,50.45,47.925,8,1170,-0.7876,18.74,8.055,140.0,market
2026-06-26,META,2026-07-17,21,600.0,550.25,0.0,put,0.3573,50.35,54.05,52.2,110,6275,-0.8247,15.4,8.7,151.21,market
2026-06-26,META,2026-07-17,21,605.0,550.25,0.0,put,0.4076,54.6,60.05,57.325,29,1186,-0.8138,16.12,9.475,164.69,market
2026-06-26,META,2026-07-17,21,610.0,550.25,0.0,put,0.4194,57.7,64.7,61.2,41,2165,-0.8279,14.77,10.033,174.38,market
2026-06-26,META,2026-07-17,21,615.0,550.25,0.0,put,0.3769,63.25,67.75,65.5,15,1985,-0.8757,10.68,10.65,185.11,market
2026-06-26,META,2026-07-17,21,620.0,550.25,0.0,put,0.4406,67.05,74.05,70.55,101,4120,-0.853,12.41,11.379,197.78,market
2026-06-26,META,2026-07-17,21,625.0,550.25,0.0,put,0.3796,71.85,76.9,74.375,34,767,-0.9069,7.88,11.9,206.83,market
2026-06-26,META,2026-07-17,21,630.0,550.25,0.0,put,0.4762,76.6,83.95,80.275,33,2140,-0.8649,11.18,12.742,221.47,market
2026-06-26,META,2026-07-17,21,635.0,550.25,0.0,put,0.495,81.4,88.95,85.175,9,549,-0.8693,10.72,13.413,233.14,market
2026-06-26,META,2026-07-17,21,640.0,550.25,0.0,put,0.5081,86.3,93.8,90.05,36,1423,-0.876,10.08,14.07,244.56,market
2026-06-26,META,2026-07-17,21,645.0,550.25,0.0,put,0.4658,91.3,97.3,94.3,12,282,-0.91,7.32,14.62,254.11,market
2026-06-26,META,2026-07-17,21,650.0,550.25,0.0,put,0.5383,96.25,103.65,99.95,76,413,-0.8856,9.13,15.377,267.27,market
2026-06-26,META,2026-07-17,21,655.0,550.25,0.0,put,0.5595,101.0,108.75,104.875,4,285,-0.8869,8.94,16.011,278.29,market
2026-06-26,META,2026-07-17,21,660.0,550.25,0.0,put,0.5687,106.0,113.55,109.775,55,470,-0.8932,8.37,16.633,289.09,market
2026-06-26,META,2026-07-17,21,665.0,550.25,0.0,put,0.5914,111.05,118.7,114.875,1,19,-0.8932,8.29,17.274,300.25,market
2026-06-26,META,2026-07-17,21,670.0,550.25,0.0,put,0.608,116.0,123.7,119.85,24,122,-0.8957,8.03,17.888,310.91,market
2026-06-26,META,2026-07-17,21,675.0,550.25,0.0,put,0.6243,121.15,128.7,124.925,59,56,-0.898,7.78,18.507,321.68,market
2026-06-26,META,2026-07-17,21,680.0,550.25,0.0,put,0.632,126.0,133.5,129.75,2,91,-0.9035,7.31,19.081,331.64,market
2026-06-26,META,2026-07-17,21,685.0,550.25,0.0,put,0.6542,131.05,138.65,134.85,3,1,-0.9031,7.27,19.686,342.16,market
2026-06-26,META,2026-07-17,21,690.0,550.25,0.0,put,0.6676,136.0,143.6,139.8,70,91,-0.9058,7.01,20.261,352.15,market
2026-06-26,META,2026-07-17,21,695.0,550.25,0.0,put,0.6852,141.05,148.65,144.85,1052,0,-0.9068,6.87,20.842,362.25,market
2026-06-26,META,2026-07-17,21,700.0,550.25,0.0,put,0.7047,146.05,153.75,149.9,35,19,-0.907,6.79,21.414,372.2,market
2026-06-26,META,2026-07-17,21,705.0,550.25,0.0,put,0.7154,151.05,158.65,154.85,1,0,-0.9101,6.51,21.965,381.76,market
2026-06-26,META,2026-07-17,21,710.0,550.25,0.0,put,0.7257,156.0,163.55,159.775,29,9,-0.9132,6.24,22.504,391.13,market
2026-06-26,META,2026-07-17,21,715.0,550.25,0.0,put,0.7356,161.0,168.45,164.725,1,0,-0.9162,5.98,23.038,400.43,market
2026-06-26,META,2026-07-17,21,720.0,550.25,0.0,put,0.728,166.0,173.0,169.5,112,0,-0.9245,5.36,23.542,409.18,market
2026-06-26,META,2026-07-17,21,725.0,550.25,0.0,put,0.0,138.1,142.4,140.25,0,5,-1.0,0.0,19.345,336.23,market
2026-06-26,META,2026-07-17,21,730.0,550.25,0.0,put,0.806,176.0,184.05,180.025,24,7,-0.9116,6.13,24.661,428.63,market
2026-06-26,META,2026-07-17,21,735.0,550.25,0.0,put,0.8134,181.0,188.9,184.95,2,0,-0.9149,5.86,25.163,437.36,market
2026-06-26,META,2026-07-17,21,740.0,550.25,0.0,put,0.7494,186.0,192.4,189.2,16,0,-0.9385,4.25,25.568,444.39,market
2026-06-26,META,2026-07-17,21,745.0,550.25,0.0,put,0.502,191.0,198.85,194.925,27,0,-0.9925,0.53,26.164,454.76,market
2026-06-26,META,2026-07-17,21,750.0,550.25,0.0,put,0.8376,196.15,203.55,199.85,6941,5,-0.9232,5.18,26.647,463.14,market
2026-06-26,META,2026-07-17,21,755.0,550.25,0.0,put,0.8559,201.0,208.65,204.825,1,0,-0.9228,5.16,27.129,471.53,market
2026-06-26,META,2026-07-17,21,760.0,550.25,0.0,put,0.8004,206.05,212.4,209.225,85,0,-0.9419,3.89,27.53,478.49,market
2026-06-26,META,2026-07-17,21,765.0,550.25,0.0,put,0.8159,211.0,217.45,214.225,0,0,-0.9419,3.86,28.003,486.72,market
2026-06-26,META,2026-07-17,21,770.0,550.25,0.0,put,0.89,216.0,223.55,219.775,6,0,-0.927,4.77,28.542,496.09,market
2026-06-26,META,2026-07-17,21,780.0,550.25,0.0,put,0.9153,226.0,233.55,229.775,4,0,-0.9287,4.59,29.458,512.01,market
2026-06-26,META,2026-07-17,21,785.0,550.25,0.0,put,0.5928,231.1,238.85,234.975,0,0,-0.992,0.54,29.933,520.27,market
2026-06-26,META,2026-07-17,21,790.0,550.25,0.0,put,0.9402,236.0,243.55,239.775,1,0,-0.9303,4.42,30.351,527.53,market
2026-06-26,META,2026-07-17,21,795.0,550.25,0.0,put,0.6187,241.05,248.95,245.0,15,0,-0.9915,0.56,30.818,535.64,market
2026-06-26,META,2026-07-17,21,800.0,550.25,0.0,put,0.6118,246.05,253.85,249.95,10,0,-0.993,0.46,31.244,543.05,market
2026-06-26,META,2026-07-17,21,805.0,550.25,0.0,put,0.5898,251.0,258.75,254.875,0,0,-0.9953,0.31,31.661,550.31,market
2026-06-26,META,2026-07-17,21,810.0,550.25,0.0,put,0.0,222.25,226.95,224.6,1,0,-1.0,0.0,27.728,481.95,market
2026-06-26,META,2026-07-17,21,820.0,550.25,0.0,put,0.5352,266.0,273.55,269.775,1,0,-0.9987,0.08,32.899,571.82,market
2026-06-26,META,2026-07-17,21,825.0,550.25,0.0,put,0.6455,271.0,278.85,274.925,0,0,-0.9941,0.37,33.324,579.21,market
2026-06-26,META,2026-07-17,21,830.0,550.25,0.0,put,0.0,242.25,246.9,244.575,1,0,-1.0,0.0,29.467,512.16,market
2026-06-26,META,2026-07-17,21,835.0,550.25,0.0,put,0.0,247.25,251.9,249.575,0,0,-1.0,0.0,29.889,519.5,market
2026-06-26,META,2026-07-17,21,840.0,550.25,0.0,put,0.0,223.45,230.05,226.75,1,16,-1.0,0.0,26.994,469.18,market
2026-06-26,META,2026-07-17,21,850.0,550.25,0.0,put,0.0,262.25,266.9,264.575,2,0,-1.0,0.0,31.126,541.01,market
2026-06-26,META,2026-07-17,21,870.0,550.25,0.0,put,1.0761,316.0,322.8,319.4,0,0,-0.9489,2.92,36.713,638.1,market
2026-06-26,META,2026-07-17,21,880.0,550.25,0.0,put,0.7344,326.0,333.85,329.925,1,0,-0.9948,0.31,37.491,651.64,market
2026-06-26,META,2026-07-17,21,890.0,550.25,0.0,put,0.0,0.0,0.0,337.193,0,0,-1.0,0.0,37.887,658.51,bs_fallback
2026-06-26,META,2026-07-17,21,900.0,550.25,0.0,put,0.0,0.0,0.0,347.165,70,0,-1.0,0.0,38.574,670.45,bs_fallback
2026-06-26,META,2026-07-17,21,910.0,550.25,0.0,put,0.0,0.0,0.0,357.136,3,0,-1.0,0.0,39.246,682.13,bs_fallback
2026-06-26,META,2026-07-17,21,920.0,550.25,0.0,put,0.0,260.95,267.6,264.275,0,0,-1.0,0.0,28.726,499.28,market
2026-06-26,META,2026-07-17,21,930.0,550.25,0.0,put,0.0,319.05,326.1,322.575,3,0,-1.0,0.0,34.685,602.87,market
2026-06-26,META,2026-07-17,21,940.0,550.25,0.0,put,0.0,280.95,286.8,283.875,0,0,-1.0,0.0,30.199,524.9,market
2026-06-26,META,2026-07-17,21,970.0,550.25,0.0,put,0.0,0.0,0.0,416.964,0,0,-1.0,0.0,42.986,747.14,bs_fallback
2026-06-26,META,2026-07-17,21,980.0,550.25,0.0,put,0.0,362.8,369.65,366.225,32,0,-1.0,0.0,37.37,649.52,market
2026-06-26,META,2026-07-17,21,990.0,550.25,0.0,put,0.0,330.95,336.8,333.875,0,0,-1.0,0.0,33.725,586.17,market
2026-06-26,META,2026-07-17,21,1000.0,550.25,0.0,put,0.0,340.95,346.8,343.875,67,0,-1.0,0.0,34.387,597.69,market
2026-06-26,META,2026-07-17,21,1060.0,550.25,0.0,put,0.0,472.3,476.85,474.575,0,0,-1.0,0.0,44.771,778.17,market
2026-06-26,META,2026-07-24,28,250.0,550.25,54.57,put,1.5322,0.0,4.2,1.854,10,11,-0.0188,95.11,0.742,9.67,bs_fallback
2026-06-26,META,2026-07-24,28,280.0,550.25,49.11,put,1.3401,0.0,4.3,1.896,11,11,-0.0219,95.0,0.677,8.83,bs_fallback
2026-06-26,META,2026-07-24,28,300.0,550.25,45.48,put,1.2217,0.0,4.35,1.918,0,1,-0.0242,94.9,0.639,8.33,bs_fallback
2026-06-26,META,2026-07-24,28,330.0,550.25,40.03,put,0.9355,0.0,2.23,0.96,0,2,-0.0171,96.84,0.291,3.79,bs_fallback
2026-06-26,META,2026-07-24,28,340.0,550.25,38.21,put,0.8875,0.0,2.23,0.959,1,15,-0.018,96.79,0.282,3.68,bs_fallback
2026-06-26,META,2026-07-24,28,350.0,550.25,36.39,put,0.6978,0.0,0.63,0.258,25,3,-0.007,98.82,0.074,0.96,bs_fallback
2026-06-26,META,2026-07-24,28,380.0,550.25,30.94,put,0.5752,0.0,0.57,0.231,4,3,-0.0076,98.83,0.061,0.79,bs_fallback
2026-06-26,META,2026-07-24,28,390.0,550.25,29.12,put,0.5391,0.01,0.56,0.285,2,4,-0.0081,98.8,0.073,0.95,market
2026-06-26,META,2026-07-24,28,400.0,550.25,27.31,put,0.519,0.1,0.61,0.355,3,39,-0.0103,98.51,0.089,1.16,market
2026-06-26,META,2026-07-24,28,405.0,550.25,26.4,put,0.5488,0.01,0.65,0.33,1,1,-0.0171,97.53,0.081,1.06,market
2026-06-26,META,2026-07-24,28,420.0,550.25,23.67,put,0.5105,0.1,0.81,0.455,1,30,-0.0223,96.9,0.108,1.41,market
2026-06-26,META,2026-07-24,28,425.0,550.25,22.76,put,0.4924,0.12,0.82,0.47,6,6,-0.0233,96.81,0.111,1.44,market
2026-06-26,META,2026-07-24,28,430.0,550.25,21.85,put,0.4833,0.18,0.92,0.55,1,11,-0.0263,96.44,0.128,1.67,market
2026-06-26,META,2026-07-24,28,435.0,550.25,20.95,put,0.4705,0.32,0.99,0.655,9,18,-0.0288,96.15,0.151,1.96,market
2026-06-26,META,2026-07-24,28,445.0,550.25,19.13,put,0.4528,0.4,1.26,0.83,1,6,-0.037,95.16,0.187,2.43,market
2026-06-26,META,2026-07-24,28,450.0,550.25,18.22,put,0.5846,0.4,4.4,2.4,9,89,-0.089,88.2,0.533,6.95,market
2026-06-26,META,2026-07-24,28,455.0,550.25,17.31,put,0.406,0.72,1.15,0.935,5,16,-0.0375,95.24,0.205,2.68,market
2026-06-26,META,2026-07-24,28,460.0,550.25,16.4,put,0.4165,0.89,1.63,1.26,3,16,-0.0501,93.68,0.274,3.57,market
2026-06-26,META,2026-07-24,28,465.0,550.25,15.49,put,0.4034,0.99,1.76,1.375,2,33,-0.0552,93.12,0.296,3.85,market
2026-06-26,META,2026-07-24,28,470.0,550.25,14.58,put,0.4096,1.26,2.32,1.79,5,70,-0.0694,91.41,0.381,4.96,market
2026-06-26,META,2026-07-24,28,475.0,550.25,13.68,put,0.3989,1.43,2.57,2.0,2,19,-0.0776,90.5,0.421,5.49,market
2026-06-26,META,2026-07-24,28,480.0,550.25,12.77,put,0.3911,1.78,2.93,2.355,18,48,-0.0884,89.29,0.491,6.4,market
2026-06-26,META,2026-07-24,28,485.0,550.25,11.86,put,0.3837,2.25,3.35,2.8,11,38,-0.1008,87.91,0.577,7.53,market
2026-06-26,META,2026-07-24,28,490.0,550.25,10.95,put,0.3878,2.5,4.2,3.35,12,123,-0.1212,85.58,0.684,8.91,market
2026-06-26,META,2026-07-24,28,495.0,550.25,10.04,put,0.3811,2.55,4.8,3.675,101,138,-0.1375,83.79,0.742,9.68,market
2026-06-26,META,2026-07-24,28,500.0,550.25,9.13,put,0.3633,3.7,5.05,4.375,96,356,-0.1491,82.63,0.875,11.41,market
2026-06-26,META,2026-07-24,28,505.0,550.25,8.22,put,0.3546,4.6,5.7,5.15,61,533,-0.168,80.61,1.02,13.29,market
2026-06-26,META,2026-07-24,28,510.0,550.25,7.31,put,0.3496,5.6,6.6,6.1,649,223,-0.1915,78.1,1.196,15.59,market
2026-06-26,META,2026-07-24,28,515.0,550.25,6.41,put,0.3641,6.8,8.55,7.675,90,404,-0.2281,74.03,1.49,19.43,market
2026-06-26,META,2026-07-24,28,520.0,550.25,5.5,put,0.3541,8.0,9.5,8.75,643,629,-0.2531,71.45,1.683,21.94,market
2026-06-26,META,2026-07-24,28,525.0,550.25,4.59,put,0.3523,9.45,11.0,10.225,37,427,-0.2845,68.15,1.948,25.39,market
2026-06-26,META,2026-07-24,28,530.0,550.25,3.68,put,0.3449,11.0,12.35,11.675,19,391,-0.3155,64.99,2.203,28.72,market
2026-06-26,META,2026-07-24,28,535.0,550.25,2.77,put,0.3529,12.8,14.75,13.775,21,177,-0.3536,60.95,2.575,33.56,market
2026-06-26,META,2026-07-24,28,540.0,550.25,1.86,put,0.3382,14.7,16.0,15.35,28,314,-0.3865,57.72,2.843,37.06,market
2026-06-26,META,2026-07-24,28,545.0,550.25,0.95,put,0.3424,16.85,18.55,17.7,47,578,-0.4251,53.75,3.248,42.34,market
2026-06-26,META,2026-07-24,28,550.0,550.25,0.05,put,0.3336,19.25,20.5,19.875,64,322,-0.4631,50.01,3.614,47.11,market
2026-06-26,META,2026-07-24,28,555.0,550.25,0.0,put,0.3541,21.7,24.45,23.075,40,185,-0.4998,46.11,4.158,54.2,market
2026-06-26,META,2026-07-24,28,560.0,550.25,0.0,put,0.3377,24.45,26.3,25.375,63,319,-0.5398,42.33,4.531,59.07,market
2026-06-26,META,2026-07-24,28,565.0,550.25,0.0,put,0.346,26.85,29.85,28.35,13,248,-0.5746,38.82,5.018,65.41,market
2026-06-26,META,2026-07-24,28,570.0,550.25,0.0,put,0.3424,29.2,32.85,31.025,40,396,-0.6118,35.24,5.443,70.95,market
2026-06-26,META,2026-07-24,28,575.0,550.25,0.0,put,0.3444,31.3,36.35,33.825,5,124,-0.6456,31.96,5.883,76.68,market
2026-06-26,META,2026-07-24,28,580.0,550.25,0.0,put,0.3428,35.1,39.8,37.45,22,689,-0.6796,28.72,6.457,84.17,market
2026-06-26,META,2026-07-24,28,585.0,550.25,0.0,put,0.342,38.75,43.45,41.1,4,455,-0.7118,25.68,7.026,91.58,market
2026-06-26,META,2026-07-24,28,590.0,550.25,0.0,put,0.3414,42.3,47.25,44.775,8,299,-0.7421,22.83,7.589,98.93,market
2026-06-26,META,2026-07-24,28,595.0,550.25,0.0,put,0.3633,46.0,52.25,49.125,9,54,-0.7544,21.5,8.256,107.63,market
2026-06-26,META,2026-07-24,28,600.0,550.25,0.0,put,0.375,50.45,56.8,53.625,12,702,-0.7717,19.81,8.938,116.51,market
2026-06-26,META,2026-07-24,28,605.0,550.25,0.0,put,0.3899,54.2,61.55,57.875,3,98,-0.7849,18.49,9.566,124.7,market
2026-06-26,META,2026-07-24,28,610.0,550.25,0.0,put,0.3946,58.7,65.9,62.3,13,85,-0.8033,16.78,10.213,133.14,market
2026-06-26,META,2026-07-24,28,615.0,550.25,0.0,put,0.4051,63.2,70.55,66.875,5,35,-0.8163,15.54,10.874,141.75,market
2026-06-26,META,2026-07-24,28,620.0,550.25,0.0,put,0.4247,67.5,75.6,71.55,7,61,-0.822,14.9,11.54,150.44,market
2026-06-26,META,2026-07-24,28,625.0,550.25,0.0,put,0.415,72.3,79.55,75.925,1,44,-0.8455,12.87,12.148,158.36,market
2026-06-26,META,2026-07-24,28,630.0,550.25,0.0,put,0.4221,77.0,84.2,80.6,4,35,-0.8569,11.83,12.794,166.77,market
2026-06-26,META,2026-07-24,28,635.0,550.25,0.0,put,0.4488,81.6,89.55,85.575,1,57,-0.8553,11.83,13.476,175.67,market
2026-06-26,META,2026-07-24,28,640.0,550.25,0.0,put,0.4548,86.6,94.2,90.4,1,34,-0.8656,10.9,14.125,184.13,market
2026-06-26,META,2026-07-24,28,645.0,550.25,0.0,put,0.4693,91.25,99.15,95.2,1,8,-0.8703,10.42,14.76,192.4,market
2026-06-26,META,2026-07-24,28,650.0,550.25,0.0,put,0.4802,96.15,104.0,100.075,2,18,-0.8764,9.85,15.396,200.7,market
2026-06-26,META,2026-07-24,28,655.0,550.25,0.0,put,0.489,101.2,108.8,105.0,5,8,-0.8831,9.24,16.031,208.97,market
2026-06-26,META,2026-07-24,28,660.0,550.25,0.0,put,0.5039,106.3,113.8,110.05,1,29,-0.8861,8.93,16.674,217.36,market
2026-06-26,META,2026-07-24,28,665.0,550.25,0.0,put,0.5253,111.0,119.0,115.0,5,0,-0.8855,8.88,17.293,225.43,market
2026-06-26,META,2026-07-24,28,670.0,550.25,0.0,put,0.5261,116.15,123.6,119.875,3,1,-0.8948,8.11,17.892,233.23,market
2026-06-26,META,2026-07-24,28,675.0,550.25,0.0,put,0.533,121.15,128.4,124.775,2,1,-0.9005,7.61,18.485,240.97,market
2026-06-26,META,2026-07-24,28,680.0,550.25,0.0,put,0.5449,126.15,133.35,129.75,1,0,-0.9035,7.31,19.081,248.73,market
2026-06-26,META,2026-07-24,28,685.0,550.25,0.0,put,0.5642,131.1,138.5,134.8,2,0,-0.903,7.28,19.679,256.53,market
2026-06-26,META,2026-07-24,28,690.0,550.25,0.0,put,0.5834,136.0,143.65,139.825,19,0,-0.9025,7.25,20.264,264.16,market
2026-06-26,META,2026-07-24,28,695.0,550.25,0.0,put,0.5911,141.15,148.5,144.825,0,0,-0.9068,6.88,20.838,271.64,market
2026-06-26,META,2026-07-24,28,700.0,550.25,0.0,put,0.6043,146.0,153.5,149.75,1,0,-0.9085,6.69,21.393,278.87,market
2026-06-26,META,2026-07-24,28,710.0,550.25,0.0,put,0.6361,156.0,163.65,159.825,0,0,-0.9094,6.51,22.511,293.44,market
2026-06-26,META,2026-07-24,28,720.0,550.25,0.0,put,0.6674,166.15,173.8,169.975,0,0,-0.9101,6.35,23.608,307.74,market
2026-06-26,META,2026-07-31,35,330.0,550.25,40.03,put,0.9496,0.0,4.45,1.98,7,28,-0.0286,94.61,0.6,6.26,bs_fallback
2026-06-26,META,2026-07-31,35,350.0,550.25,36.39,put,0.667,0.0,1.0,0.423,8,40,-0.0103,98.26,0.121,1.26,bs_fallback
2026-06-26,META,2026-07-31,35,360.0,550.25,34.58,put,0.6306,0.0,1.01,0.425,5,22,-0.0109,98.21,0.118,1.23,bs_fallback
2026-06-26,META,2026-07-31,35,370.0,550.25,32.76,put,0.6248,0.0,1.41,0.599,3,20,-0.0149,97.61,0.162,1.69,bs_fallback
2026-06-26,META,2026-07-31,35,380.0,550.25,30.94,put,0.5925,0.0,1.48,0.629,1,21,-0.0164,97.45,0.166,1.73,bs_fallback
2026-06-26,META,2026-07-31,35,390.0,550.25,29.12,put,0.5737,0.0,1.79,0.764,6,14,-0.02,96.96,0.196,2.04,bs_fallback
2026-06-26,META,2026-07-31,35,400.0,550.25,27.31,put,0.5541,0.7,1.44,1.07,302,324,-0.0243,96.41,0.268,2.79,market
2026-06-26,META,2026-07-31,35,405.0,550.25,26.4,put,0.5275,0.04,1.92,0.98,2,8,-0.0234,96.59,0.242,2.52,market
2026-06-26,META,2026-07-31,35,410.0,550.25,25.49,put,0.52,0.01,2.19,1.1,1,17,-0.0264,96.22,0.268,2.8,market
2026-06-26,META,2026-07-31,35,415.0,550.25,24.58,put,0.5684,0.01,2.07,1.04,1,14,-0.0429,93.85,0.251,2.61,market
2026-06-26,META,2026-07-31,35,420.0,550.25,23.67,put,0.5177,0.65,2.48,1.565,2,21,-0.0363,94.89,0.373,3.89,market
2026-06-26,META,2026-07-31,35,425.0,550.25,22.76,put,0.5017,0.54,2.68,1.61,2,14,-0.0383,94.69,0.379,3.95,market
2026-06-26,META,2026-07-31,35,430.0,550.25,21.85,put,0.5702,0.2,3.35,1.775,2,13,-0.0653,90.91,0.413,4.3,market
2026-06-26,META,2026-07-31,35,435.0,550.25,20.95,put,0.5168,1.23,2.61,1.92,12,11,-0.0572,92.2,0.441,4.6,market
2026-06-26,META,2026-07-31,35,440.0,550.25,20.04,put,0.5223,1.45,3.2,2.325,11,13,-0.0677,90.85,0.528,5.51,market
2026-06-26,META,2026-07-31,35,445.0,550.25,19.13,put,0.5173,1.8,3.6,2.7,1,113,-0.0756,89.89,0.607,6.33,market
2026-06-26,META,2026-07-31,35,450.0,550.25,18.22,put,0.4851,2.3,3.3,2.8,12,294,-0.0741,90.25,0.622,6.49,market
2026-06-26,META,2026-07-31,35,455.0,550.25,17.31,put,0.5048,2.28,4.45,3.365,2,37,-0.0926,87.87,0.74,7.71,market
2026-06-26,META,2026-07-31,35,460.0,550.25,16.4,put,0.4974,2.8,4.9,3.85,2,47,-0.1018,86.81,0.837,8.73,market
2026-06-26,META,2026-07-31,35,465.0,550.25,15.49,put,0.4959,2.89,5.6,4.245,13,53,-0.1142,85.33,0.913,9.52,market
2026-06-26,META,2026-07-31,35,470.0,550.25,14.58,put,0.4762,3.75,5.7,4.725,25,52,-0.1199,84.8,1.005,10.48,market
2026-06-26,META,2026-07-31,35,475.0,550.25,13.68,put,0.4578,4.15,5.85,5.0,53,231,-0.1267,84.14,1.053,10.98,market
2026-06-26,META,2026-07-31,35,480.0,550.25,12.77,put,0.4781,4.55,7.6,6.075,80,110,-0.1518,81.08,1.266,13.2,market
2026-06-26,META,2026-07-31,35,485.0,550.25,11.86,put,0.4801,5.05,8.75,6.9,6,60,-0.1696,79.01,1.423,14.84,market
2026-06-26,META,2026-07-31,35,490.0,550.25,10.95,put,0.4609,5.45,9.0,7.225,6,130,-0.1794,78.08,1.474,15.38,market
2026-06-26,META,2026-07-31,35,495.0,550.25,10.04,put,0.4473,7.0,9.55,8.275,36,87,-0.1928,76.71,1.672,17.43,market
2026-06-26,META,2026-07-31,35,500.0,550.25,9.13,put,0.4407,7.75,10.5,9.125,148,422,-0.2104,74.81,1.825,19.03,market
2026-06-26,META,2026-07-31,35,505.0,550.25,8.22,put,0.439,9.7,11.8,10.75,16,218,-0.2313,72.53,2.129,22.2,market
2026-06-26,META,2026-07-31,35,510.0,550.25,7.31,put,0.4666,10.4,14.9,12.65,114,307,-0.264,68.67,2.48,25.87,market
2026-06-26,META,2026-07-31,35,515.0,550.25,6.41,put,0.4633,11.75,16.4,14.075,39,328,-0.2855,66.39,2.733,28.5,market
2026-06-26,META,2026-07-31,35,520.0,550.25,5.5,put,0.4436,13.1,17.0,15.05,52,297,-0.3032,64.72,2.894,30.18,market
2026-06-26,META,2026-07-31,35,525.0,550.25,4.59,put,0.4545,14.8,19.6,17.2,19,200,-0.3306,61.69,3.276,34.17,market
2026-06-26,META,2026-07-31,35,530.0,550.25,3.68,put,0.4414,16.2,20.8,18.5,114,564,-0.3528,59.53,3.491,36.4,market
2026-06-26,META,2026-07-31,35,535.0,550.25,2.77,put,0.4298,18.3,22.2,20.25,43,151,-0.3769,57.17,3.785,39.47,market
2026-06-26,META,2026-07-31,35,540.0,550.25,1.86,put,0.4403,20.25,25.2,22.725,95,232,-0.4047,54.18,4.208,43.89,market
2026-06-26,META,2026-07-31,35,545.0,550.25,0.95,put,0.4384,22.95,27.5,25.225,30,242,-0.431,51.52,4.628,48.27,market
2026-06-26,META,2026-07-31,35,550.0,550.25,0.05,put,0.4367,27.1,29.95,28.525,278,962,-0.4576,48.85,5.186,54.09,market
2026-06-26,META,2026-07-31,35,555.0,550.25,0.0,put,0.4375,27.2,32.7,29.95,18,182,-0.4842,46.18,5.396,56.28,market
2026-06-26,META,2026-07-31,35,560.0,550.25,0.0,put,0.4371,29.9,35.5,32.7,7,291,-0.5106,43.56,5.839,60.9,market
2026-06-26,META,2026-07-31,35,565.0,550.25,0.0,put,0.4334,33.0,38.2,35.6,6,219,-0.5375,40.96,6.301,65.71,market
2026-06-26,META,2026-07-31,35,570.0,550.25,0.0,put,0.433,35.6,41.25,38.425,213,395,-0.5636,38.43,6.741,70.3,market
2026-06-26,META,2026-07-31,35,575.0,550.25,0.0,put,0.4338,38.75,44.5,41.625,1,203,-0.5889,35.98,7.239,75.49,market
2026-06-26,META,2026-07-31,35,580.0,550.25,0.0,put,0.4479,42.3,48.75,45.525,16,100,-0.6086,33.93,7.849,81.86,market
2026-06-26,META,2026-07-31,35,585.0,550.25,0.0,put,0.4462,44.75,52.05,48.4,7,117,-0.6329,31.65,8.274,86.28,market
2026-06-26,META,2026-07-31,35,590.0,550.25,0.0,put,0.441,49.45,55.25,52.35,5,50,-0.6581,29.33,8.873,92.53,market
2026-06-26,META,2026-07-31,35,595.0,550.25,0.0,put,0.4609,52.15,60.1,56.125,17,40,-0.6711,27.91,9.433,98.37,market
2026-06-26,META,2026-07-31,35,600.0,550.25,0.0,put,0.4651,55.75,64.05,59.9,6,144,-0.69,26.12,9.983,104.11,market
2026-06-26,META,2026-07-31,35,605.0,550.25,0.0,put,0.4576,59.4,67.4,63.4,1,16,-0.7138,24.0,10.479,109.28,market
2026-06-26,META,2026-07-31,35,610.0,550.25,0.0,put,0.4704,63.35,72.0,67.675,8,22,-0.7264,22.73,11.094,115.7,market
2026-06-26,META,2026-07-31,35,615.0,550.25,0.0,put,0.4595,67.45,75.35,71.4,6,47,-0.7508,20.63,11.61,121.07,market
2026-06-26,META,2026-07-31,35,620.0,550.25,0.0,put,0.4693,71.65,79.9,75.775,20,50,-0.7629,19.46,12.222,127.46,market
2026-06-26,META,2026-07-31,35,625.0,550.25,0.0,put,0.4685,76.0,83.95,79.975,2,29,-0.7801,17.94,12.796,133.44,market
2026-06-26,META,2026-07-31,35,630.0,550.25,0.0,put,0.4671,80.15,88.05,84.1,1,39,-0.7968,16.48,13.349,139.21,market
2026-06-26,META,2026-07-31,35,635.0,550.25,0.0,put,0.4717,84.6,92.5,88.55,1,20,-0.8092,15.37,13.945,145.43,market
2026-06-26,META,2026-07-31,35,640.0,550.25,0.0,put,0.4877,89.15,97.5,93.325,2,39,-0.8141,14.82,14.582,152.07,market
2026-06-26,META,2026-07-31,35,645.0,550.25,0.0,put,0.4794,93.55,101.45,97.5,2,34,-0.8324,13.3,15.116,157.64,market
2026-06-26,META,2026-07-31,35,650.0,550.25,0.0,put,0.4847,98.55,106.05,102.3,11,45,-0.842,12.45,15.738,164.13,market
2026-06-26,META,2026-07-31,35,655.0,550.25,0.0,put,0.4855,103.1,110.5,106.8,1,10,-0.8536,11.46,16.305,170.04,market
2026-06-26,META,2026-07-31,35,660.0,550.25,0.0,put,0.5023,107.45,115.6,111.525,3,32,-0.8556,11.19,16.898,176.22,market
2026-06-26,META,2026-07-31,35,665.0,550.25,0.0,put,0.4932,112.65,119.75,116.2,3,10,-0.8713,9.94,17.474,182.23,market
2026-06-26,META,2026-07-31,35,670.0,550.25,0.0,put,0.5164,117.0,125.1,121.05,6,14,-0.8689,10.0,18.067,188.41,market
2026-06-26,META,2026-07-31,35,675.0,550.25,0.0,put,0.5067,122.0,129.3,125.65,3,3,-0.8836,8.85,18.615,194.13,market
2026-06-26,META,2026-07-31,35,680.0,550.25,0.0,put,0.518,126.6,134.25,130.425,3,47,-0.8868,8.53,19.18,200.02,market
2026-06-26,META,2026-07-31,35,685.0,550.25,0.0,put,0.5383,131.4,139.5,135.45,1,5,-0.8853,8.55,19.774,206.21,market
2026-06-26,META,2026-07-31,35,700.0,550.25,0.0,put,0.5594,146.0,154.0,150.0,20,59,-0.8989,7.37,21.429,223.47,market
2026-06-26,META,2026-07-31,35,720.0,550.25,0.0,put,0.6043,166.0,173.95,169.975,15,0,-0.9062,6.62,23.608,246.19,market
2026-06-26,META,2026-07-31,35,750.0,550.25,0.0,put,0.6663,196.0,203.85,199.925,28,0,-0.9154,5.7,26.657,277.99,market
2026-06-26,META,2026-07-31,35,800.0,550.25,0.0,put,0.7521,246.0,253.5,249.75,3,0,-0.9292,4.43,31.219,325.57,market
2026-06-26,NVDA,2026-07-17,21,15.0,192.53,92.21,put,3.125,0.0,0.01,0.003,1,3,-0.0001,99.88,0.021,0.37,bs_fallback
2026-06-26,NVDA,2026-07-17,21,17.5,192.53,90.91,put,5.457,0.0,1.92,0.843,0,1,-0.0064,88.1,4.818,83.74,bs_fallback
2026-06-26,NVDA,2026-07-17,21,20.0,192.53,89.61,put,2.75,0.0,0.01,0.003,1,12,-0.0001,99.91,0.015,0.25,bs_fallback
2026-06-26,NVDA,2026-07-17,21,30.0,192.53,84.42,put,4.166,0.0,1.92,0.837,0,1340,-0.0091,91.37,2.791,48.51,bs_fallback
2026-06-26,NVDA,2026-07-17,21,35.0,192.53,81.82,put,3.8164,0.0,1.92,0.836,2,842,-0.0101,92.04,2.39,41.54,bs_fallback
2026-06-26,NVDA,2026-07-17,21,40.0,192.53,79.22,put,3.5186,0.0,1.92,0.835,4,4389,-0.0111,92.55,2.088,36.28,bs_fallback
2026-06-26,NVDA,2026-07-17,21,45.0,192.53,76.63,put,3.2598,0.0,1.92,0.834,10,1860,-0.0121,92.95,1.853,32.21,bs_fallback
2026-06-26,NVDA,2026-07-17,21,50.0,192.53,74.03,put,1.8125,0.0,0.03,0.011,2,15023,-0.0004,99.81,0.022,0.38,bs_fallback
2026-06-26,NVDA,2026-07-17,21,55.0,192.53,71.43,put,1.8516,0.0,0.08,0.031,100,2248,-0.0011,99.54,0.056,0.98,bs_fallback
2026-06-26,NVDA,2026-07-17,21,60.0,192.53,68.84,put,1.4375,0.0,0.01,0.003,22,200,-0.0002,99.94,0.005,0.1,bs_fallback
2026-06-26,NVDA,2026-07-17,21,65.0,192.53,66.24,put,1.4688,0.01,0.02,0.015,200,6664,-0.0005,99.82,0.023,0.4,market
2026-06-26,NVDA,2026-07-17,21,70.0,192.53,63.64,put,1.3281,0.0,0.02,0.007,236,1616,-0.0004,99.88,0.01,0.18,bs_fallback
2026-06-26,NVDA,2026-07-17,21,75.0,192.53,61.05,put,2.1309,0.0,1.74,0.752,20,1042,-0.0176,94.46,1.002,17.42,bs_fallback
2026-06-26,NVDA,2026-07-17,21,80.0,192.53,58.45,put,1.9893,0.01,1.69,0.85,440,2500,-0.0185,94.61,1.062,18.47,market
2026-06-26,NVDA,2026-07-17,21,85.0,192.53,55.85,put,1.2148,0.03,0.04,0.035,1,1509,-0.0015,99.62,0.041,0.72,market
2026-06-26,NVDA,2026-07-17,21,90.0,192.53,53.25,put,1.1641,0.03,0.06,0.045,29,2585,-0.002,99.53,0.05,0.87,market
2026-06-26,NVDA,2026-07-17,21,95.0,192.53,50.66,put,1.1094,0.04,0.07,0.055,9,10820,-0.0026,99.43,0.058,1.01,market
2026-06-26,NVDA,2026-07-17,21,100.0,192.53,48.06,put,1.0117,0.02,0.07,0.045,36,9857,-0.0023,99.52,0.045,0.78,market
2026-06-26,NVDA,2026-07-17,21,105.0,192.53,45.46,put,0.9648,0.02,0.09,0.055,411,14408,-0.003,99.41,0.052,0.91,market
2026-06-26,NVDA,2026-07-17,21,110.0,192.53,42.87,put,0.9121,0.03,0.1,0.065,119,4479,-0.0037,99.31,0.059,1.03,market
2026-06-26,NVDA,2026-07-17,21,115.0,192.53,40.27,put,0.8516,0.04,0.1,0.07,413,7174,-0.0042,99.26,0.061,1.06,market
2026-06-26,NVDA,2026-07-17,21,120.0,192.53,37.67,put,0.8799,0.09,0.24,0.165,214,6480,-0.0092,98.41,0.138,2.39,market
2026-06-26,NVDA,2026-07-17,21,125.0,192.53,35.08,put,0.7734,0.1,0.13,0.115,618,14477,-0.0074,98.78,0.092,1.6,market
2026-06-26,NVDA,2026-07-17,21,130.0,192.53,32.48,put,0.7725,0.12,0.3,0.21,392,15825,-0.013,97.94,0.162,2.81,market
2026-06-26,NVDA,2026-07-17,21,135.0,192.53,29.88,put,0.7119,0.11,0.33,0.22,61,6934,-0.0146,97.78,0.163,2.83,market
2026-06-26,NVDA,2026-07-17,21,140.0,192.53,27.28,put,0.6553,0.16,0.31,0.235,1509,24560,-0.0168,97.54,0.168,2.92,market
2026-06-26,NVDA,2026-07-17,21,145.0,192.53,24.69,put,0.5815,0.2,0.22,0.21,597,16054,-0.0169,97.63,0.145,2.52,market
2026-06-26,NVDA,2026-07-17,21,150.0,192.53,22.09,put,0.5435,0.23,0.31,0.27,725,28790,-0.0226,96.94,0.18,3.13,market
2026-06-26,NVDA,2026-07-17,21,155.0,192.53,19.49,put,0.5044,0.31,0.38,0.345,645,19020,-0.0303,96.04,0.223,3.87,market
2026-06-26,NVDA,2026-07-17,21,160.0,192.53,16.9,put,0.4771,0.42,0.5,0.46,719,20504,-0.0446,94.36,0.287,5.0,market
2026-06-26,NVDA,2026-07-17,21,165.0,192.53,14.3,put,0.4412,0.61,0.67,0.64,959,18622,-0.062,92.4,0.388,6.74,market
2026-06-26,NVDA,2026-07-17,21,170.0,192.53,11.7,put,0.4211,0.93,1.04,0.985,2445,20889,-0.0949,88.69,0.579,10.07,market
2026-06-26,NVDA,2026-07-17,21,175.0,192.53,9.11,put,0.398,1.44,1.56,1.5,2175,26141,-0.1405,83.71,0.857,14.9,market
2026-06-26,NVDA,2026-07-17,21,180.0,192.53,6.51,put,0.3849,2.29,2.46,2.375,6849,84478,-0.2101,76.24,1.319,22.93,market
2026-06-26,NVDA,2026-07-17,21,185.0,192.53,3.91,put,0.3746,3.55,3.8,3.675,3279,23386,-0.3012,66.68,1.986,34.53,market
2026-06-26,NVDA,2026-07-17,21,190.0,192.53,1.31,put,0.3707,5.4,5.75,5.575,4256,38844,-0.4108,55.43,2.934,51.0,market
2026-06-26,NVDA,2026-07-17,21,195.0,192.53,0.0,put,0.3688,7.9,8.3,8.1,4775,30381,-0.5269,43.81,4.154,72.2,market
2026-06-26,NVDA,2026-07-17,21,200.0,192.53,0.0,put,0.3865,11.0,11.75,11.375,22332,59636,-0.6305,33.51,5.688,98.85,market
2026-06-26,NVDA,2026-07-17,21,205.0,192.53,0.0,put,0.3709,14.15,15.1,14.625,421,23045,-0.7352,23.65,7.134,124.0,market
2026-06-26,NVDA,2026-07-17,21,210.0,192.53,0.0,put,0.4498,18.35,20.2,19.275,936,30240,-0.7656,20.26,9.179,159.53,market
2026-06-26,NVDA,2026-07-17,21,215.0,192.53,0.0,put,0.407,22.85,23.85,23.35,329,11733,-0.8537,12.51,10.86,188.77,market
2026-06-26,NVDA,2026-07-17,21,220.0,192.53,0.0,put,0.4314,27.6,28.55,28.075,1703,13461,-0.8867,9.46,12.761,221.8,market
2026-06-26,NVDA,2026-07-17,21,225.0,192.53,0.0,put,0.4879,32.55,33.6,33.075,391,7435,-0.8941,8.6,14.7,255.5,market
2026-06-26,NVDA,2026-07-17,21,230.0,192.53,0.0,put,0.6072,36.8,39.25,38.025,537,7653,-0.8704,10.13,16.533,287.35,market
2026-06-26,NVDA,2026-07-17,21,235.0,192.53,0.0,put,0.677,41.3,44.45,42.875,30,868,-0.8705,9.84,18.245,317.11,market
2026-06-26,NVDA,2026-07-17,21,240.0,192.53,0.0,put,0.7043,46.4,49.25,47.825,58,229,-0.8855,8.5,19.927,346.35,market
2026-06-26,NVDA,2026-07-17,21,245.0,192.53,0.0,put,0.6335,51.3,55.4,53.35,390,118,-0.932,5.02,21.776,378.48,market
2026-06-26,NVDA,2026-07-17,21,250.0,192.53,0.0,put,0.7644,56.05,59.0,57.525,101,25,-0.9061,6.67,23.01,399.94,market
2026-06-26,NVDA,2026-07-17,21,255.0,192.53,0.0,put,1.0588,58.0,66.55,62.275,28,15,-0.8335,11.08,24.422,424.47,market
2026-06-26,NVDA,2026-07-17,21,260.0,192.53,0.0,put,1.1052,63.45,71.55,67.5,2,0,-0.8389,10.47,25.962,451.24,market
2026-06-26,NVDA,2026-07-17,21,265.0,192.53,0.0,put,1.1499,68.0,76.55,72.275,67,26,-0.8437,9.93,27.274,474.04,market
2026-06-26,NVDA,2026-07-17,21,270.0,192.53,0.0,put,0.5117,73.45,81.55,77.5,2,0,-0.9962,0.26,28.704,498.9,market
2026-06-26,NVDA,2026-07-17,21,275.0,192.53,0.0,put,1.2351,78.0,86.55,82.275,25,0,-0.8521,8.98,29.918,520.01,market
2026-06-26,NVDA,2026-07-17,21,280.0,192.53,0.0,put,0.5625,83.45,91.55,87.5,1,1,-0.9964,0.24,31.25,543.15,market
2026-06-26,NVDA,2026-07-17,21,285.0,192.53,0.0,put,1.3153,88.0,96.55,92.275,1,0,-0.8591,8.2,32.377,562.75,market
2026-06-26,NVDA,2026-07-17,21,290.0,192.53,0.0,put,0.6055,93.45,101.55,97.5,20,0,-0.9968,0.2,33.621,584.36,market
2026-06-26,NVDA,2026-07-17,21,295.0,192.53,0.0,put,1.3911,98.0,106.55,102.275,10,0,-0.8651,7.53,34.669,602.59,market
2026-06-26,NVDA,2026-07-17,21,300.0,192.53,0.0,put,0.6523,103.45,111.55,107.5,8,0,-0.9969,0.19,35.833,622.82,market
2026-06-26,NVDA,2026-07-17,21,305.0,192.53,0.0,put,1.4631,108.3,116.55,112.425,0,0,-0.8702,6.97,36.861,640.67,market
2026-06-26,NVDA,2026-07-17,21,310.0,192.53,0.0,put,1.5936,120.9,124.25,122.575,1,0,-0.8526,7.64,39.54,687.25,market
2026-06-26,NVDA,2026-07-17,21,320.0,192.53,0.0,put,0.7344,123.45,131.55,127.5,3,0,-0.9973,0.16,39.844,692.52,market
2026-06-26,NVDA,2026-07-17,21,325.0,192.53,0.0,put,1.5967,128.15,136.55,132.35,12,0,-0.8786,6.04,40.723,707.81,market
2026-06-26,NVDA,2026-07-17,21,330.0,192.53,0.0,put,0.7734,133.45,141.55,137.5,40,20,-0.9974,0.14,41.667,724.21,market
2026-06-26,NVDA,2026-07-17,21,335.0,192.53,0.0,put,1.6592,138.15,146.55,142.35,0,1,-0.8821,5.67,42.493,738.56,market
2026-06-26,NVDA,2026-07-17,21,340.0,192.53,0.0,put,1.7646,151.3,153.3,152.3,0,0,-0.8697,6.08,44.794,778.56,market
2026-06-26,NVDA,2026-07-17,21,360.0,192.53,0.0,put,2.4983,178.85,181.2,180.025,0,0,-0.7703,9.02,50.007,869.17,market
2026-06-26,NVDA,2026-07-17,21,365.0,192.53,0.0,put,1.8313,168.15,176.55,172.35,30,0,-0.8907,4.75,47.219,820.71,market
2026-06-26,NVDA,2026-07-24,28,50.0,192.53,74.03,put,2.0156,0.0,0.32,0.135,2,5,-0.0035,98.39,0.27,3.51,bs_fallback
2026-06-26,NVDA,2026-07-24,28,65.0,192.53,66.24,put,2.1143,0.0,1.74,0.774,2,4,-0.0156,94.16,1.19,15.52,bs_fallback
2026-06-26,NVDA,2026-07-24,28,70.0,192.53,63.64,put,1.8867,0.0,1.32,0.582,20,58,-0.0137,95.37,0.831,10.83,bs_fallback
2026-06-26,NVDA,2026-07-24,28,75.0,192.53,61.05,put,1.7705,0.0,1.33,0.587,8,57,-0.0148,95.4,0.782,10.2,bs_fallback
2026-06-26,NVDA,2026-07-24,28,80.0,192.53,58.45,put,1.0781,0.0,0.04,0.016,3,120,-0.001,99.75,0.021,0.27,bs_fallback
2026-06-26,NVDA,2026-07-24,28,85.0,192.53,55.85,put,1.1856,0.01,0.19,0.1,40,33,-0.0038,99.03,0.118,1.53,market
2026-06-26,NVDA,2026-07-24,28,90.0,192.53,53.25,put,1.2022,0.01,0.37,0.19,40,64,-0.0069,98.34,0.211,2.75,market
2026-06-26,NVDA,2026-07-24,28,95.0,192.53,50.66,put,0.9453,0.01,0.08,0.045,1,21,-0.0022,99.51,0.047,0.62,market
2026-06-26,NVDA,2026-07-24,28,100.0,192.53,48.06,put,0.8906,0.02,0.08,0.05,21,32,-0.0026,99.46,0.05,0.65,market
2026-06-26,NVDA,2026-07-24,28,105.0,192.53,45.46,put,0.9512,0.02,0.29,0.155,1,18,-0.0072,98.55,0.148,1.92,market
2026-06-26,NVDA,2026-07-24,28,110.0,192.53,42.87,put,0.8086,0.04,0.11,0.075,9,1052,-0.0043,99.19,0.068,0.89,market
2026-06-26,NVDA,2026-07-24,28,115.0,192.53,40.27,put,0.8711,0.04,0.43,0.235,2,97,-0.0115,97.89,0.204,2.66,market
2026-06-26,NVDA,2026-07-24,28,120.0,192.53,37.67,put,0.7129,0.05,0.14,0.095,5,109,-0.006,98.97,0.079,1.03,market
2026-06-26,NVDA,2026-07-24,28,125.0,192.53,35.08,put,0.6738,0.07,0.16,0.115,2,182,-0.0076,98.75,0.092,1.2,market
2026-06-26,NVDA,2026-07-24,28,130.0,192.53,32.48,put,0.625,0.05,0.2,0.125,2,251,-0.0087,98.62,0.096,1.25,market
2026-06-26,NVDA,2026-07-24,28,135.0,192.53,29.88,put,0.6094,0.18,0.21,0.195,14,171,-0.0135,97.94,0.144,1.88,market
2026-06-26,NVDA,2026-07-24,28,140.0,192.53,27.28,put,0.5566,0.02,0.38,0.2,6,296,-0.0151,97.8,0.143,1.86,market
2026-06-26,NVDA,2026-07-24,28,145.0,192.53,24.69,put,0.5278,0.07,0.47,0.27,31,472,-0.0207,97.08,0.186,2.43,market
2026-06-26,NVDA,2026-07-24,28,150.0,192.53,22.09,put,0.5044,0.34,0.43,0.385,75,277,-0.0298,95.95,0.257,3.35,market
2026-06-26,NVDA,2026-07-24,28,155.0,192.53,19.49,put,0.4927,0.46,0.61,0.535,98,839,-0.046,93.93,0.345,4.5,market
2026-06-26,NVDA,2026-07-24,28,160.0,192.53,16.9,put,0.4434,0.63,0.67,0.65,1112,1110,-0.0548,93.02,0.406,5.3,market
2026-06-26,NVDA,2026-07-24,28,165.0,192.53,14.3,put,0.4346,0.92,1.08,1.0,291,825,-0.0847,89.5,0.606,7.9,market
2026-06-26,NVDA,2026-07-24,28,170.0,192.53,11.7,put,0.41,1.38,1.5,1.44,762,1364,-0.1177,85.83,0.847,11.04,market
2026-06-26,NVDA,2026-07-24,28,175.0,192.53,9.11,put,0.3939,2.05,2.2,2.125,954,2205,-0.1673,80.39,1.214,15.83,market
2026-06-26,NVDA,2026-07-24,28,180.0,192.53,6.51,put,0.3882,2.95,3.35,3.15,1134,10894,-0.2372,72.83,1.75,22.81,market
2026-06-26,NVDA,2026-07-24,28,185.0,192.53,3.91,put,0.3775,4.5,4.8,4.65,580,6430,-0.319,64.28,2.514,32.77,market
2026-06-26,NVDA,2026-07-24,28,190.0,192.53,1.31,put,0.3676,6.35,6.7,6.525,3136,3359,-0.4135,54.65,3.434,44.77,market
2026-06-26,NVDA,2026-07-24,28,195.0,192.53,0.0,put,0.3699,8.85,9.35,9.1,447,4047,-0.5143,44.5,4.667,60.83,market
2026-06-26,NVDA,2026-07-24,28,200.0,192.53,0.0,put,0.3635,11.7,12.3,12.0,830,5766,-0.6139,34.82,6.0,78.21,market
2026-06-26,NVDA,2026-07-24,28,205.0,192.53,0.0,put,0.3753,14.7,16.05,15.375,170,1640,-0.6967,26.8,7.5,97.77,market
2026-06-26,NVDA,2026-07-24,28,210.0,192.53,0.0,put,0.4155,18.45,20.6,19.525,96,1509,-0.7466,21.8,9.298,121.2,market
2026-06-26,NVDA,2026-07-24,28,215.0,192.53,0.0,put,0.4595,22.7,25.35,24.025,65,344,-0.7804,18.38,11.174,145.67,market
2026-06-26,NVDA,2026-07-24,28,220.0,192.53,0.0,put,0.4548,27.65,29.5,28.575,18,230,-0.8328,13.76,12.989,169.32,market
2026-06-26,NVDA,2026-07-24,28,225.0,192.53,0.0,put,0.5112,32.4,34.6,33.5,1002,109,-0.842,12.62,14.889,194.09,market
2026-06-26,NVDA,2026-07-24,28,230.0,192.53,0.0,put,0.4724,37.25,38.65,37.95,2,238,-0.8969,8.15,16.5,215.09,market
2026-06-26,NVDA,2026-07-24,28,235.0,192.53,0.0,put,0.6106,41.8,44.7,43.25,166,270,-0.858,10.74,18.404,239.91,market
2026-06-26,NVDA,2026-07-24,28,240.0,192.53,0.0,put,0.702,43.05,50.3,46.675,36,4,-0.8453,11.3,19.448,253.52,market
2026-06-26,NVDA,2026-07-24,28,245.0,192.53,0.0,put,0.8372,48.05,56.55,52.3,28,0,-0.8178,12.74,21.347,278.27,market
2026-06-26,NVDA,2026-07-24,28,250.0,192.53,0.0,put,0.8806,53.0,61.55,57.275,245,0,-0.8247,11.96,22.91,298.65,market
2026-06-26,NVDA,2026-07-24,28,255.0,192.53,0.0,put,0.9224,58.05,66.55,62.3,67,0,-0.8308,11.26,24.431,318.48,market
2026-06-26,NVDA,2026-07-24,28,260.0,192.53,0.0,put,0.9626,63.05,71.55,67.3,83,0,-0.8362,10.64,25.885,337.42,market
2026-06-26,NVDA,2026-07-24,28,270.0,192.53,0.0,put,1.0393,73.0,81.55,77.275,1,0,-0.8455,9.59,28.62,373.09,market
2026-06-26,NVDA,2026-07-24,28,275.0,192.53,0.0,put,1.0758,78.0,86.55,82.275,50,0,-0.8496,9.13,29.918,390.0,market
2026-06-26,NVDA,2026-07-24,28,280.0,192.53,0.0,put,1.1112,83.0,91.55,87.275,100,0,-0.8533,8.72,31.17,406.32,market
2026-06-26,NVDA,2026-07-24,28,285.0,192.53,0.0,put,1.1456,88.0,96.55,92.275,50,0,-0.8567,8.34,32.377,422.06,market
2026-06-26,NVDA,2026-07-31,35,80.0,192.53,58.45,put,1.1856,0.01,0.27,0.14,11,35,-0.0048,98.68,0.175,1.82,market
2026-06-26,NVDA,2026-07-31,35,100.0,192.53,48.06,put,0.8809,0.03,0.2,0.115,22,25,-0.0053,98.88,0.115,1.2,market
2026-06-26,NVDA,2026-07-31,35,105.0,192.53,45.46,put,0.7969,0.04,0.14,0.09,310,42,-0.0047,99.07,0.086,0.89,market
2026-06-26,NVDA,2026-07-31,35,110.0,192.53,42.87,put,0.7461,0.05,0.14,0.095,32,145,-0.0052,99.0,0.086,0.9,market
2026-06-26,NVDA,2026-07-31,35,115.0,192.53,40.27,put,0.7197,0.06,0.2,0.13,6,128,-0.0072,98.69,0.113,1.18,market
2026-06-26,NVDA,2026-07-31,35,120.0,192.53,37.67,put,0.6699,0.09,0.18,0.135,14,145,-0.0081,98.6,0.113,1.17,market
2026-06-26,NVDA,2026-07-31,35,125.0,192.53,35.08,put,0.6426,0.15,0.21,0.18,5,147,-0.0109,98.19,0.144,1.5,market
2026-06-26,NVDA,2026-07-31,35,130.0,192.53,32.48,put,0.6045,0.18,0.24,0.21,52,124,-0.0133,97.88,0.162,1.68,market
2026-06-26,NVDA,2026-07-31,35,135.0,192.53,29.88,put,0.5732,0.23,0.3,0.265,26,105,-0.0172,97.37,0.196,2.05,market
2026-06-26,NVDA,2026-07-31,35,140.0,192.53,27.28,put,0.5029,0.09,0.33,0.21,1,304,-0.0156,97.72,0.15,1.56,market
2026-06-26,NVDA,2026-07-31,35,145.0,192.53,24.69,put,0.5029,0.36,0.4,0.38,39,102,-0.0269,96.19,0.262,2.73,market
2026-06-26,NVDA,2026-07-31,35,150.0,192.53,22.09,put,0.4819,0.47,0.53,0.5,191,1285,-0.0376,94.85,0.333,3.48,market
2026-06-26,NVDA,2026-07-31,35,155.0,192.53,19.49,put,0.4688,0.63,0.79,0.71,165,836,-0.0549,92.71,0.458,4.78,market
2026-06-26,NVDA,2026-07-31,35,160.0,192.53,16.9,put,0.4407,0.87,1.02,0.945,493,440,-0.0722,90.71,0.591,6.16,market
2026-06-26,NVDA,2026-07-31,35,165.0,192.53,14.3,put,0.4155,1.25,1.35,1.3,868,807,-0.0967,87.94,0.788,8.22,market
2026-06-26,NVDA,2026-07-31,35,170.0,192.53,11.7,put,0.3997,1.7,1.92,1.81,74328,1071,-0.1343,83.71,1.065,11.1,market
2026-06-26,NVDA,2026-07-31,35,175.0,192.53,9.11,put,0.3901,2.62,2.8,2.71,1050,1731,-0.1867,77.92,1.549,16.15,market
2026-06-26,NVDA,2026-07-31,35,180.0,192.53,6.51,put,0.3816,3.7,4.0,3.85,1508,1613,-0.2517,70.92,2.139,22.31,market
2026-06-26,NVDA,2026-07-31,35,185.0,192.53,3.91,put,0.3839,5.35,5.8,5.575,404,1457,-0.3317,62.42,3.014,31.43,market
2026-06-26,NVDA,2026-07-31,35,190.0,192.53,1.31,put,0.3741,7.3,7.75,7.525,1406,6238,-0.4155,53.89,3.961,41.3,market
2026-06-26,NVDA,2026-07-31,35,195.0,192.53,0.0,put,0.3673,9.65,10.2,9.925,380,1681,-0.5052,44.96,5.09,53.08,market
2026-06-26,NVDA,2026-07-31,35,200.0,192.53,0.0,put,0.3696,12.1,13.3,12.7,372,2178,-0.5923,36.39,6.35,66.22,market
2026-06-26,NVDA,2026-07-31,35,205.0,192.53,0.0,put,0.3722,15.45,16.8,16.125,54,1386,-0.6719,28.76,7.866,82.03,market
2026-06-26,NVDA,2026-07-31,35,210.0,192.53,0.0,put,0.4334,19.15,21.8,20.475,141,812,-0.7069,24.87,9.75,101.68,market
2026-06-26,NVDA,2026-07-31,35,215.0,192.53,0.0,put,0.3773,23.25,24.75,24.0,31,508,-0.801,16.8,11.163,116.41,market
2026-06-26,NVDA,2026-07-31,35,220.0,192.53,0.0,put,0.3947,27.7,29.3,28.5,67,561,-0.8392,13.28,12.955,135.1,market
2026-06-26,NVDA,2026-07-31,35,225.0,192.53,0.0,put,0.4725,32.35,34.8,33.575,11,102,-0.8313,13.45,14.922,155.62,market
2026-06-26,NVDA,2026-07-31,35,230.0,192.53,0.0,put,0.4332,37.05,38.75,37.9,5,83,-0.8893,8.74,16.478,171.84,market
2026-06-26,NVDA,2026-07-31,35,235.0,192.53,0.0,put,0.4655,41.95,43.7,42.825,2,83,-0.8993,7.75,18.223,190.04,market
2026-06-26,NVDA,2026-07-31,35,240.0,192.53,0.0,put,0.6089,46.9,50.0,48.45,12,141,-0.8529,10.79,20.188,210.53,market
2026-06-26,NVDA,2026-07-31,35,245.0,192.53,0.0,put,0.7515,48.0,56.55,52.275,41,10,-0.8156,12.89,21.337,222.51,market
2026-06-26,NVDA,2026-07-31,35,250.0,192.53,0.0,put,0.7904,53.05,61.55,57.3,27,1,-0.8226,12.1,22.92,239.02,market
2026-06-26,NVDA,2026-07-31,35,260.0,192.53,0.0,put,0.864,63.1,71.55,67.325,2,0,-0.8343,10.77,25.894,270.04,market
2026-06-26,AMD,2026-07-17,21,100.0,521.58,80.83,put,2.1563,0.01,0.05,0.03,1,359,-0.0003,99.84,0.03,0.52,market
2026-06-26,AMD,2026-07-17,21,105.0,521.58,79.87,put,2.0938,0.01,0.05,0.03,25,781,-0.0003,99.84,0.029,0.5,market
2026-06-26,AMD,2026-07-17,21,110.0,521.58,78.91,put,2.6416,0.01,0.8,0.405,22,976,-0.0027,98.4,0.368,6.4,market
2026-06-26,AMD,2026-07-17,21,115.0,521.58,77.95,put,1.9844,0.01,0.05,0.03,4,441,-0.0003,99.84,0.026,0.45,market
2026-06-26,AMD,2026-07-17,21,120.0,521.58,76.99,put,1.9219,0.01,0.05,0.03,5,1030,-0.0003,99.85,0.025,0.43,market
2026-06-26,AMD,2026-07-17,21,125.0,521.58,76.03,put,1.8125,0.01,0.03,0.02,39,1067,-0.0002,99.89,0.016,0.28,market
2026-06-26,AMD,2026-07-17,21,130.0,521.58,75.08,put,1.8438,0.01,0.06,0.035,24,1486,-0.0004,99.83,0.027,0.47,market
2026-06-26,AMD,2026-07-17,21,135.0,521.58,74.12,put,1.7969,0.01,0.06,0.035,40,1030,-0.0004,99.83,0.026,0.45,market
2026-06-26,AMD,2026-07-17,21,140.0,521.58,73.16,put,1.7031,0.0,0.05,0.018,13,1208,-0.0003,99.87,0.013,0.23,bs_fallback
2026-06-26,AMD,2026-07-17,21,145.0,521.58,72.2,put,1.625,0.01,0.03,0.02,63,2152,-0.0002,99.9,0.014,0.24,market
2026-06-26,AMD,2026-07-17,21,150.0,521.58,71.24,put,1.6797,0.01,0.07,0.04,10,6534,-0.0005,99.81,0.027,0.46,market
2026-06-26,AMD,2026-07-17,21,155.0,521.58,70.28,put,1.5938,0.0,0.06,0.021,5,387,-0.0004,99.86,0.014,0.24,bs_fallback
2026-06-26,AMD,2026-07-17,21,160.0,521.58,69.32,put,1.5781,0.0,0.07,0.026,6,2753,-0.0005,99.84,0.016,0.28,bs_fallback
2026-06-26,AMD,2026-07-17,21,165.0,521.58,68.37,put,1.6328,0.02,0.12,0.07,1,1378,-0.0008,99.7,0.042,0.74,market
2026-06-26,AMD,2026-07-17,21,170.0,521.58,67.41,put,1.5469,0.0,0.1,0.037,1,2087,-0.0007,99.78,0.022,0.38,bs_fallback
2026-06-26,AMD,2026-07-17,21,175.0,521.58,66.45,put,1.9277,0.01,0.99,0.5,3,2150,-0.0047,98.37,0.286,4.97,market
2026-06-26,AMD,2026-07-17,21,180.0,521.58,65.49,put,1.5039,0.01,0.12,0.065,1,5611,-0.0009,99.73,0.036,0.63,market
2026-06-26,AMD,2026-07-17,21,185.0,521.58,64.53,put,1.5156,0.06,0.12,0.09,3,1305,-0.0012,99.63,0.049,0.85,market
2026-06-26,AMD,2026-07-17,21,190.0,521.58,63.57,put,1.4414,0.04,0.1,0.07,6,1858,-0.001,99.71,0.037,0.64,market
2026-06-26,AMD,2026-07-17,21,195.0,521.58,62.61,put,1.4258,0.0,0.16,0.061,25,1771,-0.0011,99.67,0.031,0.55,bs_fallback
2026-06-26,AMD,2026-07-17,21,200.0,521.58,61.65,put,1.3906,0.06,0.1,0.08,5,8720,-0.0011,99.67,0.04,0.7,market
2026-06-26,AMD,2026-07-17,21,210.0,521.58,59.74,put,1.3359,0.05,0.13,0.09,2,3166,-0.0013,99.64,0.043,0.74,market
2026-06-26,AMD,2026-07-17,21,220.0,521.58,57.82,put,1.2852,0.02,0.18,0.1,5,3623,-0.0015,99.6,0.045,0.79,market
2026-06-26,AMD,2026-07-17,21,230.0,521.58,55.9,put,1.2891,0.07,0.26,0.165,4,2573,-0.0025,99.38,0.072,1.25,market
2026-06-26,AMD,2026-07-17,21,240.0,521.58,53.99,put,1.2217,0.11,0.21,0.16,19,2436,-0.0025,99.4,0.067,1.16,market
2026-06-26,AMD,2026-07-17,21,250.0,521.58,52.07,put,1.21,0.2,0.26,0.23,26,5097,-0.0036,99.18,0.092,1.6,market
2026-06-26,AMD,2026-07-17,21,260.0,521.58,50.15,put,1.1475,0.1,0.35,0.225,12,2652,-0.0037,99.19,0.087,1.5,market
2026-06-26,AMD,2026-07-17,21,270.0,521.58,48.23,put,1.1279,0.2,0.4,0.3,5,1645,-0.0049,98.95,0.111,1.93,market
2026-06-26,AMD,2026-07-17,21,280.0,521.58,46.32,put,1.0879,0.18,0.5,0.34,12,1476,-0.0058,98.82,0.121,2.11,market
2026-06-26,AMD,2026-07-17,21,290.0,521.58,44.4,put,1.0449,0.24,0.51,0.375,10,1202,-0.0066,98.71,0.129,2.25,market
2026-06-26,AMD,2026-07-17,21,300.0,521.58,42.48,put,1.0171,0.34,0.58,0.46,22,3369,-0.0082,98.45,0.153,2.67,market
2026-06-26,AMD,2026-07-17,21,310.0,521.58,40.57,put,1.0044,0.48,0.76,0.62,7,1961,-0.011,97.99,0.2,3.48,market
2026-06-26,AMD,2026-07-17,21,320.0,521.58,38.65,put,0.98,0.54,0.99,0.765,8,1299,-0.0136,97.58,0.239,4.16,market
2026-06-26,AMD,2026-07-17,21,330.0,521.58,36.73,put,0.9478,0.79,0.99,0.89,58,1717,-0.0162,97.21,0.27,4.69,market
2026-06-26,AMD,2026-07-17,21,340.0,521.58,34.81,put,0.9185,0.89,1.21,1.05,162,1561,-0.0194,96.75,0.309,5.37,market
2026-06-26,AMD,2026-07-17,21,350.0,521.58,32.9,put,0.8965,1.14,1.45,1.295,97,2527,-0.0241,96.09,0.37,6.43,market
2026-06-26,AMD,2026-07-17,21,360.0,521.58,30.98,put,0.8658,1.4,1.61,1.505,188,4020,-0.0285,95.5,0.418,7.27,market
2026-06-26,AMD,2026-07-17,21,370.0,521.58,29.06,put,0.8496,1.59,2.21,1.9,245,6413,-0.0359,94.49,0.514,8.93,market
2026-06-26,AMD,2026-07-17,21,380.0,521.58,27.14,put,0.8279,2.0,2.62,2.31,314,2005,-0.0438,93.45,0.608,10.57,market
2026-06-26,AMD,2026-07-17,21,390.0,521.58,25.23,put,0.8066,2.63,2.98,2.805,79,1657,-0.0532,92.23,0.719,12.5,market
2026-06-26,AMD,2026-07-17,21,400.0,521.58,23.31,put,0.7888,3.25,3.65,3.45,1080,5401,-0.0652,90.71,0.863,14.99,market
2026-06-26,AMD,2026-07-17,21,410.0,521.58,21.39,put,0.775,4.0,4.6,4.3,179,2089,-0.0803,88.83,1.049,18.23,market
2026-06-26,AMD,2026-07-17,21,420.0,521.58,19.48,put,0.769,5.2,5.8,5.5,171,3459,-0.0999,86.38,1.31,22.76,market
2026-06-26,AMD,2026-07-17,21,430.0,521.58,17.56,put,0.7529,6.15,7.2,6.675,228,4388,-0.1199,84.01,1.552,26.98,market
2026-06-26,AMD,2026-07-17,21,440.0,521.58,15.64,put,0.7407,7.6,8.75,8.175,232,2158,-0.144,81.19,1.858,32.29,market
2026-06-26,AMD,2026-07-17,21,450.0,521.58,13.72,put,0.7341,9.45,10.8,10.125,1334,4617,-0.1729,77.83,2.25,39.11,market
2026-06-26,AMD,2026-07-17,21,460.0,521.58,11.81,put,0.7282,11.65,13.2,12.425,283,1760,-0.2052,74.16,2.701,46.95,market
2026-06-26,AMD,2026-07-17,21,470.0,521.58,9.89,put,0.7214,14.2,15.9,15.05,108,2038,-0.2404,70.26,3.202,55.66,market
2026-06-26,AMD,2026-07-17,21,480.0,521.58,7.97,put,0.7168,17.2,19.1,18.15,1261,1819,-0.279,66.05,3.781,65.72,market
2026-06-26,AMD,2026-07-17,21,490.0,521.58,6.05,put,0.7033,20.5,22.0,21.25,481,2532,-0.3186,61.9,4.337,75.38,market
2026-06-26,AMD,2026-07-17,21,500.0,521.58,4.14,put,0.7065,24.45,26.65,25.55,653,3606,-0.3628,57.2,5.11,88.82,market
2026-06-26,AMD,2026-07-17,21,510.0,521.58,2.22,put,0.7029,28.75,31.2,29.975,449,2585,-0.4073,52.63,5.877,102.16,market
2026-06-26,AMD,2026-07-17,21,520.0,521.58,0.3,put,0.6975,33.55,35.95,34.75,370,3279,-0.4526,48.07,6.683,116.15,market
2026-06-26,AMD,2026-07-17,21,530.0,521.58,0.0,put,0.6962,38.85,41.5,40.175,52,1060,-0.4981,43.56,7.58,131.75,market
2026-06-26,AMD,2026-07-17,21,540.0,521.58,0.0,put,0.6943,44.6,47.4,46.0,104,529,-0.5429,39.19,8.519,148.06,market
2026-06-26,AMD,2026-07-17,21,550.0,521.58,0.0,put,0.6859,50.85,53.0,51.925,37,650,-0.5881,34.93,9.441,164.09,market
2026-06-26,AMD,2026-07-17,21,560.0,521.58,0.0,put,0.6865,55.85,61.55,58.7,14,113,-0.63,30.98,10.482,182.19,market
2026-06-26,AMD,2026-07-17,21,570.0,521.58,0.0,put,0.6775,62.75,68.05,65.4,25,2071,-0.6727,27.1,11.474,199.42,market
2026-06-26,AMD,2026-07-17,21,580.0,521.58,0.0,put,0.6595,69.85,74.35,72.1,4,133,-0.7169,23.21,12.431,216.06,market
2026-06-26,AMD,2026-07-17,21,590.0,521.58,0.0,put,0.6552,77.5,82.05,79.775,2,279,-0.7541,19.92,13.521,235.01,market
2026-06-26,AMD,2026-07-17,21,600.0,521.58,0.0,put,0.6504,85.4,90.1,87.75,2,141,-0.7886,16.92,14.625,254.2,market
2026-06-26,AMD,2026-07-17,21,610.0,521.58,0.0,put,0.6668,93.7,99.8,96.75,20,119,-0.8109,14.89,15.861,275.67,market
2026-06-26,AMD,2026-07-17,21,620.0,521.58,0.0,put,0.6803,102.35,109.25,105.8,4,15,-0.8315,13.07,17.065,296.6,market
2026-06-26,AMD,2026-07-17,21,630.0,521.58,0.0,put,0.6843,111.2,118.2,114.7,10,25,-0.8534,11.21,18.206,316.44,market
2026-06-26,AMD,2026-07-17,21,640.0,521.58,0.0,put,0.6681,120.2,126.25,123.225,10,19,-0.8807,9.03,19.254,334.65,market
2026-06-26,AMD,2026-07-17,21,650.0,521.58,0.0,put,0.6455,129.4,134.35,131.875,1,23,-0.9075,6.94,20.288,352.63,market
2026-06-26,AMD,2026-07-17,21,660.0,521.58,0.0,put,0.6996,138.75,145.95,142.35,1,25,-0.9035,7.09,21.568,374.88,market
2026-06-26,AMD,2026-07-17,21,670.0,521.58,0.0,put,0.7068,148.25,155.4,151.825,1,17,-0.9155,6.12,22.66,393.86,market
2026-06-26,AMD,2026-07-17,21,680.0,521.58,0.0,put,0.7361,159.2,164.4,161.8,24,24,-0.9189,5.77,23.794,413.56,market
2026-06-26,AMD,2026-07-17,21,690.0,521.58,0.0,put,0.7216,167.4,174.6,171.0,2,23,-0.9349,4.58,24.783,430.75,market
2026-06-26,AMD,2026-07-17,21,700.0,521.58,0.0,put,0.7307,177.15,184.25,180.7,1,14,-0.9423,4.01,25.814,448.68,market
2026-06-26,AMD,2026-07-17,21,710.0,521.58,0.0,put,0.7387,186.9,193.95,190.425,10,20,-0.9491,3.49,26.82,466.16,market
2026-06-26,AMD,2026-07-17,21,720.0,521.58,0.0,put,0.7515,196.75,203.75,200.25,16,18,-0.9538,3.12,27.812,483.41,market
2026-06-26,AMD,2026-07-17,21,730.0,521.58,0.0,put,0.7644,206.6,213.6,210.1,5,29,-0.9578,2.81,28.781,500.24,market
2026-06-26,AMD,2026-07-17,21,740.0,521.58,0.0,put,0.7844,216.5,223.6,220.05,10,10,-0.9599,2.63,29.736,516.85,market
2026-06-26,AMD,2026-07-17,21,750.0,521.58,0.0,put,0.7947,226.45,233.35,229.9,25,210,-0.9637,2.35,30.653,532.78,market
2026-06-26,AMD,2026-07-17,21,770.0,521.58,0.0,put,0.833,246.4,253.25,249.825,1,10,-0.9668,2.09,32.445,563.92,market
2026-06-26,AMD,2026-07-17,21,780.0,521.58,0.0,put,0.8626,253.6,259.9,256.75,0,0,-0.9662,2.09,32.917,572.12,market
2026-06-26,AMD,2026-07-17,21,790.0,521.58,0.0,put,0.8579,263.75,269.65,266.7,0,0,-0.9713,1.76,33.759,586.77,market
2026-06-26,AMD,2026-07-17,21,800.0,521.58,0.0,put,0.898,276.4,283.25,279.825,1,0,-0.9689,1.87,34.978,607.95,market
2026-06-26,AMD,2026-07-17,21,820.0,521.58,0.0,put,0.9393,296.4,303.25,299.825,0,0,-0.9701,1.75,36.564,635.52,market
2026-06-26,AMD,2026-07-17,21,830.0,521.58,0.0,put,2.0525,337.25,342.3,339.775,0,0,-0.7554,11.82,40.937,711.52,market
2026-06-26,AMD,2026-07-17,21,850.0,521.58,0.0,put,0.9988,326.4,333.25,329.825,35,0,-0.9717,1.59,38.803,674.43,market
2026-06-26,AMD,2026-07-17,21,870.0,521.58,0.0,put,1.0313,346.4,353.15,349.775,0,0,-0.9734,1.46,40.204,698.78,market
2026-06-26,AMD,2026-07-17,21,920.0,521.58,0.0,put,1.0181,393.35,399.1,396.225,0,0,-0.9857,0.75,43.068,748.56,market
2026-06-26,AMD,2026-07-24,28,40.0,521.58,92.33,put,4.6553,0.0,3.05,1.361,1,1,-0.0042,91.15,3.402,44.34,bs_fallback
2026-06-26,AMD,2026-07-24,28,85.0,521.58,83.7,put,3.2129,0.0,2.96,1.308,3,3,-0.0064,94.5,1.538,20.05,bs_fallback
2026-06-26,AMD,2026-07-24,28,100.0,521.58,80.83,put,2.915,0.0,2.9,1.278,10,10,-0.0071,95.02,1.278,16.66,bs_fallback
2026-06-26,AMD,2026-07-24,28,105.0,521.58,79.87,put,2.8247,0.0,2.87,1.263,0,10,-0.0072,95.18,1.203,15.68,bs_fallback
2026-06-26,AMD,2026-07-24,28,110.0,521.58,78.91,put,2.7378,0.0,2.83,1.245,0,10,-0.0074,95.34,1.131,14.75,bs_fallback
2026-06-26,AMD,2026-07-24,28,125.0,521.58,76.03,put,2.4834,0.0,2.59,1.135,3,3,-0.0076,95.89,0.908,11.84,bs_fallback
2026-06-26,AMD,2026-07-24,28,130.0,521.58,75.08,put,2.4243,0.0,2.64,1.157,1,6,-0.008,95.9,0.89,11.6,bs_fallback
2026-06-26,AMD,2026-07-24,28,135.0,521.58,74.12,put,2.354,0.0,2.59,1.135,10,11,-0.0081,96.02,0.841,10.96,bs_fallback
2026-06-26,AMD,2026-07-24,28,140.0,521.58,73.16,put,2.21,0.0,2.03,0.882,12,10,-0.0069,96.78,0.63,8.22,bs_fallback
2026-06-26,AMD,2026-07-24,28,150.0,521.58,71.24,put,2.1494,0.0,2.38,1.038,10,11,-0.0083,96.42,0.692,9.02,bs_fallback
2026-06-26,AMD,2026-07-24,28,155.0,521.58,70.28,put,2.0537,0.0,2.08,0.905,41,34,-0.0077,96.82,0.584,7.61,bs_fallback
2026-06-26,AMD,2026-07-24,28,160.0,521.58,69.32,put,2.0205,0.0,2.21,0.961,9,19,-0.0082,96.7,0.601,7.83,bs_fallback
2026-06-26,AMD,2026-07-24,28,170.0,521.58,67.41,put,1.8955,0.0,2.01,0.872,9,19,-0.0081,97.0,0.513,6.69,bs_fallback
2026-06-26,AMD,2026-07-24,28,175.0,521.58,66.45,put,1.834,0.0,1.9,0.823,12,15,-0.0079,97.15,0.47,6.13,bs_fallback
2026-06-26,AMD,2026-07-24,28,180.0,521.58,65.49,put,1.7725,0.0,1.78,0.769,115,116,-0.0078,97.32,0.427,5.57,bs_fallback
2026-06-26,AMD,2026-07-24,28,185.0,521.58,64.53,put,1.7109,0.01,1.64,0.825,3,13,-0.0075,97.49,0.446,5.81,market
2026-06-26,AMD,2026-07-24,28,190.0,521.58,63.57,put,1.5596,0.01,0.99,0.5,1,13,-0.0052,98.34,0.263,3.43,market
2026-06-26,AMD,2026-07-24,28,195.0,521.58,62.61,put,1.582,0.01,1.33,0.67,1,13,-0.0067,97.91,0.344,4.48,market
2026-06-26,AMD,2026-07-24,28,200.0,521.58,61.65,put,1.5176,0.01,1.17,0.59,3,33,-0.0062,98.12,0.295,3.85,market
2026-06-26,AMD,2026-07-24,28,215.0,521.58,58.78,put,1.334,0.06,0.71,0.385,6,7,-0.0047,98.69,0.179,2.33,market
2026-06-26,AMD,2026-07-24,28,220.0,521.58,57.82,put,1.3184,0.11,0.74,0.425,8,60,-0.0053,98.58,0.193,2.52,market
2026-06-26,AMD,2026-07-24,28,225.0,521.58,56.86,put,1.249,0.01,0.66,0.335,12,11,-0.0045,98.83,0.149,1.94,market
2026-06-26,AMD,2026-07-24,28,230.0,521.58,55.9,put,1.2549,0.07,0.78,0.425,2,17,-0.0055,98.58,0.185,2.41,market
2026-06-26,AMD,2026-07-24,28,235.0,521.58,54.94,put,1.2207,0.02,0.81,0.415,5,206,-0.0056,98.61,0.177,2.3,market
2026-06-26,AMD,2026-07-24,28,240.0,521.58,53.99,put,1.1221,0.01,0.5,0.255,34,139,-0.0038,99.07,0.106,1.39,market
2026-06-26,AMD,2026-07-24,28,245.0,521.58,53.03,put,1.1875,0.12,0.86,0.49,10,53,-0.0067,98.4,0.2,2.61,market
2026-06-26,AMD,2026-07-24,28,250.0,521.58,52.07,put,1.1401,0.28,0.59,0.435,10,237,-0.0062,98.55,0.174,2.27,market
2026-06-26,AMD,2026-07-24,28,255.0,521.58,51.11,put,1.1279,0.04,0.93,0.485,2,16,-0.007,98.41,0.19,2.48,market
2026-06-26,AMD,2026-07-24,28,260.0,521.58,50.15,put,1.0996,0.13,0.84,0.485,30,14,-0.0071,98.41,0.187,2.43,market
2026-06-26,AMD,2026-07-24,28,265.0,521.58,49.19,put,1.1001,0.17,1.0,0.585,1,42,-0.0085,98.14,0.221,2.88,market
2026-06-26,AMD,2026-07-24,28,270.0,521.58,48.23,put,1.0762,0.2,1.0,0.6,5,33,-0.0089,98.09,0.222,2.9,market
2026-06-26,AMD,2026-07-24,28,275.0,521.58,47.28,put,1.0601,0.19,1.1,0.645,5,7,-0.0096,97.96,0.235,3.06,market
2026-06-26,AMD,2026-07-24,28,280.0,521.58,46.32,put,1.0366,0.46,0.86,0.66,13,27,-0.0101,97.91,0.236,3.07,market
2026-06-26,AMD,2026-07-24,28,285.0,521.58,45.36,put,1.0249,0.24,1.22,0.73,1,19,-0.0112,97.73,0.256,3.34,market
2026-06-26,AMD,2026-07-24,28,290.0,521.58,44.4,put,1.0151,0.29,1.34,0.815,10,41,-0.0125,97.5,0.281,3.66,market
2026-06-26,AMD,2026-07-24,28,295.0,521.58,43.44,put,0.9932,0.34,1.34,0.84,1,7,-0.0131,97.43,0.285,3.71,market
2026-06-26,AMD,2026-07-24,28,300.0,521.58,42.48,put,0.9756,0.45,1.33,0.89,3,252,-0.014,97.29,0.297,3.87,market
2026-06-26,AMD,2026-07-24,28,305.0,521.58,41.52,put,0.9668,0.46,1.53,0.995,6,10,-0.0157,97.02,0.326,4.25,market
2026-06-26,AMD,2026-07-24,28,310.0,521.58,40.57,put,0.9307,0.55,1.31,0.93,4,33,-0.0153,97.16,0.3,3.91,market
2026-06-26,AMD,2026-07-24,28,315.0,521.58,39.61,put,0.9409,0.61,1.74,1.175,4,46,-0.0188,96.56,0.373,4.86,market
2026-06-26,AMD,2026-07-24,28,320.0,521.58,38.65,put,0.9336,1.15,1.49,1.32,4,51,-0.021,96.2,0.413,5.38,market
2026-06-26,AMD,2026-07-24,28,325.0,521.58,37.69,put,0.9177,0.8,2.01,1.405,1,29,-0.0226,95.99,0.432,5.64,market
2026-06-26,AMD,2026-07-24,28,330.0,521.58,36.73,put,0.8862,0.91,1.8,1.355,6,45,-0.0226,96.06,0.411,5.35,market
2026-06-26,AMD,2026-07-24,28,335.0,521.58,35.77,put,0.9121,1.39,2.31,1.85,1,27,-0.0291,94.96,0.552,7.2,market
2026-06-26,AMD,2026-07-24,28,340.0,521.58,34.81,put,0.8709,1.18,2.2,1.69,4,59,-0.028,95.25,0.497,6.48,market
2026-06-26,AMD,2026-07-24,28,345.0,521.58,33.85,put,0.8752,1.34,2.7,2.02,1,25,-0.0327,94.52,0.586,7.63,market
2026-06-26,AMD,2026-07-24,28,350.0,521.58,32.9,put,0.8573,1.59,2.64,2.115,14,179,-0.0348,94.27,0.604,7.88,market
2026-06-26,AMD,2026-07-24,28,355.0,521.58,31.94,put,0.8574,1.8,3.1,2.45,3,50,-0.0396,93.54,0.69,9.0,market
2026-06-26,AMD,2026-07-24,28,360.0,521.58,30.98,put,0.8452,1.94,3.35,2.645,16,211,-0.043,93.1,0.735,9.58,market
2026-06-26,AMD,2026-07-24,28,365.0,521.58,30.02,put,0.8374,2.19,3.65,2.92,3,113,-0.0473,92.5,0.8,10.43,market
2026-06-26,AMD,2026-07-24,28,370.0,521.58,29.06,put,0.8279,2.43,3.95,3.19,13,155,-0.0517,91.92,0.862,11.24,market
2026-06-26,AMD,2026-07-24,28,375.0,521.58,28.1,put,0.8186,2.72,4.25,3.485,20,90,-0.0564,91.29,0.929,12.11,market
2026-06-26,AMD,2026-07-24,28,380.0,521.58,27.14,put,0.8091,3.1,4.5,3.8,13,4692,-0.0615,90.63,1.0,13.04,market
2026-06-26,AMD,2026-07-24,28,385.0,521.58,26.19,put,0.8051,3.55,4.95,4.25,34,124,-0.0681,89.75,1.104,14.39,market
2026-06-26,AMD,2026-07-24,28,390.0,521.58,25.23,put,0.7924,3.8,5.3,4.55,10,206,-0.0733,89.11,1.167,15.21,market
2026-06-26,AMD,2026-07-24,28,395.0,521.58,24.27,put,0.796,4.65,5.85,5.25,6,130,-0.0825,87.86,1.329,17.33,market
2026-06-26,AMD,2026-07-24,28,400.0,521.58,23.31,put,0.7938,5.25,6.5,5.875,60,361,-0.091,86.75,1.469,19.15,market
2026-06-26,AMD,2026-07-24,28,405.0,521.58,22.35,put,0.7775,5.4,6.95,6.175,14,109,-0.0968,86.1,1.525,19.88,market
2026-06-26,AMD,2026-07-24,28,410.0,521.58,21.39,put,0.7695,5.85,7.6,6.725,10,242,-0.1049,85.1,1.64,21.38,market
2026-06-26,AMD,2026-07-24,28,415.0,521.58,20.43,put,0.7653,6.6,8.25,7.425,219,106,-0.1146,83.91,1.789,23.32,market
2026-06-26,AMD,2026-07-24,28,420.0,521.58,19.48,put,0.7569,7.25,8.85,8.05,150,531,-0.1238,82.81,1.917,24.99,market
2026-06-26,AMD,2026-07-24,28,425.0,521.58,18.52,put,0.7532,7.9,9.85,8.875,23,146,-0.1347,81.48,2.088,27.22,market
2026-06-26,AMD,2026-07-24,28,430.0,521.58,17.56,put,0.7513,8.8,10.85,9.825,44,147,-0.1468,80.02,2.285,29.79,market
2026-06-26,AMD,2026-07-24,28,435.0,521.58,16.6,put,0.7536,10.05,11.95,11.0,32,251,-0.1605,78.34,2.529,32.96,market
2026-06-26,AMD,2026-07-24,28,440.0,521.58,15.64,put,0.7452,11.05,12.65,11.85,44,524,-0.1721,77.02,2.693,35.11,market
2026-06-26,AMD,2026-07-24,28,445.0,521.58,14.68,put,0.741,11.55,14.3,12.925,9,346,-0.1854,75.48,2.904,37.86,market
2026-06-26,AMD,2026-07-24,28,450.0,521.58,13.72,put,0.7369,13.15,15.0,14.075,22,1156,-0.1993,73.89,3.128,40.77,market
2026-06-26,AMD,2026-07-24,28,455.0,521.58,12.77,put,0.7379,14.1,16.95,15.525,16,303,-0.215,72.06,3.412,44.48,market
2026-06-26,AMD,2026-07-24,28,460.0,521.58,11.81,put,0.7303,15.65,17.7,16.675,17,357,-0.2293,70.5,3.625,47.25,market
2026-06-26,AMD,2026-07-24,28,465.0,521.58,10.85,put,0.7377,16.75,20.45,18.6,30,383,-0.2473,68.39,4.0,52.14,market
2026-06-26,AMD,2026-07-24,28,470.0,521.58,9.89,put,0.7401,19.25,21.55,20.4,56,447,-0.2646,66.43,4.34,56.58,market
2026-06-26,AMD,2026-07-24,28,475.0,521.58,8.93,put,0.7246,20.05,22.75,21.4,16,283,-0.2791,64.98,4.505,58.73,market
2026-06-26,AMD,2026-07-24,28,480.0,521.58,7.97,put,0.7323,22.7,24.6,23.65,46,279,-0.2981,62.82,4.927,64.23,market
2026-06-26,AMD,2026-07-24,28,485.0,521.58,7.01,put,0.7321,24.45,26.75,25.6,22,99,-0.316,60.88,5.278,68.81,market
2026-06-26,AMD,2026-07-24,28,490.0,521.58,6.05,put,0.7199,25.45,28.55,27.0,43,130,-0.3328,59.2,5.51,71.83,market
2026-06-26,AMD,2026-07-24,28,495.0,521.58,5.1,put,0.7347,28.4,31.5,29.95,13,124,-0.3528,56.91,6.051,78.87,market
2026-06-26,AMD,2026-07-24,28,500.0,521.58,4.14,put,0.7319,30.45,33.65,32.05,144,174,-0.3712,55.01,6.41,83.56,market
2026-06-26,AMD,2026-07-24,28,505.0,521.58,3.18,put,0.7232,32.6,35.2,33.9,7,109,-0.3895,53.2,6.713,87.51,market
2026-06-26,AMD,2026-07-24,28,510.0,521.58,2.22,put,0.7278,34.9,38.3,36.6,8,81,-0.4086,51.18,7.176,93.55,market
2026-06-26,AMD,2026-07-24,28,515.0,521.58,1.26,put,0.7251,37.15,40.8,38.975,15,84,-0.4275,49.28,7.568,98.65,market
2026-06-26,AMD,2026-07-24,28,520.0,521.58,0.3,put,0.7191,39.15,43.35,41.25,22,149,-0.4467,47.41,7.933,103.41,market
2026-06-26,AMD,2026-07-24,28,525.0,521.58,0.0,put,0.708,41.55,45.1,43.325,4,51,-0.4664,45.55,8.252,107.58,market
2026-06-26,AMD,2026-07-24,28,530.0,521.58,0.0,put,0.7126,44.9,47.9,46.4,4,97,-0.4853,43.63,8.755,114.12,market
2026-06-26,AMD,2026-07-24,28,535.0,521.58,0.0,put,0.7163,47.45,51.6,49.525,8,174,-0.5038,41.76,9.257,120.67,market
2026-06-26,AMD,2026-07-24,28,540.0,521.58,0.0,put,0.7195,50.6,54.8,52.7,11,130,-0.522,39.95,9.759,127.22,market
2026-06-26,AMD,2026-07-24,28,545.0,521.58,0.0,put,0.7125,53.1,57.65,55.375,21,71,-0.5416,38.14,10.161,132.45,market
2026-06-26,AMD,2026-07-24,28,550.0,521.58,0.0,put,0.7122,56.5,60.55,58.525,5,105,-0.56,36.39,10.641,138.71,market
2026-06-26,AMD,2026-07-24,28,555.0,521.58,0.0,put,0.7016,59.35,63.0,61.175,2,24,-0.5803,34.57,11.023,143.69,market
2026-06-26,AMD,2026-07-24,28,560.0,521.58,0.0,put,0.6956,61.55,66.8,64.175,20,57,-0.5997,32.8,11.46,149.39,market
2026-06-26,AMD,2026-07-24,28,570.0,521.58,0.0,put,0.6972,67.8,74.6,71.2,15,21,-0.6343,29.58,12.491,162.83,market
2026-06-26,AMD,2026-07-24,28,575.0,521.58,0.0,put,0.6939,71.35,77.85,74.6,12,6,-0.6522,27.98,12.974,169.12,market
2026-06-26,AMD,2026-07-24,28,580.0,521.58,0.0,put,0.6942,75.0,81.55,78.275,1,3,-0.6686,26.49,13.496,175.93,market
2026-06-26,AMD,2026-07-24,28,585.0,521.58,0.0,put,0.6984,78.7,85.75,82.225,12,17,-0.6832,25.14,14.056,183.22,market
2026-06-26,AMD,2026-07-24,28,590.0,521.58,0.0,put,0.6921,82.5,88.9,85.7,50,36,-0.7009,23.61,14.525,189.35,market
2026-06-26,AMD,2026-07-24,28,595.0,521.58,0.0,put,0.7013,86.35,93.7,90.025,2,11,-0.7127,22.5,15.13,197.23,market
2026-06-26,AMD,2026-07-24,28,600.0,521.58,0.0,put,0.6906,90.25,96.6,93.425,1,11,-0.7313,20.96,15.571,202.98,market
2026-06-26,AMD,2026-07-24,28,605.0,521.58,0.0,put,0.7002,94.2,101.55,97.875,0,5,-0.7416,19.98,16.178,210.89,market
2026-06-26,AMD,2026-07-24,28,610.0,521.58,0.0,put,0.6917,98.25,104.8,101.525,2,2,-0.7585,18.59,16.643,216.96,market
2026-06-26,AMD,2026-07-24,28,615.0,521.58,0.0,put,0.6988,102.35,109.55,105.95,2,4,-0.7687,17.67,17.228,224.57,market
2026-06-26,AMD,2026-07-24,28,620.0,521.58,0.0,put,0.6982,106.5,113.65,110.075,0,1,-0.7815,16.58,17.754,231.44,market
2026-06-26,AMD,2026-07-24,28,630.0,521.58,0.0,put,0.6787,115.0,120.5,117.75,12,6,-0.8133,14.05,18.69,243.64,market
2026-06-26,AMD,2026-07-24,28,640.0,521.58,0.0,put,0.6836,123.65,129.6,126.625,2,2,-0.8329,12.4,19.785,257.91,market
2026-06-26,AMD,2026-07-24,28,670.0,521.58,0.0,put,0.6961,150.65,157.25,153.95,0,1,-0.8815,8.45,22.978,299.53,market
2026-06-26,AMD,2026-07-24,28,690.0,521.58,0.0,put,0.7092,169.25,176.35,172.8,0,1,-0.9044,6.64,25.043,326.46,market
2026-06-26,AMD,2026-07-24,28,700.0,521.58,0.0,put,0.7135,178.7,185.85,182.275,0,2,-0.9147,5.84,26.039,339.44,market
2026-06-26,AMD,2026-07-24,28,710.0,521.58,0.0,put,0.717,188.25,195.35,191.8,0,1,-0.9243,5.12,27.014,352.15,market
2026-06-26,AMD,2026-07-24,28,730.0,521.58,0.0,put,0.7312,207.55,214.75,211.15,0,1,-0.9382,4.07,28.925,377.05,market
2026-06-26,AMD,2026-07-24,28,740.0,521.58,0.0,put,0.7258,217.25,224.1,220.675,0,1,-0.9474,3.43,29.821,388.74,market
2026-06-26,AMD,2026-07-31,35,45.0,521.58,91.37,put,3.8984,0.0,2.74,1.24,1,0,-0.0042,92.36,2.755,28.73,bs_fallback
2026-06-26,AMD,2026-07-31,35,100.0,521.58,80.83,put,2.5913,0.0,2.73,1.224,0,1,-0.0068,95.19,1.224,12.76,bs_fallback
2026-06-26,AMD,2026-07-31,35,135.0,521.58,74.12,put,2.0288,0.0,1.98,0.877,1,1,-0.0067,96.75,0.65,6.78,bs_fallback
2026-06-26,AMD,2026-07-31,35,150.0,521.58,71.24,put,1.8599,0.0,1.86,0.822,0,10,-0.0069,97.02,0.548,5.71,bs_fallback
2026-06-26,AMD,2026-07-31,35,155.0,521.58,70.28,put,1.7939,0.0,1.73,0.762,0,10,-0.0067,97.23,0.491,5.12,bs_fallback
2026-06-26,AMD,2026-07-31,35,175.0,521.58,66.45,put,1.5347,0.01,1.14,0.575,0,12,-0.0055,98.08,0.329,3.43,market
2026-06-26,AMD,2026-07-31,35,180.0,521.58,65.49,put,1.4658,0.01,0.97,0.49,1,26,-0.0049,98.33,0.272,2.84,market
2026-06-26,AMD,2026-07-31,35,185.0,521.58,64.53,put,1.4268,0.01,0.95,0.48,1,11,-0.005,98.37,0.259,2.71,market
2026-06-26,AMD,2026-07-31,35,190.0,521.58,63.57,put,1.3643,0.01,0.81,0.41,1,11,-0.0045,98.58,0.216,2.25,market
2026-06-26,AMD,2026-07-31,35,200.0,521.58,61.65,put,1.3086,0.01,0.86,0.435,2,214,-0.0049,98.52,0.217,2.27,market
2026-06-26,AMD,2026-07-31,35,210.0,521.58,59.74,put,1.2554,0.01,0.91,0.46,6,6,-0.0054,98.45,0.219,2.28,market
2026-06-26,AMD,2026-07-31,35,215.0,521.58,58.78,put,1.2285,0.01,0.93,0.47,1,55,-0.0057,98.43,0.219,2.28,market
2026-06-26,AMD,2026-07-31,35,220.0,521.58,57.82,put,1.2036,0.01,0.96,0.485,2,19,-0.0059,98.39,0.22,2.3,market
2026-06-26,AMD,2026-07-31,35,225.0,521.58,56.86,put,1.1807,0.01,1.0,0.505,3,203,-0.0063,98.34,0.224,2.34,market
2026-06-26,AMD,2026-07-31,35,230.0,521.58,55.9,put,1.1567,0.01,1.03,0.52,9,10,-0.0066,98.3,0.226,2.36,market
2026-06-26,AMD,2026-07-31,35,235.0,521.58,54.94,put,1.1426,0.07,1.07,0.57,11,200,-0.0073,98.17,0.243,2.53,market
2026-06-26,AMD,2026-07-31,35,240.0,521.58,53.99,put,1.1011,0.09,0.95,0.52,16,52,-0.0069,98.3,0.217,2.26,market
2026-06-26,AMD,2026-07-31,35,245.0,521.58,53.03,put,1.1231,0.5,0.93,0.715,47,26,-0.0091,97.79,0.292,3.04,market
2026-06-26,AMD,2026-07-31,35,250.0,521.58,52.07,put,1.0732,0.5,0.74,0.62,10,617,-0.0083,98.03,0.248,2.59,market
2026-06-26,AMD,2026-07-31,35,255.0,521.58,51.11,put,1.0759,0.5,1.0,0.75,2,14,-0.0099,97.7,0.294,3.07,market
2026-06-26,AMD,2026-07-31,35,260.0,521.58,50.15,put,1.0493,0.5,1.0,0.75,3,35,-0.0102,97.7,0.288,3.01,market
2026-06-26,AMD,2026-07-31,35,265.0,521.58,49.19,put,1.0234,0.5,1.0,0.75,6,19,-0.0104,97.69,0.283,2.95,market
2026-06-26,AMD,2026-07-31,35,270.0,521.58,48.23,put,0.9976,0.5,1.0,0.75,1,29,-0.0107,97.68,0.278,2.9,market
2026-06-26,AMD,2026-07-31,35,275.0,521.58,47.28,put,0.9727,0.5,1.0,0.75,1,38,-0.011,97.67,0.273,2.84,market
2026-06-26,AMD,2026-07-31,35,280.0,521.58,46.32,put,0.9995,0.54,1.58,1.06,4,49,-0.0146,96.93,0.379,3.95,market
2026-06-26,AMD,2026-07-31,35,285.0,521.58,45.36,put,0.9719,0.41,1.68,1.045,12,22,-0.0148,96.95,0.367,3.82,market
2026-06-26,AMD,2026-07-31,35,290.0,521.58,44.4,put,0.9592,0.48,1.78,1.13,1,18,-0.0161,96.74,0.39,4.06,market
2026-06-26,AMD,2026-07-31,35,295.0,521.58,43.44,put,0.9358,0.56,1.72,1.14,4,9,-0.0167,96.7,0.386,4.03,market
2026-06-26,AMD,2026-07-31,35,300.0,521.58,42.48,put,0.9111,0.72,1.56,1.14,5,61,-0.0171,96.68,0.38,3.96,market
2026-06-26,AMD,2026-07-31,35,305.0,521.58,41.52,put,0.9243,0.74,2.16,1.45,3,7,-0.021,95.98,0.475,4.96,market
2026-06-26,AMD,2026-07-31,35,310.0,521.58,40.57,put,0.9131,0.85,2.3,1.575,4,8,-0.0228,95.69,0.508,5.3,market
2026-06-26,AMD,2026-07-31,35,315.0,521.58,39.61,put,0.9021,0.97,2.45,1.71,1,4,-0.0249,95.38,0.543,5.66,market
2026-06-26,AMD,2026-07-31,35,320.0,521.58,38.65,put,0.8879,1.54,2.1,1.82,13,45,-0.0267,95.12,0.569,5.93,market
2026-06-26,AMD,2026-07-31,35,325.0,521.58,37.69,put,0.8898,1.26,2.99,2.125,2,27,-0.0306,94.48,0.654,6.82,market
2026-06-26,AMD,2026-07-31,35,330.0,521.58,36.73,put,0.8712,1.43,2.97,2.2,3,18,-0.0322,94.29,0.667,6.95,market
2026-06-26,AMD,2026-07-31,35,335.0,521.58,35.77,put,0.8645,1.62,3.25,2.435,1,4,-0.0355,93.8,0.727,7.58,market
2026-06-26,AMD,2026-07-31,35,340.0,521.58,34.81,put,0.8544,1.83,3.45,2.64,9,16,-0.0385,93.36,0.776,8.1,market
2026-06-26,AMD,2026-07-31,35,345.0,521.58,33.85,put,0.8325,2.06,3.3,2.68,1,16,-0.04,93.23,0.777,8.1,market
2026-06-26,AMD,2026-07-31,35,350.0,521.58,32.9,put,0.8507,2.8,3.95,3.375,111,174,-0.048,91.94,0.964,10.06,market
2026-06-26,AMD,2026-07-31,35,355.0,521.58,31.94,put,0.8286,2.6,4.25,3.425,1,36,-0.0498,91.77,0.965,10.06,market
2026-06-26,AMD,2026-07-31,35,360.0,521.58,30.98,put,0.824,3.0,4.6,3.8,10,102,-0.0549,91.06,1.056,11.01,market
2026-06-26,AMD,2026-07-31,35,365.0,521.58,30.02,put,0.8141,3.25,4.95,4.1,26,48,-0.0593,90.47,1.123,11.71,market
2026-06-26,AMD,2026-07-31,35,370.0,521.58,29.06,put,0.8055,3.6,5.3,4.45,5,56,-0.0642,89.81,1.203,12.54,market
2026-06-26,AMD,2026-07-31,35,375.0,521.58,28.1,put,0.8004,4.15,5.65,4.9,7,96,-0.0702,89.0,1.307,13.63,market
2026-06-26,AMD,2026-07-31,35,380.0,521.58,27.14,put,0.7998,4.9,6.1,5.5,9,128,-0.0775,87.98,1.447,15.09,market
2026-06-26,AMD,2026-07-31,35,385.0,521.58,26.19,put,0.7859,4.9,6.7,5.8,9,48,-0.0824,87.4,1.506,15.71,market
2026-06-26,AMD,2026-07-31,35,390.0,521.58,25.23,put,0.7769,5.3,7.2,6.25,41,75,-0.0887,86.61,1.603,16.71,market
2026-06-26,AMD,2026-07-31,35,395.0,521.58,24.27,put,0.773,5.85,7.9,6.875,67,174,-0.0966,85.58,1.741,18.15,market
2026-06-26,AMD,2026-07-31,35,400.0,521.58,23.31,put,0.7818,7.45,8.45,7.95,16466,559,-0.108,84.01,1.988,20.73,market
2026-06-26,AMD,2026-07-31,35,405.0,521.58,22.35,put,0.7704,7.6,9.3,8.45,42,54,-0.1151,83.18,2.086,21.76,market
2026-06-26,AMD,2026-07-31,35,410.0,521.58,21.39,put,0.7656,8.3,10.1,9.2,29,102,-0.1242,82.04,2.244,23.4,market
2026-06-26,AMD,2026-07-31,35,415.0,521.58,20.43,put,0.7586,8.7,11.15,9.925,2,94,-0.1333,80.95,2.392,24.94,market
2026-06-26,AMD,2026-07-31,35,420.0,521.58,19.48,put,0.7504,9.55,11.75,10.65,21,110,-0.1425,79.86,2.536,26.44,market
2026-06-26,AMD,2026-07-31,35,425.0,521.58,18.52,put,0.7537,10.75,13.0,11.875,12,76,-0.1551,78.27,2.794,29.14,market
2026-06-26,AMD,2026-07-31,35,430.0,521.58,17.56,put,0.7507,11.95,13.9,12.925,14,110,-0.1667,76.88,3.006,31.35,market
2026-06-26,AMD,2026-07-31,35,435.0,521.58,16.6,put,0.7428,12.6,15.05,13.825,9,261,-0.1775,75.65,3.178,33.14,market
2026-06-26,AMD,2026-07-31,35,440.0,521.58,15.64,put,0.7567,14.0,17.55,15.775,28,102,-0.1939,73.54,3.585,37.39,market
2026-06-26,AMD,2026-07-31,35,445.0,521.58,14.68,put,0.7501,14.95,18.8,16.875,37,65,-0.206,72.18,3.792,39.55,market
2026-06-26,AMD,2026-07-31,35,450.0,521.58,13.72,put,0.7504,16.75,20.0,18.375,76,476,-0.22,70.53,4.083,42.58,market
2026-06-26,AMD,2026-07-31,35,455.0,521.58,12.77,put,0.7289,17.7,20.0,18.85,15,65,-0.2299,69.62,4.143,43.2,market
2026-06-26,AMD,2026-07-31,35,460.0,521.58,11.81,put,0.7334,19.3,22.1,20.7,19,121,-0.2458,67.75,4.5,46.93,market
2026-06-26,AMD,2026-07-31,35,465.0,521.58,10.85,put,0.7332,20.75,24.05,22.4,6,290,-0.261,66.03,4.817,50.24,market
2026-06-26,AMD,2026-07-31,35,470.0,521.58,9.89,put,0.7346,22.45,26.1,24.275,10,77,-0.2767,64.25,5.165,53.86,market
2026-06-26,AMD,2026-07-31,35,475.0,521.58,8.93,put,0.7331,24.5,27.65,26.075,4,165,-0.2923,62.54,5.489,57.25,market
2026-06-26,AMD,2026-07-31,35,480.0,521.58,7.97,put,0.7289,25.9,29.7,27.8,41,160,-0.3078,60.89,5.792,60.4,market
2026-06-26,AMD,2026-07-31,35,485.0,521.58,7.01,put,0.7255,27.95,31.35,29.65,25,60,-0.3237,59.2,6.113,63.75,market
2026-06-26,AMD,2026-07-31,35,490.0,521.58,6.05,put,0.7335,30.05,34.5,32.275,5,90,-0.341,57.24,6.587,68.69,market
2026-06-26,AMD,2026-07-31,35,495.0,521.58,5.1,put,0.7216,32.15,35.4,33.775,6,34,-0.3567,55.72,6.823,71.16,market
2026-06-26,AMD,2026-07-31,35,500.0,521.58,4.14,put,0.7267,34.65,38.15,36.4,34,210,-0.3739,53.85,7.28,75.92,market
2026-06-26,AMD,2026-07-31,35,505.0,521.58,3.18,put,0.729,36.65,41.25,38.95,14,111,-0.3908,52.05,7.713,80.43,market
2026-06-26,AMD,2026-07-31,35,510.0,521.58,2.22,put,0.7213,39.0,42.9,40.95,31,60,-0.4076,50.41,8.029,83.74,market
2026-06-26,AMD,2026-07-31,35,515.0,521.58,1.26,put,0.7226,41.6,45.6,43.6,21,65,-0.4246,48.66,8.466,88.29,market
2026-06-26,AMD,2026-07-31,35,520.0,521.58,0.3,put,0.724,43.85,48.85,46.35,93,154,-0.4416,46.92,8.913,92.95,market
2026-06-26,AMD,2026-07-31,35,525.0,521.58,0.0,put,0.7253,46.8,51.55,49.175,3,25,-0.4584,45.22,9.367,97.68,market
2026-06-26,AMD,2026-07-31,35,530.0,521.58,0.0,put,0.718,49.55,53.5,51.525,5,167,-0.4758,43.58,9.722,101.38,market
2026-06-26,AMD,2026-07-31,35,535.0,521.58,0.0,put,0.7199,52.35,56.75,54.55,1,17,-0.4924,41.92,10.196,106.33,market
2026-06-26,AMD,2026-07-31,35,540.0,521.58,0.0,put,0.7201,54.95,60.15,57.55,10,26,-0.509,40.3,10.657,111.14,market
2026-06-26,AMD,2026-07-31,35,545.0,521.58,0.0,put,0.711,57.95,62.1,60.025,10,24,-0.527,38.67,11.014,114.86,market
2026-06-26,AMD,2026-07-31,35,550.0,521.58,0.0,put,0.7111,61.25,65.1,63.175,8,129,-0.5434,37.1,11.486,119.79,market
2026-06-26,AMD,2026-07-31,35,555.0,521.58,0.0,put,0.7178,64.15,69.5,66.825,4,9,-0.5583,35.61,12.041,125.57,market
2026-06-26,AMD,2026-07-31,35,560.0,521.58,0.0,put,0.7171,67.4,72.75,70.075,1,10,-0.5743,34.11,12.513,130.5,market
2026-06-26,AMD,2026-07-31,35,565.0,521.58,0.0,put,0.7094,69.9,76.0,72.95,10,2,-0.5919,32.56,12.912,134.65,market
2026-06-26,AMD,2026-07-31,35,570.0,521.58,0.0,put,0.7004,72.8,78.85,75.825,14,1,-0.6098,31.01,13.303,138.73,market
2026-06-26,AMD,2026-07-31,35,580.0,521.58,0.0,put,0.7029,79.85,86.3,83.075,0,3,-0.6394,28.28,14.323,149.37,market
2026-06-26,AMD,2026-07-31,35,590.0,521.58,0.0,put,0.7023,87.15,93.65,90.4,0,23,-0.6686,25.67,15.322,159.79,market
2026-06-26,AMD,2026-07-31,35,600.0,521.58,0.0,put,0.7058,94.65,101.75,98.2,31,14,-0.6949,23.32,16.367,170.68,market
2026-06-26,AMD,2026-07-31,35,605.0,521.58,0.0,put,0.7039,98.55,105.4,101.975,4,1,-0.7087,22.13,16.855,175.78,market
2026-06-26,AMD,2026-07-31,35,620.0,521.58,0.0,put,0.7085,110.45,117.95,114.2,6,3,-0.7442,19.06,18.419,192.09,market
2026-06-26,AMD,2026-07-31,35,630.0,521.58,0.0,put,0.7101,118.7,126.3,122.5,4,5,-0.7664,17.18,19.444,202.78,market
2026-06-26,AMD,2026-07-31,35,660.0,521.58,0.0,put,0.7101,144.4,151.95,148.175,4,2,-0.826,12.33,22.451,234.13,market
2026-06-26,AMD,2026-07-31,35,680.0,521.58,0.0,put,0.7101,162.3,169.7,166.0,8,4,-0.8587,9.78,24.412,254.58,market
2026-06-26,TSLA,2026-07-17,21,5.0,379.71,98.68,put,5.25,0.0,0.01,0.003,150,3762,-0.0,99.75,0.068,1.18,bs_fallback
2026-06-26,TSLA,2026-07-17,21,10.0,379.71,97.37,put,4.375,0.0,0.01,0.004,5,372,-0.0,99.84,0.038,0.66,bs_fallback
2026-06-26,TSLA,2026-07-17,21,15.0,379.71,96.05,put,3.875,0.0,0.01,0.004,10,34,-0.0,99.87,0.027,0.47,bs_fallback
2026-06-26,TSLA,2026-07-17,21,20.0,379.71,94.73,put,3.5,0.0,0.01,0.004,4,317,-0.0,99.9,0.019,0.33,bs_fallback
2026-06-26,TSLA,2026-07-17,21,25.0,379.71,93.42,put,3.625,0.0,0.05,0.019,5,547,-0.0002,99.65,0.074,1.29,bs_fallback
2026-06-26,TSLA,2026-07-17,21,30.0,379.71,92.1,put,4.4453,0.0,0.7,0.289,20,170,-0.0018,96.78,0.965,16.77,bs_fallback
2026-06-26,TSLA,2026-07-17,21,35.0,379.71,90.78,put,3.2188,0.0,0.06,0.023,5,196,-0.0003,99.66,0.066,1.14,bs_fallback
2026-06-26,TSLA,2026-07-17,21,40.0,379.71,89.47,put,2.875,0.0,0.03,0.012,11,233,-0.0002,99.83,0.029,0.5,bs_fallback
2026-06-26,TSLA,2026-07-17,21,45.0,379.71,88.15,put,2.5,0.0,0.01,0.003,16,397,-0.0001,99.94,0.008,0.13,bs_fallback
2026-06-26,TSLA,2026-07-17,21,50.0,379.71,86.83,put,2.6875,0.0,0.05,0.019,1,738,-0.0003,99.77,0.038,0.66,bs_fallback
2026-06-26,TSLA,2026-07-17,21,55.0,379.71,85.52,put,2.5625,0.0,0.05,0.019,1,557,-0.0003,99.77,0.035,0.6,bs_fallback
2026-06-26,TSLA,2026-07-17,21,60.0,379.71,84.2,put,2.3438,0.0,0.03,0.011,7,1234,-0.0002,99.87,0.018,0.32,bs_fallback
2026-06-26,TSLA,2026-07-17,21,65.0,379.71,82.88,put,2.4844,0.0,0.1,0.039,25,4168,-0.0005,99.62,0.059,1.03,bs_fallback
2026-06-26,TSLA,2026-07-17,21,70.0,379.71,81.56,put,3.5205,0.0,2.5,1.071,4,930,-0.0076,94.34,1.531,26.6,bs_fallback
2026-06-26,TSLA,2026-07-17,21,75.0,379.71,80.25,put,2.1094,0.0,0.04,0.015,4,4543,-0.0003,99.85,0.02,0.34,bs_fallback
2026-06-26,TSLA,2026-07-17,21,80.0,379.71,78.93,put,1.9844,0.0,0.03,0.011,10,1863,-0.0002,99.88,0.014,0.24,bs_fallback
2026-06-26,TSLA,2026-07-17,21,85.0,379.71,77.61,put,1.9063,0.0,0.03,0.011,2,129,-0.0002,99.89,0.013,0.23,bs_fallback
2026-06-26,TSLA,2026-07-17,21,90.0,379.71,76.3,put,1.875,0.0,0.04,0.015,1,1279,-0.0003,99.86,0.016,0.28,bs_fallback
2026-06-26,TSLA,2026-07-17,21,95.0,379.71,74.98,put,1.8047,0.0,0.04,0.014,1,378,-0.0003,99.86,0.015,0.27,bs_fallback
2026-06-26,TSLA,2026-07-17,21,100.0,379.71,73.66,put,1.7969,0.01,0.05,0.03,35,12232,-0.0005,99.81,0.03,0.52,market
2026-06-26,TSLA,2026-07-17,21,105.0,379.71,72.35,put,1.7344,0.0,0.06,0.022,9,340,-0.0005,99.81,0.021,0.36,bs_fallback
2026-06-26,TSLA,2026-07-17,21,110.0,379.71,71.03,put,1.75,0.0,0.1,0.037,2,1067,-0.0008,99.7,0.034,0.59,bs_fallback
2026-06-26,TSLA,2026-07-17,21,115.0,379.71,69.71,put,1.6172,0.0,0.06,0.022,3,89,-0.0005,99.81,0.019,0.34,bs_fallback
2026-06-26,TSLA,2026-07-17,21,120.0,379.71,68.4,put,1.7305,0.0,0.18,0.07,4,2264,-0.0014,99.5,0.058,1.02,bs_fallback
2026-06-26,TSLA,2026-07-17,21,125.0,379.71,67.08,put,1.5273,0.0,0.07,0.026,6,105,-0.0006,99.79,0.021,0.36,bs_fallback
2026-06-26,TSLA,2026-07-17,21,130.0,379.71,65.76,put,1.4922,0.0,0.08,0.03,5,561,-0.0007,99.76,0.023,0.4,bs_fallback
2026-06-26,TSLA,2026-07-17,21,135.0,379.71,64.45,put,1.6465,0.0,0.3,0.118,100,558,-0.0024,99.24,0.088,1.52,bs_fallback
2026-06-26,TSLA,2026-07-17,21,140.0,379.71,63.13,put,1.4219,0.0,0.1,0.037,10,310,-0.001,99.71,0.027,0.46,bs_fallback
2026-06-26,TSLA,2026-07-17,21,145.0,379.71,61.81,put,1.3867,0.03,0.08,0.055,105,269,-0.0011,99.69,0.038,0.66,market
2026-06-26,TSLA,2026-07-17,21,150.0,379.71,60.5,put,1.2656,0.0,0.06,0.021,44,1710,-0.0006,99.82,0.014,0.25,bs_fallback
2026-06-26,TSLA,2026-07-17,21,155.0,379.71,59.18,put,2.1226,0.0,4.3,1.873,18,644,-0.0217,93.46,1.208,21.0,bs_fallback
2026-06-26,TSLA,2026-07-17,21,160.0,379.71,57.86,put,2.0547,0.0,4.3,1.873,45,463,-0.0224,93.49,1.171,20.35,bs_fallback
2026-06-26,TSLA,2026-07-17,21,165.0,379.71,56.55,put,1.459,0.0,0.6,0.242,12,639,-0.0052,98.66,0.147,2.55,bs_fallback
2026-06-26,TSLA,2026-07-17,21,170.0,379.71,55.23,put,1.2773,0.05,0.21,0.13,21,2744,-0.0027,99.34,0.076,1.33,market
2026-06-26,TSLA,2026-07-17,21,175.0,379.71,53.91,put,1.3604,0.05,0.54,0.295,6,322,-0.0054,98.68,0.169,2.93,market
2026-06-26,TSLA,2026-07-17,21,180.0,379.71,52.6,put,1.082,0.0,0.1,0.038,74,379,-0.0013,99.71,0.021,0.37,bs_fallback
2026-06-26,TSLA,2026-07-17,21,185.0,379.71,51.28,put,1.3652,0.0,1.0,0.414,15,395,-0.0089,97.94,0.224,3.89,bs_fallback
2026-06-26,TSLA,2026-07-17,21,190.0,379.71,49.96,put,1.3897,0.0,1.42,0.595,1422,2720,-0.0121,97.25,0.313,5.44,bs_fallback
2026-06-26,TSLA,2026-07-17,21,195.0,379.71,48.65,put,1.0371,0.08,0.11,0.095,8,517,-0.0024,99.49,0.049,0.85,market
2026-06-26,TSLA,2026-07-17,21,200.0,379.71,47.33,put,1.0254,0.09,0.15,0.12,194,6843,-0.0031,99.37,0.06,1.04,market
2026-06-26,TSLA,2026-07-17,21,210.0,379.71,44.69,put,1.0127,0.05,0.35,0.2,1,1110,-0.0051,99.01,0.095,1.66,market
2026-06-26,TSLA,2026-07-17,21,220.0,379.71,42.06,put,0.9883,0.15,0.44,0.295,543,1734,-0.0075,98.6,0.134,2.33,market
2026-06-26,TSLA,2026-07-17,21,230.0,379.71,39.43,put,0.8105,0.01,0.21,0.11,17,1986,-0.0036,99.37,0.048,0.83,market
2026-06-26,TSLA,2026-07-17,21,240.0,379.71,36.79,put,0.8467,0.15,0.45,0.3,4,1730,-0.0088,98.51,0.125,2.17,market
2026-06-26,TSLA,2026-07-17,21,245.0,379.71,35.48,put,0.8032,0.08,0.47,0.275,3,615,-0.0085,98.58,0.112,1.95,market
2026-06-26,TSLA,2026-07-17,21,250.0,379.71,34.16,put,0.77,0.26,0.29,0.275,138,6373,-0.0089,98.56,0.11,1.91,market
2026-06-26,TSLA,2026-07-17,21,255.0,379.71,32.84,put,0.7461,0.28,0.32,0.3,10,191,-0.0099,98.43,0.118,2.04,market
2026-06-26,TSLA,2026-07-17,21,260.0,379.71,31.53,put,0.7222,0.31,0.34,0.325,5,1794,-0.011,98.28,0.125,2.17,market
2026-06-26,TSLA,2026-07-17,21,265.0,379.71,30.21,put,0.6973,0.33,0.37,0.35,6,348,-0.0122,98.14,0.132,2.3,market
2026-06-26,TSLA,2026-07-17,21,270.0,379.71,28.89,put,0.6724,0.36,0.39,0.375,19,983,-0.0135,97.99,0.139,2.41,market
2026-06-26,TSLA,2026-07-17,21,275.0,379.71,27.58,put,0.6509,0.39,0.44,0.415,52,846,-0.0153,97.76,0.151,2.62,market
2026-06-26,TSLA,2026-07-17,21,280.0,379.71,26.26,put,0.627,0.43,0.47,0.45,62,5387,-0.017,97.56,0.161,2.79,market
2026-06-26,TSLA,2026-07-17,21,285.0,379.71,24.94,put,0.606,0.48,0.52,0.5,58,1628,-0.0194,97.26,0.175,3.05,market
2026-06-26,TSLA,2026-07-17,21,290.0,379.71,23.63,put,0.5852,0.54,0.58,0.56,96,3952,-0.0222,96.93,0.193,3.36,market
2026-06-26,TSLA,2026-07-17,21,295.0,379.71,22.31,put,0.5659,0.61,0.66,0.635,9,618,-0.0257,96.51,0.215,3.74,market
2026-06-26,TSLA,2026-07-17,21,300.0,379.71,20.99,put,0.5479,0.71,0.75,0.73,355,9560,-0.03,95.99,0.243,4.23,market
2026-06-26,TSLA,2026-07-17,21,305.0,379.71,19.68,put,0.5298,0.81,0.87,0.84,44,966,-0.0351,95.38,0.275,4.79,market
2026-06-26,TSLA,2026-07-17,21,310.0,379.71,18.36,put,0.5143,0.96,1.02,0.99,105,4535,-0.0419,94.59,0.319,5.55,market
2026-06-26,TSLA,2026-07-17,21,315.0,379.71,17.04,put,0.5017,1.15,1.2,1.175,69,560,-0.0509,93.53,0.373,6.48,market
2026-06-26,TSLA,2026-07-17,21,320.0,379.71,15.73,put,0.489,1.38,1.45,1.415,944,7574,-0.0616,92.28,0.442,7.69,market
2026-06-26,TSLA,2026-07-17,21,325.0,379.71,14.41,put,0.4763,1.68,1.75,1.715,126,2269,-0.0744,90.82,0.528,9.17,market
2026-06-26,TSLA,2026-07-17,21,330.0,379.71,13.09,put,0.4655,2.06,2.14,2.1,1112,7315,-0.0904,89.0,0.636,11.06,market
2026-06-26,TSLA,2026-07-17,21,335.0,379.71,11.77,put,0.4552,2.54,2.62,2.58,333,1127,-0.1097,86.85,0.77,13.39,market
2026-06-26,TSLA,2026-07-17,21,340.0,379.71,10.46,put,0.4474,3.1,3.25,3.175,759,7926,-0.1335,84.19,0.934,16.23,market
2026-06-26,TSLA,2026-07-17,21,345.0,379.71,9.14,put,0.4395,3.85,4.0,3.925,430,1545,-0.1612,81.17,1.138,19.77,market
2026-06-26,TSLA,2026-07-17,21,350.0,379.71,7.82,put,0.4335,4.8,4.95,4.875,2283,16172,-0.194,77.61,1.393,24.21,market
2026-06-26,TSLA,2026-07-17,21,355.0,379.71,6.51,put,0.4285,5.9,6.1,6.0,868,1909,-0.2315,73.61,1.69,29.38,market
2026-06-26,TSLA,2026-07-17,21,360.0,379.71,5.19,put,0.4235,7.25,7.45,7.35,1232,8433,-0.273,69.22,2.042,35.49,market
2026-06-26,TSLA,2026-07-17,21,365.0,379.71,3.87,put,0.4181,8.85,9.0,8.925,599,2840,-0.3182,64.52,2.445,42.5,market
2026-06-26,TSLA,2026-07-17,21,370.0,379.71,2.56,put,0.416,10.65,10.9,10.775,3555,7626,-0.3676,59.43,2.912,50.62,market
2026-06-26,TSLA,2026-07-17,21,375.0,379.71,1.24,put,0.4125,12.8,13.0,12.9,956,5131,-0.4189,54.21,3.44,59.79,market
2026-06-26,TSLA,2026-07-17,21,380.0,379.71,0.0,put,0.4116,15.2,15.45,15.325,1534,7729,-0.4718,48.88,4.033,70.1,market
2026-06-26,TSLA,2026-07-17,21,385.0,379.71,0.0,put,0.4104,17.7,18.15,17.925,998,3630,-0.5248,43.62,4.656,80.92,market
2026-06-26,TSLA,2026-07-17,21,390.0,379.71,0.0,put,0.4105,20.5,21.15,20.825,992,7137,-0.5766,38.53,5.34,92.81,market
2026-06-26,TSLA,2026-07-17,21,395.0,379.71,0.0,put,0.442,23.7,25.5,24.6,319,4776,-0.6149,34.52,6.228,108.25,market
2026-06-26,TSLA,2026-07-17,21,400.0,379.71,0.0,put,0.4238,27.2,28.3,27.75,1435,16660,-0.6675,29.65,6.938,120.58,market
2026-06-26,TSLA,2026-07-17,21,405.0,379.71,0.0,put,0.4286,30.75,32.1,31.425,116,3520,-0.7081,25.76,7.759,134.86,market
2026-06-26,TSLA,2026-07-17,21,410.0,379.71,0.0,put,0.4328,34.7,36.05,35.375,156,5732,-0.7453,22.26,8.628,149.96,market
2026-06-26,TSLA,2026-07-17,21,415.0,379.71,0.0,put,0.4423,38.75,40.3,39.525,36,3564,-0.7756,19.39,9.524,165.54,market
2026-06-26,TSLA,2026-07-17,21,420.0,379.71,0.0,put,0.4742,40.45,45.25,42.85,84,5796,-0.7894,17.93,10.202,177.33,market
2026-06-26,TSLA,2026-07-17,21,425.0,379.71,0.0,put,0.4629,47.15,49.15,48.15,23,2011,-0.8247,14.81,11.329,196.92,market
2026-06-26,TSLA,2026-07-17,21,430.0,379.71,0.0,put,0.5037,48.9,54.4,51.65,40,3884,-0.8277,14.32,12.012,208.77,market
2026-06-26,TSLA,2026-07-17,21,435.0,379.71,0.0,put,0.5267,53.05,59.25,56.15,36,1675,-0.8389,13.21,12.908,224.35,market
2026-06-26,TSLA,2026-07-17,21,440.0,379.71,0.0,put,0.5275,58.35,63.65,61.0,64,5907,-0.8597,11.4,13.864,240.96,market
2026-06-26,TSLA,2026-07-17,21,445.0,379.71,0.0,put,0.5158,62.85,67.9,65.375,19,732,-0.8844,9.32,14.691,255.34,market
2026-06-26,TSLA,2026-07-17,21,450.0,379.71,0.0,put,0.5783,67.5,73.6,70.55,54,2933,-0.8717,10.15,15.678,272.49,market
2026-06-26,TSLA,2026-07-17,21,455.0,379.71,0.0,put,0.5988,71.7,78.5,75.1,2,699,-0.8785,9.49,16.505,286.88,market
2026-06-26,TSLA,2026-07-17,21,460.0,379.71,0.0,put,0.5526,76.85,82.3,79.575,16,2122,-0.9129,6.79,17.299,300.67,market
2026-06-26,TSLA,2026-07-17,21,465.0,379.71,0.0,put,0.6284,82.15,88.15,85.15,1,1614,-0.8943,8.07,18.312,318.28,market
2026-06-26,TSLA,2026-07-17,21,470.0,379.71,0.0,put,0.587,87.0,92.15,89.575,38,1325,-0.9228,5.88,19.059,331.26,market
2026-06-26,TSLA,2026-07-17,21,475.0,379.71,0.0,put,0.6868,91.9,98.35,95.125,207,3612,-0.8961,7.72,20.026,348.08,market
2026-06-26,TSLA,2026-07-17,21,480.0,379.71,0.0,put,0.6786,96.6,102.85,99.725,117,994,-0.91,6.63,20.776,361.11,market
2026-06-26,TSLA,2026-07-17,21,485.0,379.71,0.0,put,0.7318,101.7,108.35,105.025,578,1,-0.9015,7.14,21.655,376.38,market
2026-06-26,TSLA,2026-07-17,21,490.0,379.71,0.0,put,0.7659,106.2,113.55,109.875,23,30,-0.8998,7.16,22.423,389.74,market
2026-06-26,TSLA,2026-07-17,21,495.0,379.71,0.0,put,0.7845,111.55,118.5,115.025,790,0,-0.9031,6.84,23.237,403.89,market
2026-06-26,TSLA,2026-07-17,21,500.0,379.71,0.0,put,0.8472,116.1,124.2,120.15,108,69,-0.8922,7.47,24.03,417.66,market
2026-06-26,TSLA,2026-07-17,21,505.0,379.71,0.0,put,0.8268,121.0,128.5,124.75,10,0,-0.9073,6.39,24.703,429.36,market
2026-06-26,TSLA,2026-07-17,21,510.0,379.71,0.0,put,0.5322,126.55,134.5,130.525,454,0,-0.9869,0.93,25.593,444.83,market
2026-06-26,TSLA,2026-07-17,21,515.0,379.71,0.0,put,0.8866,130.5,138.8,134.65,10,0,-0.9054,6.35,26.146,454.44,market
2026-06-26,TSLA,2026-07-17,21,520.0,379.71,0.0,put,0.894,136.0,143.6,139.8,10,6,-0.9108,5.94,26.885,467.28,market
2026-06-26,TSLA,2026-07-17,21,525.0,379.71,0.0,put,0.969,140.85,149.5,145.175,141,0,-0.8971,6.71,27.652,480.62,market
2026-06-26,TSLA,2026-07-17,21,530.0,379.71,0.0,put,0.989,145.85,154.5,150.175,16,0,-0.8988,6.52,28.335,492.49,market
2026-06-26,TSLA,2026-07-17,21,535.0,379.71,0.0,put,0.605,151.55,159.5,155.525,2,0,-0.9884,0.79,29.07,505.27,market
2026-06-26,TSLA,2026-07-17,21,540.0,379.71,0.0,put,0.981,156.4,163.75,160.075,900,0,-0.9142,5.46,29.644,515.23,market
2026-06-26,TSLA,2026-07-17,21,545.0,379.71,0.0,put,1.0319,160.55,169.25,164.9,4,0,-0.9074,5.8,30.257,525.89,market
2026-06-26,TSLA,2026-07-17,21,550.0,379.71,0.0,put,1.0507,166.0,174.25,170.125,15,0,-0.9087,5.65,30.932,537.62,market
2026-06-26,TSLA,2026-07-17,21,555.0,379.71,0.0,put,1.0222,171.55,178.55,175.05,2,0,-0.9213,4.86,31.541,548.2,market
2026-06-26,TSLA,2026-07-17,21,560.0,379.71,0.0,put,1.0742,176.0,184.05,180.025,10,0,-0.9143,5.2,32.147,558.75,market
2026-06-26,TSLA,2026-07-17,21,565.0,379.71,0.0,put,1.0681,181.1,188.7,184.9,10,0,-0.921,4.77,32.726,568.8,market
2026-06-26,TSLA,2026-07-17,21,570.0,379.71,0.0,put,1.1228,186.1,194.25,190.175,450,0,-0.9136,5.13,33.364,579.9,market
2026-06-26,TSLA,2026-07-17,21,575.0,379.71,0.0,put,1.1096,191.1,198.8,194.95,56,0,-0.9215,4.63,33.904,589.29,market
2026-06-26,TSLA,2026-07-17,21,580.0,379.71,0.0,put,1.1575,196.0,204.25,200.125,100,0,-0.9157,4.9,34.504,599.72,market
2026-06-26,TSLA,2026-07-17,21,585.0,379.71,0.0,put,0.0,177.85,179.0,178.425,15,15,-1.0,0.0,30.5,530.12,market
2026-06-26,TSLA,2026-07-17,21,590.0,379.71,0.0,put,1.1262,206.55,213.35,209.95,25,0,-0.9313,3.96,35.585,618.5,market
2026-06-26,TSLA,2026-07-17,21,595.0,379.71,0.0,put,0.0,187.55,188.45,188.0,0,0,-1.0,0.0,31.597,549.18,market
2026-06-26,TSLA,2026-07-17,21,600.0,379.71,0.0,put,1.2139,216.4,224.1,220.25,10,0,-0.9216,4.39,36.708,638.03,market
2026-06-26,TSLA,2026-07-17,21,605.0,379.71,0.0,put,1.2334,220.35,229.15,224.75,0,0,-0.9217,4.34,37.149,645.68,market
2026-06-26,TSLA,2026-07-17,21,610.0,379.71,0.0,put,1.1428,226.4,232.8,229.6,1,0,-0.9432,3.17,37.639,654.21,market
2026-06-26,TSLA,2026-07-17,21,615.0,379.71,0.0,put,1.2651,230.35,239.15,234.75,1,0,-0.9233,4.17,38.171,663.44,market
2026-06-26,TSLA,2026-07-17,21,620.0,379.71,0.0,put,1.2356,236.55,243.55,240.05,110,0,-0.9327,3.65,38.718,672.95,market
2026-06-26,TSLA,2026-07-17,21,625.0,379.71,0.0,put,1.285,241.0,249.0,245.0,345,0,-0.9269,3.91,39.2,681.33,market
2026-06-26,TSLA,2026-07-17,21,630.0,379.71,0.0,put,0.0,237.8,240.15,238.975,10,19,-1.0,0.0,37.933,659.3,market
2026-06-26,TSLA,2026-07-17,21,640.0,379.71,0.0,put,1.2948,256.65,263.55,260.1,25,0,-0.9353,3.39,40.641,706.37,market
2026-06-26,TSLA,2026-07-17,21,645.0,379.71,0.0,put,1.2755,261.35,268.15,264.75,1,1,-0.9417,3.04,41.047,713.43,market
2026-06-26,TSLA,2026-07-17,21,650.0,379.71,0.0,put,1.3235,266.4,273.55,269.975,200,0,-0.9364,3.27,41.535,721.91,market
2026-06-26,TSLA,2026-07-17,21,660.0,379.71,0.0,put,0.0,256.6,258.2,257.4,1,21,-1.0,0.0,39.0,677.86,market
2026-06-26,TSLA,2026-07-17,21,670.0,379.71,0.0,put,1.4036,286.55,293.85,290.2,1,0,-0.9345,3.24,43.313,752.83,market
2026-06-26,TSLA,2026-07-17,21,680.0,379.71,0.0,put,0.0,276.45,278.65,277.55,1,0,-1.0,0.0,40.816,709.42,market
2026-06-26,TSLA,2026-07-17,21,690.0,379.71,0.0,put,0.0,297.75,300.0,298.875,1,0,-1.0,0.0,43.315,752.86,market
2026-06-26,TSLA,2026-07-17,21,700.0,379.71,0.0,put,1.458,316.55,323.55,320.05,3,0,-0.9413,2.77,45.721,794.68,market
2026-06-26,TSLA,2026-07-17,21,710.0,379.71,0.0,put,0.0,317.75,320.0,318.875,1,0,-1.0,0.0,44.912,780.61,market
2026-06-26,TSLA,2026-07-17,21,720.0,379.71,0.0,put,0.0,293.6,297.2,295.4,1,17,-1.0,0.0,41.028,713.1,market
2026-06-26,TSLA,2026-07-17,21,730.0,379.71,0.0,put,1.5754,345.85,354.05,349.95,1,0,-0.9374,2.8,47.938,833.21,market
2026-06-26,TSLA,2026-07-17,21,740.0,379.71,0.0,put,0.0,314.8,317.5,316.15,1,2,-1.0,0.0,42.723,742.57,market
2026-06-26,TSLA,2026-07-17,21,750.0,379.71,0.0,put,0.0,346.75,348.8,347.775,2,0,-1.0,0.0,46.37,805.95,market
2026-06-26,TSLA,2026-07-17,21,760.0,379.71,0.0,put,0.0,356.2,358.55,357.375,15,0,-1.0,0.0,47.023,817.3,market
2026-06-26,TSLA,2026-07-17,21,770.0,379.71,0.0,put,0.0,366.65,368.9,367.775,25,0,-1.0,0.0,47.763,830.17,market
2026-06-26,TSLA,2026-07-17,21,780.0,379.71,0.0,put,0.0,387.75,390.0,388.875,1,0,-1.0,0.0,49.856,866.54,market
2026-06-26,TSLA,2026-07-17,21,790.0,379.71,0.0,put,0.0,397.75,400.0,398.875,17,0,-1.0,0.0,50.491,877.57,market
2026-06-26,TSLA,2026-07-17,21,800.0,379.71,0.0,put,0.0,396.4,397.95,397.175,26,0,-1.0,0.0,49.647,862.91,market
2026-06-26,TSLA,2026-07-17,21,810.0,379.71,0.0,put,0.0,377.1,379.9,378.5,1,14,-1.0,0.0,46.728,812.18,market
2026-06-26,TSLA,2026-07-17,21,820.0,379.71,0.0,put,0.0,386.35,389.1,387.725,1,0,-1.0,0.0,47.284,821.83,market
2026-06-26,TSLA,2026-07-17,21,830.0,379.71,0.0,put,0.0,396.25,399.3,397.775,1,11,-1.0,0.0,47.925,832.98,market
2026-06-26,TSLA,2026-07-17,21,850.0,379.71,0.0,put,0.0,419.8,422.45,421.125,10,0,-1.0,0.0,49.544,861.12,market
2026-06-26,TSLA,2026-07-17,21,900.0,379.71,0.0,put,0.0,489.75,492.6,491.175,0,0,-1.0,0.0,54.575,948.57,market
2026-06-26,TSLA,2026-07-17,21,910.0,379.71,0.0,put,0.0,483.6,487.6,485.6,15,0,-1.0,0.0,53.363,927.49,market
2026-06-26,TSLA,2026-07-17,21,920.0,379.71,0.0,put,0.0,485.7,489.25,487.475,1,0,-1.0,0.0,52.986,920.95,market
2026-06-26,TSLA,2026-07-17,21,930.0,379.71,0.0,put,0.0,508.0,512.95,510.475,1,0,-1.0,0.0,54.89,954.04,market
2026-06-26,TSLA,2026-07-17,21,940.0,379.71,0.0,put,0.0,513.6,517.6,515.6,20,0,-1.0,0.0,54.851,953.36,market
2026-06-26,TSLA,2026-07-17,21,990.0,379.71,0.0,put,2.0679,606.05,613.75,609.9,1,0,-0.9533,1.48,61.606,1070.77,market
2026-06-26,TSLA,2026-07-24,28,80.0,379.71,78.93,put,2.4678,0.0,1.01,0.435,0,1,-0.0043,97.4,0.544,7.09,bs_fallback
2026-06-26,TSLA,2026-07-24,28,100.0,379.71,73.66,put,2.6763,0.0,4.3,1.928,1,8,-0.0148,92.43,1.928,25.13,bs_fallback
2026-06-26,TSLA,2026-07-24,28,110.0,379.71,71.03,put,2.4939,0.0,4.3,1.926,1,31,-0.016,92.7,1.751,22.82,bs_fallback
2026-06-26,TSLA,2026-07-24,28,120.0,379.71,68.4,put,1.9834,0.01,1.66,0.835,1547,20,-0.0087,96.63,0.696,9.07,market
2026-06-26,TSLA,2026-07-24,28,130.0,379.71,65.76,put,2.178,0.0,4.3,1.924,50,18,-0.0185,93.08,1.48,19.29,bs_fallback
2026-06-26,TSLA,2026-07-24,28,140.0,379.71,63.13,put,1.4883,0.0,0.55,0.232,19,19,-0.0042,98.69,0.165,2.16,bs_fallback
2026-06-26,TSLA,2026-07-24,28,150.0,379.71,60.5,put,1.9143,0.0,4.35,1.945,18,5,-0.0215,93.24,1.297,16.91,bs_fallback
2026-06-26,TSLA,2026-07-24,28,160.0,379.71,57.86,put,1.1445,0.07,0.11,0.09,3,48,-0.0019,99.51,0.056,0.73,market
2026-06-26,TSLA,2026-07-24,28,170.0,379.71,55.23,put,1.6846,0.0,4.4,1.967,1,45,-0.0248,93.28,1.157,15.08,bs_fallback
2026-06-26,TSLA,2026-07-24,28,190.0,379.71,49.96,put,1.002,0.14,0.21,0.175,1,14,-0.0041,99.11,0.092,1.2,market
2026-06-26,TSLA,2026-07-24,28,200.0,379.71,47.33,put,0.9453,0.16,0.23,0.195,2,270,-0.0047,99.02,0.098,1.27,market
2026-06-26,TSLA,2026-07-24,28,210.0,379.71,44.69,put,0.9043,0.21,0.28,0.245,1,328,-0.0061,98.79,0.117,1.52,market
2026-06-26,TSLA,2026-07-24,28,220.0,379.71,42.06,put,0.9067,0.06,0.8,0.43,1,321,-0.0103,98.04,0.195,2.55,market
2026-06-26,TSLA,2026-07-24,28,230.0,379.71,39.43,put,0.811,0.31,0.36,0.335,10,302,-0.0091,98.37,0.146,1.9,market
2026-06-26,TSLA,2026-07-24,28,240.0,379.71,36.79,put,0.7642,0.35,0.42,0.385,1,45,-0.011,98.12,0.16,2.09,market
2026-06-26,TSLA,2026-07-24,28,250.0,379.71,34.16,put,0.7188,0.41,0.48,0.445,3,38,-0.0133,97.83,0.178,2.32,market
2026-06-26,TSLA,2026-07-24,28,255.0,379.71,32.84,put,0.6956,0.24,0.71,0.475,3,15,-0.0145,97.67,0.186,2.43,market
2026-06-26,TSLA,2026-07-24,28,260.0,379.71,31.53,put,0.6772,0.5,0.56,0.53,3,437,-0.0165,97.42,0.204,2.66,market
2026-06-26,TSLA,2026-07-24,28,265.0,379.71,30.21,put,0.6563,0.54,0.61,0.575,6,23,-0.0183,97.19,0.217,2.83,market
2026-06-26,TSLA,2026-07-24,28,270.0,379.71,28.89,put,0.6377,0.6,0.68,0.64,17,42,-0.0206,96.88,0.237,3.09,market
2026-06-26,TSLA,2026-07-24,28,275.0,379.71,27.58,put,0.6191,0.67,0.75,0.71,2,76,-0.0233,96.55,0.258,3.37,market
2026-06-26,TSLA,2026-07-24,28,280.0,379.71,26.26,put,0.6038,0.77,0.85,0.81,28,111,-0.0269,96.09,0.289,3.77,market
2026-06-26,TSLA,2026-07-24,28,285.0,379.71,24.94,put,0.5872,0.88,0.95,0.915,109,160,-0.0308,95.6,0.321,4.19,market
2026-06-26,TSLA,2026-07-24,28,290.0,379.71,23.63,put,0.5708,1.0,1.07,1.035,38,191,-0.0353,95.05,0.357,4.65,market
2026-06-26,TSLA,2026-07-24,28,295.0,379.71,22.31,put,0.5579,1.16,1.25,1.205,58,73,-0.0413,94.31,0.408,5.32,market
2026-06-26,TSLA,2026-07-24,28,300.0,379.71,20.99,put,0.5435,1.34,1.43,1.385,60,412,-0.0478,93.52,0.462,6.02,market
2026-06-26,TSLA,2026-07-24,28,305.0,379.71,19.68,put,0.532,1.58,1.68,1.63,62,330,-0.0563,92.5,0.534,6.97,market
2026-06-26,TSLA,2026-07-24,28,310.0,379.71,18.36,put,0.5205,1.85,1.98,1.915,16,516,-0.0661,91.33,0.618,8.05,market
2026-06-26,TSLA,2026-07-24,28,315.0,379.71,17.04,put,0.5103,2.2,2.33,2.265,18,245,-0.0778,89.95,0.719,9.37,market
2026-06-26,TSLA,2026-07-24,28,320.0,379.71,15.73,put,0.502,2.63,2.79,2.71,154,401,-0.0921,88.27,0.847,11.04,market
2026-06-26,TSLA,2026-07-24,28,325.0,379.71,14.41,put,0.4993,3.1,3.35,3.225,121,191,-0.1109,86.07,0.992,12.94,market
2026-06-26,TSLA,2026-07-24,28,330.0,379.71,13.09,put,0.4902,3.75,3.95,3.85,117,638,-0.1293,83.98,1.167,15.21,market
2026-06-26,TSLA,2026-07-24,28,335.0,379.71,11.77,put,0.4833,4.45,4.7,4.575,49,415,-0.1512,81.53,1.366,17.8,market
2026-06-26,TSLA,2026-07-24,28,340.0,379.71,10.46,put,0.4777,5.35,5.6,5.475,111,899,-0.1762,78.75,1.61,20.99,market
2026-06-26,TSLA,2026-07-24,28,345.0,379.71,9.14,put,0.4725,6.35,6.65,6.5,80,356,-0.204,75.69,1.884,24.56,market
2026-06-26,TSLA,2026-07-24,28,350.0,379.71,7.82,put,0.4659,7.6,7.8,7.7,568,1547,-0.234,72.46,2.2,28.68,market
2026-06-26,TSLA,2026-07-24,28,355.0,379.71,6.51,put,0.4619,8.95,9.2,9.075,125,524,-0.2677,68.86,2.556,33.32,market
2026-06-26,TSLA,2026-07-24,28,360.0,379.71,5.19,put,0.4586,10.55,10.8,10.675,231,2210,-0.3039,65.04,2.965,38.65,market
2026-06-26,TSLA,2026-07-24,28,365.0,379.71,3.87,put,0.4568,12.3,12.65,12.475,333,614,-0.3424,61.0,3.418,44.55,market
2026-06-26,TSLA,2026-07-24,28,370.0,379.71,2.56,put,0.4538,14.35,14.65,14.5,2428,3534,-0.3823,56.9,3.919,51.09,market
2026-06-26,TSLA,2026-07-24,28,375.0,379.71,1.24,put,0.4674,16.5,17.55,17.025,227,797,-0.4243,52.45,4.54,59.18,market
2026-06-26,TSLA,2026-07-24,28,380.0,379.71,0.0,put,0.4711,18.95,20.25,19.6,307,707,-0.4646,48.34,5.158,67.24,market
2026-06-26,TSLA,2026-07-24,28,385.0,379.71,0.0,put,0.4595,21.45,22.5,21.975,374,694,-0.506,44.35,5.708,74.41,market
2026-06-26,TSLA,2026-07-24,28,390.0,379.71,0.0,put,0.4669,24.25,25.75,25.0,202,454,-0.5448,40.45,6.41,83.56,market
2026-06-26,TSLA,2026-07-24,28,395.0,379.71,0.0,put,0.4664,27.3,28.85,28.075,20,196,-0.5837,36.67,7.108,92.65,market
2026-06-26,TSLA,2026-07-24,28,400.0,379.71,0.0,put,0.4688,30.55,32.25,31.4,25,459,-0.6204,33.13,7.85,102.33,market
2026-06-26,TSLA,2026-07-24,28,405.0,379.71,0.0,put,0.4747,34.0,35.95,34.975,40,223,-0.6538,29.91,8.636,112.57,market
2026-06-26,TSLA,2026-07-24,28,410.0,379.71,0.0,put,0.4768,37.65,39.65,38.65,30,340,-0.6865,26.82,9.427,122.89,market
2026-06-26,TSLA,2026-07-24,28,415.0,379.71,0.0,put,0.475,41.45,43.35,42.4,15,136,-0.7192,23.82,10.217,133.18,market
2026-06-26,TSLA,2026-07-24,28,420.0,379.71,0.0,put,0.4778,45.45,47.35,46.4,26,284,-0.7476,21.21,11.048,144.01,market
2026-06-26,TSLA,2026-07-24,28,425.0,379.71,0.0,put,0.4927,49.45,51.85,50.65,10,37,-0.7671,19.33,11.918,155.36,market
2026-06-26,TSLA,2026-07-24,28,430.0,379.71,0.0,put,0.4841,53.8,55.7,54.75,5,86,-0.7973,16.7,12.733,165.98,market
2026-06-26,TSLA,2026-07-24,28,435.0,379.71,0.0,put,0.5127,54.85,60.75,57.8,5,592,-0.8049,15.83,13.287,173.21,market
2026-06-26,TSLA,2026-07-24,28,440.0,379.71,0.0,put,0.5211,59.65,65.25,62.45,46,543,-0.8218,14.31,14.193,185.02,market
2026-06-26,TSLA,2026-07-24,28,445.0,379.71,0.0,put,0.5293,63.65,69.8,66.725,4,79,-0.8372,12.94,14.994,195.46,market
2026-06-26,TSLA,2026-07-24,28,450.0,379.71,0.0,put,0.5272,68.3,74.15,71.225,2,307,-0.8563,11.32,15.828,206.33,market
2026-06-26,TSLA,2026-07-24,28,455.0,379.71,0.0,put,0.5501,72.9,79.15,76.025,2,6,-0.8612,10.78,16.709,217.81,market
2026-06-26,TSLA,2026-07-24,28,460.0,379.71,0.0,put,0.5894,77.55,84.55,81.05,40,69,-0.8577,10.88,17.62,229.68,market
2026-06-26,TSLA,2026-07-24,28,465.0,379.71,0.0,put,0.6009,82.3,89.3,85.8,1,9,-0.8668,10.07,18.452,240.53,market
2026-06-26,TSLA,2026-07-24,28,470.0,379.71,0.0,put,0.5925,86.8,93.65,90.225,1,15,-0.8838,8.71,19.197,250.24,market
2026-06-26,TSLA,2026-07-24,28,475.0,379.71,0.0,put,0.6344,91.9,99.1,95.5,2,3,-0.8779,9.01,20.105,262.09,market
2026-06-26,TSLA,2026-07-24,28,480.0,379.71,0.0,put,0.6405,96.95,103.8,100.375,4,11,-0.887,8.25,20.911,272.6,market
2026-06-26,TSLA,2026-07-24,28,485.0,379.71,0.0,put,0.6958,101.15,109.55,105.35,1,3,-0.8757,8.91,21.722,283.16,market
2026-06-26,TSLA,2026-07-24,28,490.0,379.71,0.0,put,0.6645,106.25,113.5,109.875,7,2,-0.8984,7.26,22.423,292.31,market
2026-06-26,TSLA,2026-07-24,28,500.0,379.71,0.0,put,0.71,116.95,123.65,120.3,1,2,-0.9,6.97,24.06,313.64,market
2026-06-26,TSLA,2026-07-24,28,610.0,379.71,0.0,put,1.0913,226.0,234.2,230.1,1,0,-0.9199,4.39,37.721,491.72,market
2026-06-26,TSLA,2026-07-24,28,620.0,379.71,0.0,put,1.137,236.0,244.5,240.25,2,0,-0.9173,4.44,38.75,505.13,market
2026-06-26,TSLA,2026-07-24,28,630.0,379.71,0.0,put,1.1638,246.0,254.5,250.25,1,0,-0.9189,4.27,39.722,517.81,market
2026-06-26,TSLA,2026-07-24,28,700.0,379.71,0.0,put,1.3167,315.7,324.2,319.95,5,0,-0.9312,3.22,45.707,595.83,market
2026-06-26,TSLA,2026-07-31,35,100.0,379.71,73.66,put,1.7383,0.01,0.48,0.245,101,74,-0.0029,98.67,0.245,2.56,market
2026-06-26,TSLA,2026-07-31,35,110.0,379.71,71.03,put,1.3438,0.01,0.07,0.04,3,60,-0.0007,99.73,0.036,0.38,market
2026-06-26,TSLA,2026-07-31,35,120.0,379.71,68.4,put,1.4824,0.03,0.39,0.21,44,16,-0.003,98.9,0.175,1.82,market
2026-06-26,TSLA,2026-07-31,35,130.0,379.71,65.76,put,1.3633,0.05,0.32,0.185,23,19,-0.0029,99.03,0.142,1.48,market
2026-06-26,TSLA,2026-07-31,35,140.0,379.71,63.13,put,1.1777,0.06,0.12,0.09,6,3,-0.0017,99.49,0.064,0.67,market
2026-06-26,TSLA,2026-07-31,35,150.0,379.71,60.5,put,1.1016,0.07,0.11,0.09,6,12,-0.0018,99.49,0.06,0.63,market
2026-06-26,TSLA,2026-07-31,35,160.0,379.71,57.86,put,1.0742,0.11,0.16,0.135,16,19,-0.0027,99.28,0.084,0.88,market
2026-06-26,TSLA,2026-07-31,35,170.0,379.71,55.23,put,1.1094,0.13,0.5,0.315,1,4,-0.0058,98.54,0.185,1.93,market
2026-06-26,TSLA,2026-07-31,35,180.0,379.71,52.6,put,0.9912,0.01,0.43,0.22,1,5,-0.0046,98.91,0.122,1.27,market
2026-06-26,TSLA,2026-07-31,35,190.0,379.71,49.96,put,0.9346,0.21,0.27,0.24,9,51,-0.0053,98.82,0.126,1.32,market
2026-06-26,TSLA,2026-07-31,35,200.0,379.71,47.33,put,0.8877,0.25,0.31,0.28,281,85,-0.0064,98.65,0.14,1.46,market
2026-06-26,TSLA,2026-07-31,35,210.0,379.71,44.69,put,0.8428,0.3,0.35,0.325,11,411,-0.0078,98.45,0.155,1.61,market
2026-06-26,TSLA,2026-07-31,35,220.0,379.71,42.06,put,0.7686,0.14,0.43,0.285,2,42,-0.0075,98.59,0.13,1.35,market
2026-06-26,TSLA,2026-07-31,35,230.0,379.71,39.43,put,0.7578,0.41,0.48,0.445,25,167,-0.0115,97.93,0.193,2.02,market
2026-06-26,TSLA,2026-07-31,35,240.0,379.71,36.79,put,0.6807,0.17,0.56,0.365,10,26,-0.0106,98.19,0.152,1.59,market
2026-06-26,TSLA,2026-07-31,35,250.0,379.71,34.16,put,0.6924,0.56,0.83,0.695,20,78,-0.0188,96.89,0.278,2.9,market
2026-06-26,TSLA,2026-07-31,35,255.0,379.71,32.84,put,0.6636,0.64,0.75,0.695,23,62,-0.0195,96.84,0.273,2.84,market
2026-06-26,TSLA,2026-07-31,35,260.0,379.71,31.53,put,0.6438,0.71,0.79,0.75,23,155,-0.0215,96.59,0.288,3.01,market
2026-06-26,TSLA,2026-07-31,35,265.0,379.71,30.21,put,0.625,0.77,0.86,0.815,2,10,-0.0239,96.3,0.308,3.21,market
2026-06-26,TSLA,2026-07-31,35,270.0,379.71,28.89,put,0.6084,0.86,0.95,0.905,7,80,-0.0268,95.92,0.335,3.5,market
2026-06-26,TSLA,2026-07-31,35,275.0,379.71,27.58,put,0.6013,0.97,1.21,1.09,16,41,-0.032,95.21,0.396,4.13,market
2026-06-26,TSLA,2026-07-31,35,280.0,379.71,26.26,put,0.5792,1.1,1.2,1.15,13,107,-0.0348,94.9,0.411,4.28,market
2026-06-26,TSLA,2026-07-31,35,285.0,379.71,24.94,put,0.5721,1.25,1.51,1.38,13,322,-0.0414,94.04,0.484,5.05,market
2026-06-26,TSLA,2026-07-31,35,290.0,379.71,23.63,put,0.5518,1.43,1.53,1.48,10,121,-0.0454,93.58,0.51,5.32,market
2026-06-26,TSLA,2026-07-31,35,295.0,379.71,22.31,put,0.5433,1.6,1.9,1.75,8,98,-0.0534,92.57,0.593,6.19,market
2026-06-26,TSLA,2026-07-31,35,300.0,379.71,20.99,put,0.5293,1.91,2.04,1.975,40,464,-0.0607,91.7,0.658,6.87,market
2026-06-26,TSLA,2026-07-31,35,305.0,379.71,19.68,put,0.5154,1.99,2.47,2.23,7,152,-0.0691,90.71,0.731,7.62,market
2026-06-26,TSLA,2026-07-31,35,310.0,379.71,18.36,put,0.5068,2.34,2.9,2.62,29,137,-0.0805,89.33,0.845,8.81,market
2026-06-26,TSLA,2026-07-31,35,315.0,379.71,17.04,put,0.5045,3.0,3.2,3.1,31,63,-0.096,87.46,0.984,10.26,market
2026-06-26,TSLA,2026-07-31,35,320.0,379.71,15.73,put,0.5092,3.55,4.05,3.8,44,344,-0.1162,85.0,1.188,12.38,market
2026-06-26,TSLA,2026-07-31,35,325.0,379.71,14.41,put,0.5012,4.15,4.7,4.425,97,181,-0.1333,83.04,1.362,14.2,market
2026-06-26,TSLA,2026-07-31,35,330.0,379.71,13.09,put,0.4937,4.9,5.45,5.175,180,327,-0.1525,80.86,1.568,16.35,market
2026-06-26,TSLA,2026-07-31,35,335.0,379.71,11.77,put,0.4814,5.75,6.15,5.95,48,227,-0.1718,78.76,1.776,18.52,market
2026-06-26,TSLA,2026-07-31,35,340.0,379.71,10.46,put,0.4725,6.75,7.05,6.9,507,509,-0.1947,76.25,2.029,21.16,market
2026-06-26,TSLA,2026-07-31,35,345.0,379.71,9.14,put,0.4674,7.85,8.2,8.025,123,421,-0.2213,73.34,2.326,24.26,market
2026-06-26,TSLA,2026-07-31,35,350.0,379.71,7.82,put,0.4625,9.15,9.5,9.325,190,1342,-0.2502,70.22,2.664,27.78,market
2026-06-26,TSLA,2026-07-31,35,355.0,379.71,6.51,put,0.4734,10.6,11.6,11.1,167,306,-0.286,66.22,3.127,32.61,market
2026-06-26,TSLA,2026-07-31,35,360.0,379.71,5.19,put,0.4583,12.25,12.8,12.525,110,453,-0.3155,63.25,3.479,36.28,market
2026-06-26,TSLA,2026-07-31,35,365.0,379.71,3.87,put,0.4515,14.2,14.5,14.35,1040,183,-0.3495,59.75,3.932,41.0,market
2026-06-26,TSLA,2026-07-31,35,370.0,379.71,2.56,put,0.4584,16.15,17.0,16.575,193,435,-0.387,55.78,4.48,46.72,market
2026-06-26,TSLA,2026-07-31,35,375.0,379.71,1.24,put,0.4461,18.3,18.8,18.55,138,409,-0.423,52.23,4.947,51.59,market
2026-06-26,TSLA,2026-07-31,35,380.0,379.71,0.0,put,0.447,20.9,21.4,21.15,439,474,-0.4608,48.4,5.566,58.04,market
2026-06-26,TSLA,2026-07-31,35,385.0,379.71,0.0,put,0.4608,22.5,24.8,23.65,108,593,-0.4968,44.64,6.143,64.06,market
2026-06-26,TSLA,2026-07-31,35,390.0,379.71,0.0,put,0.4625,25.1,27.8,26.45,36,401,-0.5325,41.11,6.782,70.73,market
2026-06-26,TSLA,2026-07-31,35,395.0,379.71,0.0,put,0.4434,28.9,30.0,29.45,136,241,-0.573,37.4,7.456,77.75,market
2026-06-26,TSLA,2026-07-31,35,400.0,379.71,0.0,put,0.4429,32.35,33.25,32.8,29,565,-0.6087,33.97,8.2,85.51,market
2026-06-26,TSLA,2026-07-31,35,405.0,379.71,0.0,put,0.4646,33.85,37.65,35.75,59,299,-0.6342,31.32,8.827,92.05,market
2026-06-26,TSLA,2026-07-31,35,410.0,379.71,0.0,put,0.4622,38.45,41.1,39.775,8,323,-0.6668,28.29,9.701,101.17,market
2026-06-26,TSLA,2026-07-31,35,415.0,379.71,0.0,put,0.4634,42.75,44.85,43.8,13,97,-0.6964,25.54,10.554,110.07,market
2026-06-26,TSLA,2026-07-31,35,420.0,379.71,0.0,put,0.4778,44.3,49.25,46.775,13,104,-0.7174,23.48,11.137,116.14,market
2026-06-26,TSLA,2026-07-31,35,425.0,379.71,0.0,put,0.4879,48.25,53.55,50.9,7,73,-0.7385,21.49,11.976,124.9,market
2026-06-26,TSLA,2026-07-31,35,430.0,379.71,0.0,put,0.4862,52.0,57.5,54.75,5,59,-0.764,19.23,12.733,132.78,market
2026-06-26,TSLA,2026-07-31,35,435.0,379.71,0.0,put,0.49,55.65,61.75,58.7,10,453,-0.7848,17.36,13.494,140.73,market
2026-06-26,TSLA,2026-07-31,35,440.0,379.71,0.0,put,0.5097,60.3,66.6,63.45,7,470,-0.7951,16.3,14.42,150.38,market
2026-06-26,TSLA,2026-07-31,35,445.0,379.71,0.0,put,0.5346,63.7,71.65,67.675,1,34,-0.8014,15.57,15.208,158.6,market
2026-06-26,TSLA,2026-07-31,35,450.0,379.71,0.0,put,0.5104,69.65,75.2,72.425,5,85,-0.8328,13.07,16.094,167.84,market
2026-06-26,TSLA,2026-07-31,35,455.0,379.71,0.0,put,0.5248,74.3,80.0,77.15,9,15,-0.8419,12.2,16.956,176.83,market
2026-06-26,TSLA,2026-07-31,35,460.0,379.71,0.0,put,0.57,76.85,85.7,81.275,2,4,-0.8343,12.55,17.668,184.26,market
2026-06-26,TSLA,2026-07-31,35,465.0,379.71,0.0,put,0.5546,83.45,89.7,86.575,1,5,-0.8568,10.79,18.618,194.16,market
2026-06-26,TSLA,2026-07-31,35,470.0,379.71,0.0,put,0.5892,87.1,95.1,91.1,3,45,-0.8535,10.86,19.383,202.14,market
2026-06-26,TSLA,2026-07-31,35,475.0,379.71,0.0,put,0.6068,91.7,100.05,95.875,1,1,-0.8582,10.38,20.184,210.49,market
2026-06-26,TSLA,2026-07-31,35,480.0,379.71,0.0,put,0.622,96.1,104.95,100.525,4,10,-0.8634,9.88,20.943,218.4,market
2026-06-26,TSLA,2026-07-31,35,485.0,379.71,0.0,put,0.5994,101.5,108.95,105.225,8,11,-0.8849,8.29,21.696,226.26,market
2026-06-26,TSLA,2026-07-31,35,490.0,379.71,0.0,put,0.6363,107.0,114.4,110.7,2,3,-0.8793,8.56,22.592,235.6,market
2026-06-26,TSLA,2026-07-31,35,495.0,379.71,0.0,put,0.5139,114.9,116.75,115.825,1,1,-0.9402,4.31,23.399,244.02,market
2026-06-26,TSLA,2026-07-31,35,500.0,379.71,0.0,put,0.6797,116.05,124.6,120.325,1,3,-0.8809,8.23,24.065,250.96,market
2026-06-26,TSLA,2026-07-31,35,505.0,379.71,0.0,put,0.6902,120.35,129.45,124.9,1,1,-0.8859,7.8,24.733,257.93,market
2026-06-26,TSLA,2026-07-31,35,590.0,379.71,0.0,put,0.561,206.4,214.5,210.45,0,0,-0.9923,0.47,35.669,371.98,market
2026-06-26,TSLA,2026-07-31,35,610.0,379.71,0.0,put,0.9656,226.2,233.95,230.075,0,0,-0.9222,4.28,37.717,393.34,market
2026-06-26,INTC,2026-07-17,21,20.0,128.32,84.41,put,2.375,0.0,0.01,0.004,5,771,-0.0002,99.86,0.02,0.35,bs_fallback
2026-06-26,INTC,2026-07-17,21,25.0,128.32,80.52,put,2.2813,0.0,0.03,0.012,273,2581,-0.0005,99.67,0.047,0.81,bs_fallback
2026-06-26,INTC,2026-07-17,21,27.0,128.32,78.96,put,2.0938,0.0,0.02,0.007,14,599,-0.0004,99.79,0.027,0.48,bs_fallback
2026-06-26,INTC,2026-07-17,21,28.0,128.32,78.18,put,2.125,0.01,0.02,0.015,1,1621,-0.0006,99.69,0.054,0.93,market
2026-06-26,INTC,2026-07-17,21,29.0,128.32,77.4,put,2.1719,0.01,0.04,0.025,16,7082,-0.0009,99.53,0.086,1.5,market
2026-06-26,INTC,2026-07-17,21,30.0,128.32,76.62,put,2.2031,0.01,0.06,0.035,10,1347,-0.0013,99.36,0.117,2.03,market
2026-06-26,INTC,2026-07-17,21,31.0,128.32,75.84,put,2.2344,0.0,0.1,0.04,1,566,-0.0017,99.15,0.129,2.25,bs_fallback
2026-06-26,INTC,2026-07-17,21,32.0,128.32,75.06,put,2.1797,0.0,0.1,0.039,2,4132,-0.0017,99.18,0.122,2.12,bs_fallback
2026-06-26,INTC,2026-07-17,21,33.0,128.32,74.28,put,2.1563,0.01,0.1,0.055,2,5369,-0.0019,99.12,0.167,2.9,market
2026-06-26,INTC,2026-07-17,21,34.0,128.32,73.5,put,2.0938,0.0,0.1,0.04,62,5346,-0.0019,99.18,0.118,2.05,bs_fallback
2026-06-26,INTC,2026-07-17,21,35.0,128.32,72.72,put,2.0703,0.01,0.1,0.055,2,5442,-0.0021,99.12,0.157,2.73,market
2026-06-26,INTC,2026-07-17,21,36.0,128.32,71.95,put,2.0,0.0,0.1,0.039,2,1173,-0.0019,99.21,0.108,1.88,bs_fallback
2026-06-26,INTC,2026-07-17,21,37.0,128.32,71.17,put,1.9609,0.0,0.1,0.039,6,2706,-0.002,99.21,0.107,1.85,bs_fallback
2026-06-26,INTC,2026-07-17,21,38.0,128.32,70.39,put,1.75,0.01,0.03,0.02,1,1667,-0.0009,99.65,0.053,0.91,market
2026-06-26,INTC,2026-07-17,21,39.0,128.32,69.61,put,1.9219,0.0,0.12,0.048,13,1846,-0.0024,99.08,0.123,2.15,bs_fallback
2026-06-26,INTC,2026-07-17,21,40.0,128.32,68.83,put,1.8203,0.01,0.08,0.045,1,4608,-0.0019,99.3,0.112,1.96,market
2026-06-26,INTC,2026-07-17,21,41.0,128.32,68.05,put,1.5938,0.0,0.03,0.011,5,2117,-0.0007,99.75,0.026,0.45,bs_fallback
2026-06-26,INTC,2026-07-17,21,42.0,128.32,67.27,put,1.7266,0.0,0.08,0.031,660,2676,-0.0018,99.37,0.074,1.29,bs_fallback
2026-06-26,INTC,2026-07-17,21,43.0,128.32,66.49,put,1.6094,0.01,0.04,0.025,2,3777,-0.0012,99.59,0.058,1.01,market
2026-06-26,INTC,2026-07-17,21,44.0,128.32,65.71,put,1.5469,0.0,0.04,0.015,2,2858,-0.001,99.66,0.035,0.6,bs_fallback
2026-06-26,INTC,2026-07-17,21,45.0,128.32,64.93,put,1.6016,0.03,0.04,0.035,1,4765,-0.0017,99.45,0.078,1.35,market
2026-06-26,INTC,2026-07-17,21,46.0,128.32,64.15,put,1.5469,0.02,0.04,0.03,98,4105,-0.0015,99.52,0.065,1.13,market
2026-06-26,INTC,2026-07-17,21,47.0,128.32,63.37,put,1.6992,0.03,0.14,0.085,1,3560,-0.0037,98.83,0.181,3.14,market
2026-06-26,INTC,2026-07-17,21,48.0,128.32,62.59,put,1.5469,0.03,0.06,0.045,5,4890,-0.0022,99.33,0.094,1.63,market
2026-06-26,INTC,2026-07-17,21,49.0,128.32,61.81,put,1.582,0.04,0.09,0.065,1,2234,-0.0031,99.07,0.133,2.31,market
2026-06-26,INTC,2026-07-17,21,50.0,128.32,61.03,put,1.5234,0.05,0.06,0.055,60,5665,-0.0028,99.19,0.11,1.91,market
2026-06-26,INTC,2026-07-17,21,52.5,128.32,59.09,put,1.5234,0.06,0.11,0.085,7,5192,-0.0042,98.84,0.162,2.81,market
2026-06-26,INTC,2026-07-17,21,55.0,128.32,57.14,put,1.4141,0.04,0.1,0.07,11,5847,-0.0037,99.03,0.127,2.21,market
2026-06-26,INTC,2026-07-17,21,57.5,128.32,55.19,put,1.4414,0.08,0.16,0.12,2,2777,-0.0062,98.45,0.209,3.63,market
2026-06-26,INTC,2026-07-17,21,60.0,128.32,53.24,put,1.3906,0.12,0.15,0.135,402,10073,-0.0071,98.3,0.225,3.91,market
2026-06-26,INTC,2026-07-17,21,62.5,128.32,51.29,put,1.3828,0.13,0.24,0.185,42,2451,-0.0096,97.79,0.296,5.14,market
2026-06-26,INTC,2026-07-17,21,65.0,128.32,49.35,put,1.3242,0.16,0.23,0.195,40,7694,-0.0105,97.68,0.3,5.21,market
2026-06-26,INTC,2026-07-17,21,67.5,128.32,47.4,put,1.3066,0.02,0.48,0.25,28,2684,-0.0134,97.14,0.37,6.44,market
2026-06-26,INTC,2026-07-17,21,70.0,128.32,45.45,put,1.2324,0.23,0.25,0.24,371,11469,-0.0136,97.21,0.343,5.96,market
2026-06-26,INTC,2026-07-17,21,72.5,128.32,43.5,put,1.2881,0.27,0.58,0.425,96,8398,-0.0221,95.57,0.586,10.19,market
2026-06-26,INTC,2026-07-17,21,75.0,128.32,41.55,put,1.1797,0.29,0.41,0.35,163,11540,-0.0202,96.14,0.467,8.11,market
2026-06-26,INTC,2026-07-17,21,77.5,128.32,39.6,put,1.1455,0.33,0.48,0.405,47,7894,-0.0237,95.62,0.523,9.08,market
2026-06-26,INTC,2026-07-17,21,80.0,128.32,37.66,put,1.1113,0.43,0.5,0.465,451,9793,-0.0276,95.05,0.581,10.1,market
2026-06-26,INTC,2026-07-17,21,82.5,128.32,35.71,put,1.1279,0.47,0.86,0.665,31,1673,-0.0377,93.42,0.806,14.01,market
2026-06-26,INTC,2026-07-17,21,85.0,128.32,33.76,put,1.0464,0.6,0.63,0.615,145,10776,-0.0377,93.66,0.724,12.58,market
2026-06-26,INTC,2026-07-17,21,87.5,128.32,31.81,put,1.0264,0.5,0.99,0.745,19,2109,-0.0455,92.56,0.851,14.8,market
2026-06-26,INTC,2026-07-17,21,90.0,128.32,29.86,put,0.9912,0.76,0.92,0.84,271,8674,-0.0523,91.7,0.933,16.22,market
2026-06-26,INTC,2026-07-17,21,92.5,128.32,27.91,put,0.9839,0.9,1.22,1.06,95,1221,-0.0646,89.99,1.146,19.92,market
2026-06-26,INTC,2026-07-17,21,95.0,128.32,25.97,put,0.9609,1.11,1.38,1.245,1088,10313,-0.0761,88.52,1.311,22.78,market
2026-06-26,INTC,2026-07-17,21,97.5,128.32,24.02,put,0.937,1.32,1.59,1.455,84,3138,-0.0889,86.92,1.492,25.94,market
2026-06-26,INTC,2026-07-17,21,100.0,128.32,22.07,put,0.9048,1.59,1.7,1.645,2242,24008,-0.1019,85.4,1.645,28.59,market
2026-06-26,INTC,2026-07-17,21,105.0,128.32,18.17,put,0.8777,2.28,2.45,2.365,765,8498,-0.1419,80.54,2.252,39.15,market
2026-06-26,INTC,2026-07-17,21,110.0,128.32,14.28,put,0.8518,3.2,3.45,3.325,1485,9385,-0.1921,74.73,3.023,52.54,market
2026-06-26,INTC,2026-07-17,21,115.0,128.32,10.38,put,0.8396,4.55,4.85,4.7,493,4687,-0.2549,67.64,4.087,71.04,market
2026-06-26,INTC,2026-07-17,21,120.0,128.32,6.48,put,0.8318,6.3,6.65,6.475,2305,12802,-0.3263,59.9,5.396,93.78,market
2026-06-26,INTC,2026-07-17,21,125.0,128.32,2.59,put,0.8359,8.55,9.0,8.775,238,4234,-0.4031,51.79,7.02,122.01,market
2026-06-26,INTC,2026-07-17,21,130.0,128.32,0.0,put,0.8365,11.1,11.75,11.425,495,14224,-0.4801,44.01,8.788,152.75,market
2026-06-26,INTC,2026-07-17,21,135.0,128.32,0.0,put,0.8418,14.1,14.9,14.5,37,3923,-0.5541,36.77,10.741,186.68,market
2026-06-26,INTC,2026-07-17,21,140.0,128.32,0.0,put,0.8381,17.35,18.25,17.8,50,896,-0.6249,30.17,12.714,220.99,market
2026-06-26,INTC,2026-07-17,21,145.0,128.32,0.0,put,0.8429,20.85,22.15,21.5,2,272,-0.6876,24.47,14.828,257.72,market
2026-06-26,INTC,2026-07-17,21,150.0,128.32,0.0,put,0.8546,24.8,26.25,25.525,1,698,-0.7405,19.77,17.017,295.77,market
2026-06-26,INTC,2026-07-17,21,155.0,128.32,0.0,put,0.8503,28.9,30.3,29.6,6,109,-0.791,15.53,19.097,331.92,market
2026-06-26,INTC,2026-07-17,21,160.0,128.32,0.0,put,0.8242,32.95,34.45,33.7,16,95,-0.842,11.5,21.062,366.09,market
2026-06-26,INTC,2026-07-17,21,165.0,128.32,0.0,put,0.8667,37.45,39.5,38.475,2,2,-0.8625,9.69,23.318,405.29,market
2026-06-26,INTC,2026-07-17,21,170.0,128.32,0.0,put,0.8887,42.0,44.35,43.175,6,59,-0.8848,7.89,25.397,441.43,market
2026-06-26,INTC,2026-07-17,21,175.0,128.32,0.0,put,0.7954,46.1,48.65,47.375,2,13,-0.9352,4.4,27.071,470.53,market
2026-06-26,INTC,2026-07-17,21,180.0,128.32,0.0,put,0.7622,50.75,53.4,52.075,39,24,-0.9594,2.7,28.931,502.84,market
2026-06-26,INTC,2026-07-17,21,185.0,128.32,0.0,put,0.749,55.6,58.25,56.925,18,11,-0.9732,1.74,30.77,534.82,market
2026-06-26,INTC,2026-07-17,21,190.0,128.32,0.0,put,0.7148,60.55,63.05,61.8,6,3,-0.9856,0.92,32.526,565.34,market
2026-06-26,INTC,2026-07-17,21,195.0,128.32,0.0,put,0.7324,65.45,68.1,66.775,5,42,-0.9886,0.71,34.244,595.19,market
2026-06-26,INTC,2026-07-24,28,60.0,128.32,53.24,put,1.3379,0.21,0.32,0.265,72,335,-0.0123,96.97,0.442,5.76,market
2026-06-26,INTC,2026-07-24,28,65.0,128.32,49.35,put,1.3037,0.32,0.51,0.415,59,326,-0.019,95.67,0.638,8.32,market
2026-06-26,INTC,2026-07-24,28,70.0,128.32,45.45,put,1.2354,0.43,0.65,0.54,13,397,-0.0254,94.64,0.771,10.06,market
2026-06-26,INTC,2026-07-24,28,75.0,128.32,41.55,put,1.1934,0.58,0.95,0.765,33,202,-0.0358,92.94,1.02,13.3,market
2026-06-26,INTC,2026-07-24,28,80.0,128.32,37.66,put,1.1128,0.85,0.97,0.91,1406,1761,-0.0446,91.79,1.137,14.83,market
2026-06-26,INTC,2026-07-24,28,85.0,128.32,33.76,put,1.0667,1.1,1.34,1.22,642,1059,-0.06,89.61,1.435,18.71,market
2026-06-26,INTC,2026-07-24,28,90.0,128.32,29.86,put,1.0234,1.51,1.74,1.625,153,794,-0.0798,86.93,1.806,23.54,market
2026-06-26,INTC,2026-07-24,28,93.0,128.32,27.52,put,0.9873,1.71,1.99,1.85,7,104,-0.0921,85.42,1.989,25.93,market
2026-06-26,INTC,2026-07-24,28,94.0,128.32,26.75,put,0.9819,1.83,2.12,1.975,39,166,-0.0978,84.67,2.101,27.39,market
2026-06-26,INTC,2026-07-24,28,95.0,128.32,25.97,put,0.9788,2.04,2.2,2.12,118,1005,-0.1041,83.83,2.232,29.09,market
2026-06-26,INTC,2026-07-24,28,96.0,128.32,25.19,put,0.9695,2.08,2.38,2.23,4,71,-0.1095,83.16,2.323,30.28,market
2026-06-26,INTC,2026-07-24,28,97.0,128.32,24.41,put,0.9719,2.32,2.54,2.43,27,69,-0.1174,82.1,2.505,32.66,market
2026-06-26,INTC,2026-07-24,28,98.0,128.32,23.63,put,0.9597,2.36,2.7,2.53,2,212,-0.1227,81.48,2.582,33.65,market
2026-06-26,INTC,2026-07-24,28,99.0,128.32,22.85,put,0.9548,2.52,2.86,2.69,5,85,-0.1297,80.6,2.717,35.42,market
2026-06-26,INTC,2026-07-24,28,100.0,128.32,22.07,put,0.9543,2.79,3.0,2.895,73,585,-0.1378,79.55,2.895,37.74,market
2026-06-26,INTC,2026-07-24,28,101.0,128.32,21.29,put,0.9502,2.86,3.3,3.08,4,178,-0.1455,78.6,3.05,39.75,market
2026-06-26,INTC,2026-07-24,28,102.0,128.32,20.51,put,0.9463,3.05,3.5,3.275,12,117,-0.1535,77.62,3.211,41.85,market
2026-06-26,INTC,2026-07-24,28,103.0,128.32,19.73,put,0.9392,3.25,3.65,3.45,2,58,-0.1611,76.72,3.35,43.66,market
2026-06-26,INTC,2026-07-24,28,104.0,128.32,18.95,put,0.9607,3.45,4.35,3.9,9,164,-0.1743,74.89,3.75,48.88,market
2026-06-26,INTC,2026-07-24,28,105.0,128.32,18.17,put,0.9255,3.65,4.0,3.825,101,386,-0.1773,74.83,3.643,47.49,market
2026-06-26,INTC,2026-07-24,28,106.0,128.32,17.39,put,0.9237,3.9,4.25,4.075,10,233,-0.1868,73.7,3.844,50.11,market
2026-06-26,INTC,2026-07-24,28,107.0,128.32,16.61,put,0.9282,4.2,4.6,4.4,64,298,-0.1976,72.35,4.112,53.6,market
2026-06-26,INTC,2026-07-24,28,108.0,128.32,15.84,put,0.9219,4.4,4.85,4.625,21,107,-0.2067,71.31,4.282,55.82,market
2026-06-26,INTC,2026-07-24,28,109.0,128.32,15.06,put,0.9215,4.65,5.2,4.925,3,97,-0.2171,70.08,4.518,58.9,market
2026-06-26,INTC,2026-07-24,28,110.0,128.32,14.28,put,0.9202,5.05,5.4,5.225,114,782,-0.2276,68.87,4.75,61.92,market
2026-06-26,INTC,2026-07-24,28,111.0,128.32,13.5,put,0.9177,5.25,5.8,5.525,11,116,-0.238,67.67,4.977,64.88,market
2026-06-26,INTC,2026-07-24,28,112.0,128.32,12.72,put,0.9208,5.65,6.15,5.9,5,123,-0.2495,66.31,5.268,68.67,market
2026-06-26,INTC,2026-07-24,28,113.0,128.32,11.94,put,0.9142,5.95,6.4,6.175,33,222,-0.2598,65.2,5.465,71.23,market
2026-06-26,INTC,2026-07-24,28,114.0,128.32,11.16,put,0.9131,6.3,6.75,6.525,71,208,-0.2711,63.93,5.724,74.61,market
2026-06-26,INTC,2026-07-24,28,115.0,128.32,10.38,put,0.9109,6.65,7.1,6.875,164,469,-0.2824,62.68,5.978,77.93,market
2026-06-26,INTC,2026-07-24,28,116.0,128.32,9.6,put,0.9058,6.9,7.5,7.2,2,142,-0.2935,61.49,6.207,80.91,market
2026-06-26,INTC,2026-07-24,28,117.0,128.32,8.82,put,0.9038,7.3,7.85,7.575,2,317,-0.3052,60.22,6.474,84.4,market
2026-06-26,INTC,2026-07-24,28,118.0,128.32,8.04,put,0.9047,7.65,8.35,8.0,13,128,-0.3173,58.89,6.78,88.38,market
2026-06-26,INTC,2026-07-24,28,119.0,128.32,7.26,put,0.9008,8.05,8.7,8.375,21,108,-0.3291,57.65,7.038,91.74,market
2026-06-26,INTC,2026-07-24,28,120.0,128.32,6.48,put,0.9053,8.65,9.1,8.875,179,532,-0.3416,56.25,7.396,96.41,market
2026-06-26,INTC,2026-07-24,28,121.0,128.32,5.7,put,0.8959,8.8,9.6,9.2,4,74,-0.3534,55.1,7.603,99.11,market
2026-06-26,INTC,2026-07-24,28,122.0,128.32,4.93,put,0.9039,9.5,10.05,9.775,17,194,-0.3661,53.66,8.012,104.45,market
2026-06-26,INTC,2026-07-24,28,123.0,128.32,4.15,put,0.9038,10.0,10.5,10.25,25,171,-0.3784,52.36,8.333,108.63,market
2026-06-26,INTC,2026-07-24,28,124.0,128.32,3.37,put,0.8972,10.3,11.0,10.65,8,148,-0.3907,51.16,8.589,111.96,market
2026-06-26,INTC,2026-07-24,28,125.0,128.32,2.59,put,0.9077,10.95,11.65,11.3,48,307,-0.4031,49.75,9.04,117.84,market
2026-06-26,INTC,2026-07-24,28,126.0,128.32,1.81,put,0.9031,11.3,12.2,11.75,12,106,-0.4155,48.53,9.325,121.56,market
2026-06-26,INTC,2026-07-24,28,127.0,128.32,1.03,put,0.9028,11.8,12.75,12.275,4,53,-0.4279,47.28,9.665,125.99,market
2026-06-26,INTC,2026-07-24,28,128.0,128.32,0.25,put,0.8947,12.3,13.1,12.7,30,59,-0.4406,46.08,9.922,129.34,market
2026-06-26,INTC,2026-07-24,28,129.0,128.32,0.0,put,0.8945,12.85,13.65,13.25,9,121,-0.453,44.84,10.271,133.89,market
2026-06-26,INTC,2026-07-24,28,130.0,128.32,0.0,put,0.9039,13.6,14.3,13.95,446,265,-0.4647,43.57,10.731,139.88,market
2026-06-26,INTC,2026-07-24,28,131.0,128.32,0.0,put,0.8934,13.95,14.8,14.375,4,63,-0.4778,42.4,10.973,143.04,market
2026-06-26,INTC,2026-07-24,28,132.0,128.32,0.0,put,0.9011,14.55,15.6,15.075,7,115,-0.4893,41.19,11.42,148.87,market
2026-06-26,INTC,2026-07-24,28,133.0,128.32,0.0,put,0.8926,15.1,16.0,15.55,3,82,-0.5023,40.01,11.692,152.41,market
2026-06-26,INTC,2026-07-24,28,134.0,128.32,0.0,put,0.9056,15.9,16.8,16.35,7,42,-0.5127,38.87,12.201,159.06,market
2026-06-26,INTC,2026-07-24,28,135.0,128.32,0.0,put,0.8918,16.3,17.25,16.775,3,529,-0.5265,37.7,12.426,161.98,market
2026-06-26,INTC,2026-07-24,28,136.0,128.32,0.0,put,0.8929,16.95,17.9,17.425,5,63,-0.5382,36.57,12.813,167.02,market
2026-06-26,INTC,2026-07-24,28,137.0,128.32,0.0,put,0.8916,17.35,18.75,18.05,2,34,-0.5502,35.46,13.175,171.75,market
2026-06-26,INTC,2026-07-24,28,138.0,128.32,0.0,put,0.8912,18.2,19.2,18.7,8,60,-0.5619,34.37,13.551,176.64,market
2026-06-26,INTC,2026-07-24,28,139.0,128.32,0.0,put,0.8936,18.85,19.95,19.4,1,81,-0.5729,33.31,13.957,181.94,market
2026-06-26,INTC,2026-07-24,28,140.0,128.32,0.0,put,0.8899,19.45,20.6,20.025,1,154,-0.585,32.24,14.304,186.46,market
2026-06-26,INTC,2026-07-24,28,141.0,128.32,0.0,put,0.8927,20.2,21.3,20.75,1,12,-0.5956,31.23,14.716,191.84,market
2026-06-26,INTC,2026-07-24,28,143.0,128.32,0.0,put,0.9106,21.9,22.9,22.4,1,17,-0.6134,29.45,15.664,204.2,market
2026-06-26,INTC,2026-07-24,28,144.0,128.32,0.0,put,0.915,22.7,23.65,23.175,1,1,-0.6229,28.55,16.094,209.79,market
2026-06-26,INTC,2026-07-24,28,145.0,128.32,0.0,put,0.9006,23.0,24.4,23.7,1,82,-0.6368,27.45,16.345,213.07,market
2026-06-26,INTC,2026-07-24,28,146.0,128.32,0.0,put,0.8944,23.7,25.0,24.35,0,1,-0.6487,26.45,16.678,217.41,market
2026-06-26,INTC,2026-07-24,28,148.0,128.32,0.0,put,0.8967,25.2,26.55,25.875,1,5,-0.6682,24.72,17.483,227.9,market
2026-06-26,INTC,2026-07-24,28,149.0,128.32,0.0,put,0.9382,26.25,28.1,27.175,80,12,-0.6665,24.5,18.238,237.75,market
2026-06-26,INTC,2026-07-24,28,150.0,128.32,0.0,put,0.9141,27.05,28.2,27.625,147,27,-0.6826,23.33,18.417,240.07,market
2026-06-26,INTC,2026-07-24,28,155.0,128.32,0.0,put,0.9193,30.85,32.4,31.625,13,31,-0.7256,19.65,20.403,265.97,market
2026-06-26,INTC,2026-07-24,28,160.0,128.32,0.0,put,0.9233,35.15,36.4,35.775,6,102,-0.7642,16.46,22.359,291.47,market
2026-06-26,INTC,2026-07-24,28,165.0,128.32,0.0,put,0.906,38.75,40.95,39.85,32,36,-0.8054,13.3,24.152,314.83,market
2026-06-26,INTC,2026-07-24,28,195.0,128.32,0.0,put,0.8882,65.85,69.05,67.45,1,50,-0.9409,3.53,34.59,450.9,market
2026-06-26,INTC,2026-07-31,35,60.0,128.32,53.24,put,1.335,0.35,0.65,0.5,375,279,-0.0198,94.99,0.833,8.69,market
2026-06-26,INTC,2026-07-31,35,65.0,128.32,49.35,put,1.2266,0.44,0.64,0.54,29,163,-0.0231,94.67,0.831,8.66,market
2026-06-26,INTC,2026-07-31,35,70.0,128.32,45.45,put,1.1797,0.64,0.84,0.74,392,178,-0.0318,93.18,1.057,11.02,market
2026-06-26,INTC,2026-07-31,35,75.0,128.32,41.55,put,1.1118,0.8,1.02,0.91,2,175,-0.0404,91.95,1.213,12.65,market
2026-06-26,INTC,2026-07-31,35,80.0,128.32,37.66,put,1.0562,1.07,1.24,1.155,49,455,-0.0523,90.25,1.444,15.06,market
2026-06-26,INTC,2026-07-31,35,85.0,128.32,33.76,put,1.0374,1.46,1.85,1.655,260,325,-0.0725,87.21,1.947,20.31,market
2026-06-26,INTC,2026-07-31,35,90.0,128.32,29.86,put,0.9854,1.94,2.19,2.065,36,327,-0.0916,84.75,2.294,23.93,market
2026-06-26,INTC,2026-07-31,35,93.0,128.32,27.52,put,0.9692,2.32,2.6,2.46,3,174,-0.1077,82.6,2.645,27.59,market
2026-06-26,INTC,2026-07-31,35,94.0,128.32,26.75,put,0.9639,2.47,2.74,2.605,3,25,-0.1135,81.85,2.771,28.9,market
2026-06-26,INTC,2026-07-31,35,95.0,128.32,25.97,put,0.968,2.62,3.05,2.835,27,338,-0.1212,80.76,2.984,31.12,market
2026-06-26,INTC,2026-07-31,35,96.0,128.32,25.19,put,0.9679,2.78,3.3,3.04,3,49,-0.1284,79.79,3.167,33.02,market
2026-06-26,INTC,2026-07-31,35,97.0,128.32,24.41,put,0.9534,2.95,3.3,3.125,4,108,-0.1331,79.29,3.222,33.6,market
2026-06-26,INTC,2026-07-31,35,98.0,128.32,23.63,put,0.9509,3.15,3.5,3.325,49,87,-0.1403,78.36,3.393,35.38,market
2026-06-26,INTC,2026-07-31,35,99.0,128.32,22.85,put,0.9426,3.3,3.65,3.475,6,45,-0.1466,77.61,3.51,36.61,market
2026-06-26,INTC,2026-07-31,35,100.0,128.32,22.07,put,0.9463,3.6,3.9,3.75,67,849,-0.1553,76.45,3.75,39.11,market
2026-06-26,INTC,2026-07-31,35,101.0,128.32,21.29,put,0.9388,3.75,4.1,3.925,36,45,-0.1622,75.64,3.886,40.53,market
2026-06-26,INTC,2026-07-31,35,102.0,128.32,20.51,put,0.9357,3.95,4.35,4.15,46,31,-0.1701,74.66,4.069,42.43,market
2026-06-26,INTC,2026-07-31,35,103.0,128.32,19.73,put,0.9246,4.0,4.6,4.3,44,19,-0.1768,73.93,4.175,43.54,market
2026-06-26,INTC,2026-07-31,35,104.0,128.32,18.95,put,0.9336,4.5,4.85,4.675,84,49,-0.1873,72.54,4.495,46.88,market
2026-06-26,INTC,2026-07-31,35,105.0,128.32,18.17,put,0.9257,4.75,5.0,4.875,113,272,-0.195,71.67,4.643,48.42,market
2026-06-26,INTC,2026-07-31,35,106.0,128.32,17.39,put,0.9236,4.95,5.35,5.15,84,89,-0.2039,70.61,4.858,50.67,market
2026-06-26,INTC,2026-07-31,35,107.0,128.32,16.61,put,0.9249,5.25,5.7,5.475,61,92,-0.2135,69.42,5.117,53.36,market
2026-06-26,INTC,2026-07-31,35,108.0,128.32,15.84,put,0.9192,5.45,6.0,5.725,35,47,-0.2222,68.45,5.301,55.28,market
2026-06-26,INTC,2026-07-31,35,109.0,128.32,15.06,put,0.9166,5.75,6.3,6.025,4,49,-0.2316,67.36,5.528,57.64,market
2026-06-26,INTC,2026-07-31,35,110.0,128.32,14.28,put,0.9192,6.2,6.6,6.4,140,793,-0.2418,66.12,5.818,60.68,market
2026-06-26,INTC,2026-07-31,35,111.0,128.32,13.5,put,0.9189,6.4,7.1,6.75,8,83,-0.2519,64.96,6.081,63.42,market
2026-06-26,INTC,2026-07-31,35,112.0,128.32,12.72,put,0.9121,6.75,7.3,7.025,9,47,-0.2611,63.96,6.272,65.41,market
2026-06-26,INTC,2026-07-31,35,113.0,128.32,11.94,put,0.9138,7.2,7.65,7.425,41,77,-0.2717,62.73,6.571,68.52,market
2026-06-26,INTC,2026-07-31,35,114.0,128.32,11.16,put,0.9165,7.6,8.1,7.85,49,63,-0.2824,61.48,6.886,71.81,market
2026-06-26,INTC,2026-07-31,35,115.0,128.32,10.38,put,0.9128,7.95,8.45,8.2,186,229,-0.2925,60.39,7.13,74.36,market
2026-06-26,INTC,2026-07-31,35,116.0,128.32,9.6,put,0.9121,8.35,8.85,8.6,137,126,-0.3031,59.22,7.414,77.32,market
2026-06-26,INTC,2026-07-31,35,117.0,128.32,8.82,put,0.9105,8.6,9.4,9.0,10,54,-0.3137,58.07,7.692,80.22,market
2026-06-26,INTC,2026-07-31,35,118.0,128.32,8.04,put,0.9082,9.1,9.7,9.4,27,104,-0.3243,56.93,7.966,83.08,market
2026-06-26,INTC,2026-07-31,35,119.0,128.32,7.26,put,0.905,9.45,10.15,9.8,13,51,-0.3349,55.81,8.235,85.88,market
2026-06-26,INTC,2026-07-31,35,120.0,128.32,6.48,put,0.9113,10.1,10.6,10.35,410,665,-0.3462,54.52,8.625,89.95,market
2026-06-26,INTC,2026-07-31,35,121.0,128.32,5.7,put,0.9067,10.4,11.1,10.75,27,108,-0.3569,53.42,8.884,92.65,market
2026-06-26,INTC,2026-07-31,35,122.0,128.32,4.93,put,0.9194,10.95,11.9,11.425,60,63,-0.3682,52.07,9.365,97.66,market
2026-06-26,INTC,2026-07-31,35,123.0,128.32,4.15,put,0.9004,11.25,12.0,11.625,16,53,-0.3789,51.18,9.451,98.56,market
2026-06-26,INTC,2026-07-31,35,124.0,128.32,3.37,put,0.9115,11.9,12.7,12.3,29,73,-0.39,49.89,9.919,103.44,market
2026-06-26,INTC,2026-07-31,35,125.0,128.32,2.59,put,0.9089,12.45,13.1,12.775,54,155,-0.4009,48.78,10.22,106.58,market
2026-06-26,INTC,2026-07-31,35,126.0,128.32,1.81,put,0.9089,12.95,13.65,13.3,149,96,-0.4119,47.65,10.556,110.08,market
2026-06-26,INTC,2026-07-31,35,127.0,128.32,1.03,put,0.9082,13.5,14.15,13.825,52,30,-0.4229,46.54,10.886,113.52,market
2026-06-26,INTC,2026-07-31,35,128.0,128.32,0.25,put,0.9036,13.95,14.65,14.3,97,90,-0.4341,45.47,11.172,116.51,market
2026-06-26,INTC,2026-07-31,35,129.0,128.32,0.0,put,0.9077,14.55,15.3,14.925,26,61,-0.4448,44.34,11.57,120.66,market
2026-06-26,INTC,2026-07-31,35,130.0,128.32,0.0,put,0.9143,15.15,16.05,15.6,51,413,-0.4552,43.23,12.0,125.14,market
2026-06-26,INTC,2026-07-31,35,131.0,128.32,0.0,put,0.8984,15.45,16.4,15.925,9,31,-0.4673,42.22,12.156,126.77,market
2026-06-26,INTC,2026-07-31,35,132.0,128.32,0.0,put,0.9053,16.05,17.2,16.625,7,60,-0.4775,41.14,12.595,131.34,market
2026-06-26,INTC,2026-07-31,35,133.0,128.32,0.0,put,0.899,16.65,17.6,17.125,3,115,-0.4889,40.1,12.876,134.28,market
2026-06-26,INTC,2026-07-31,35,134.0,128.32,0.0,put,0.8999,17.25,18.25,17.75,2,315,-0.4996,39.07,13.246,138.14,market
2026-06-26,INTC,2026-07-31,35,135.0,128.32,0.0,put,0.8987,17.85,18.85,18.35,3,142,-0.5104,38.05,13.593,141.75,market
2026-06-26,INTC,2026-07-31,35,136.0,128.32,0.0,put,0.8983,18.45,19.5,18.975,5,37,-0.521,37.04,13.952,145.5,market
2026-06-26,INTC,2026-07-31,35,137.0,128.32,0.0,put,0.8958,18.95,20.2,19.575,2,26,-0.5319,36.04,14.288,149.01,market
2026-06-26,INTC,2026-07-31,35,139.0,128.32,0.0,put,0.8982,20.35,21.5,20.925,9,6,-0.5522,34.12,15.054,156.99,market
2026-06-26,INTC,2026-07-31,35,140.0,128.32,0.0,put,0.9001,21.0,22.25,21.625,5,312,-0.562,33.19,15.446,161.08,market
2026-06-26,INTC,2026-07-31,35,142.0,128.32,0.0,put,0.8993,22.3,23.65,22.975,12,11,-0.5821,31.36,16.18,168.73,market
2026-06-26,INTC,2026-07-31,35,143.0,128.32,0.0,put,0.9043,23.0,24.5,23.75,1,2,-0.5908,30.51,16.608,173.2,market
2026-06-26,INTC,2026-07-31,35,145.0,128.32,0.0,put,0.9016,24.45,25.8,25.125,1,53,-0.6106,28.77,17.328,180.7,market
2026-06-26,INTC,2026-07-31,35,146.0,128.32,0.0,put,0.9003,25.1,26.55,25.825,1,2,-0.6204,27.92,17.688,184.46,market
2026-06-26,INTC,2026-07-31,35,148.0,128.32,0.0,put,0.8976,26.55,27.95,27.25,0,12,-0.6395,26.27,18.412,192.01,market
2026-06-26,INTC,2026-07-31,35,149.0,128.32,0.0,put,0.9012,27.3,28.8,28.05,1,13,-0.6475,25.53,18.826,196.32,market
2026-06-26,INTC,2026-07-31,35,150.0,128.32,0.0,put,0.9028,28.0,29.65,28.825,2,21,-0.656,24.79,19.217,200.4,market
2026-06-26,INTC,2026-07-31,35,155.0,128.32,0.0,put,0.898,31.8,33.45,32.625,2,5,-0.6995,21.15,21.048,219.5,market
2026-06-26,INTC,2026-07-31,35,160.0,128.32,0.0,put,0.9011,35.8,37.6,36.7,1,34,-0.737,18.06,22.938,239.21,market
2026-06-26,INTC,2026-07-31,35,165.0,128.32,0.0,put,0.9009,39.95,41.8,40.875,2,3,-0.7717,15.3,24.773,258.34,market
2026-06-26,INTC,2026-07-31,35,175.0,128.32,0.0,put,0.8921,47.95,51.05,49.5,20,45,-0.8334,10.68,28.286,294.98,market
2026-06-26,INTC,2026-07-31,35,190.0,128.32,0.0,put,0.8896,61.65,64.85,63.25,3,3,-0.8979,6.12,33.289,347.16,market
2026-06-26,CRM,2026-07-17,21,85.0,158.37,46.33,put,1.5938,0.0,2.13,0.934,5,56,-0.0339,92.57,1.099,19.1,bs_fallback
2026-06-26,CRM,2026-07-17,21,90.0,158.37,43.17,put,1.3652,0.0,1.5,0.649,4,76,-0.0288,94.19,0.722,12.54,bs_fallback
2026-06-26,CRM,2026-07-17,21,95.0,158.37,40.01,put,0.998,0.0,0.4,0.166,10,65,-0.0117,97.87,0.174,3.03,bs_fallback
2026-06-26,CRM,2026-07-17,21,100.0,158.37,36.86,put,0.8789,0.0,0.32,0.131,3,91,-0.0107,98.17,0.131,2.28,bs_fallback
2026-06-26,CRM,2026-07-17,21,105.0,158.37,33.7,put,0.9609,0.0,1.0,0.426,1,20,-0.028,95.35,0.406,7.06,bs_fallback
2026-06-26,CRM,2026-07-17,21,110.0,158.37,30.54,put,0.6191,0.0,0.11,0.042,1,344,-0.0054,99.18,0.039,0.67,bs_fallback
2026-06-26,CRM,2026-07-17,21,115.0,158.37,27.39,put,0.5918,0.0,0.19,0.075,16,65,-0.0095,98.62,0.065,1.14,bs_fallback
2026-06-26,CRM,2026-07-17,21,120.0,158.37,24.23,put,0.5586,0.0,0.3,0.122,7,151,-0.0154,97.86,0.101,1.76,bs_fallback
2026-06-26,CRM,2026-07-17,21,125.0,158.37,21.07,put,0.5078,0.12,0.27,0.195,132,415,-0.0213,97.16,0.156,2.71,market
2026-06-26,CRM,2026-07-17,21,130.0,158.37,17.91,put,0.5049,0.3,0.42,0.36,32,818,-0.0432,94.44,0.277,4.81,market
2026-06-26,CRM,2026-07-17,21,135.0,158.37,14.76,put,0.4717,0.51,0.65,0.58,60,1955,-0.0677,91.62,0.43,7.47,market
2026-06-26,CRM,2026-07-17,21,140.0,158.37,11.6,put,0.4446,0.89,1.05,0.97,276,1870,-0.1081,87.07,0.693,12.04,market
2026-06-26,CRM,2026-07-17,21,145.0,158.37,8.44,put,0.4258,1.59,1.76,1.675,187,3064,-0.1729,79.97,1.155,20.08,market
2026-06-26,CRM,2026-07-17,21,150.0,158.37,5.29,put,0.4128,2.71,2.92,2.815,595,4627,-0.2654,70.12,1.877,32.62,market
2026-06-26,CRM,2026-07-17,21,155.0,158.37,2.13,put,0.4102,4.35,4.75,4.55,228,2777,-0.3832,57.87,2.935,51.02,market
2026-06-26,CRM,2026-07-17,21,160.0,158.37,0.0,put,0.4076,6.75,7.2,6.975,386,6477,-0.5105,45.06,4.359,75.77,market
2026-06-26,CRM,2026-07-17,21,165.0,158.37,0.0,put,0.4076,9.85,10.3,10.075,27,7514,-0.6335,33.04,6.106,106.13,market
2026-06-26,CRM,2026-07-17,21,170.0,158.37,0.0,put,0.4512,13.2,14.5,13.85,25,6151,-0.7171,24.75,8.147,141.6,market
2026-06-26,CRM,2026-07-17,21,175.0,158.37,0.0,put,0.5273,17.4,19.35,18.375,16,3428,-0.7591,20.33,10.5,182.5,market
2026-06-26,CRM,2026-07-17,21,180.0,158.37,0.0,put,0.5383,21.6,23.6,22.6,36,4070,-0.8172,15.06,12.556,218.23,market
2026-06-26,CRM,2026-07-17,21,185.0,158.37,0.0,put,0.5825,26.35,28.35,27.35,8,3492,-0.8466,12.27,14.784,256.96,market
2026-06-26,CRM,2026-07-17,21,190.0,158.37,0.0,put,0.6528,31.1,33.4,32.25,13,1862,-0.8568,11.07,16.974,295.02,market
2026-06-26,CRM,2026-07-17,21,195.0,158.37,0.0,put,0.7022,35.55,38.3,36.925,4,81,-0.8716,9.64,18.936,329.12,market
2026-06-26,CRM,2026-07-17,21,200.0,158.37,0.0,put,0.7598,40.35,43.3,41.825,3,43,-0.8797,8.76,20.913,363.48,market
2026-06-26,CRM,2026-07-17,21,210.0,158.37,0.0,put,0.6426,50.2,53.9,52.05,47,31,-0.9586,2.94,24.786,430.8,market
2026-06-26,CRM,2026-07-17,21,220.0,158.37,0.0,put,0.7397,60.95,63.25,62.1,2,1,-0.9597,2.71,28.227,490.62,market
2026-06-26,CRM,2026-07-17,21,230.0,158.37,0.0,put,0.7363,70.55,73.2,71.875,1,0,-0.9777,1.45,31.25,543.15,market
2026-06-26,CRM,2026-07-17,21,240.0,158.37,0.0,put,0.71,80.4,83.05,81.725,1,0,-0.9903,0.6,34.052,591.86,market
2026-06-26,CRM,2026-07-17,21,250.0,158.37,0.0,put,0.915,90.7,93.25,91.975,1,0,-0.9748,1.48,36.79,639.45,market
2026-06-26,CRM,2026-07-17,21,260.0,158.37,0.0,put,0.918,100.4,103.3,101.85,2,0,-0.9833,0.94,39.173,680.87,market
2026-06-26,CRM,2026-07-17,21,270.0,158.37,0.0,put,1.0703,110.8,113.3,112.05,39,0,-0.9737,1.41,41.5,721.31,market
2026-06-26,CRM,2026-07-17,21,280.0,158.37,0.0,put,1.0586,120.5,123.3,121.9,46,0,-0.9824,0.91,43.536,756.69,market
2026-06-26,CRM,2026-07-17,21,290.0,158.37,0.0,put,1.2139,130.95,133.3,132.125,1,0,-0.9727,1.34,45.56,791.88,market
2026-06-26,CRM,2026-07-17,21,300.0,158.37,0.0,put,1.2686,141.0,143.25,142.125,1,0,-0.9737,1.25,47.375,823.42,market
2026-06-26,CRM,2026-07-24,28,105.0,158.37,33.7,put,0.9658,0.0,2.0,0.892,2,5,-0.0461,92.17,0.85,11.08,bs_fallback
2026-06-26,CRM,2026-07-24,28,110.0,158.37,30.54,put,0.6318,0.0,0.35,0.147,10,56,-0.0142,97.82,0.133,1.74,bs_fallback
2026-06-26,CRM,2026-07-24,28,115.0,158.37,27.39,put,0.5908,0.0,0.47,0.197,1,51,-0.0197,97.11,0.172,2.24,bs_fallback
2026-06-26,CRM,2026-07-24,28,120.0,158.37,24.23,put,0.5689,0.2,0.55,0.375,2,69,-0.0312,95.6,0.312,4.07,market
2026-06-26,CRM,2026-07-24,28,125.0,158.37,21.07,put,0.5161,0.21,0.68,0.445,7,46,-0.0398,94.64,0.356,4.64,market
2026-06-26,CRM,2026-07-24,28,130.0,158.37,17.91,put,0.5068,0.49,0.78,0.635,28,146,-0.0663,91.36,0.488,6.37,market
2026-06-26,CRM,2026-07-24,28,135.0,158.37,14.76,put,0.467,0.83,1.05,0.94,16,286,-0.092,88.48,0.696,9.08,market
2026-06-26,CRM,2026-07-24,28,140.0,158.37,11.6,put,0.4531,1.38,1.69,1.535,41,4407,-0.141,82.9,1.096,14.29,market
2026-06-26,CRM,2026-07-24,28,145.0,158.37,8.44,put,0.4269,2.2,2.46,2.33,22,385,-0.2011,76.4,1.607,20.95,market
2026-06-26,CRM,2026-07-24,28,150.0,158.37,5.29,put,0.4172,3.55,3.8,3.675,22,224,-0.2875,67.19,2.45,31.94,market
2026-06-26,CRM,2026-07-24,28,155.0,158.37,2.13,put,0.4124,5.4,5.7,5.55,154,231,-0.3901,56.55,3.581,46.68,market
2026-06-26,CRM,2026-07-24,28,160.0,158.37,0.0,put,0.4085,7.8,8.15,7.975,91,131,-0.5,45.49,4.984,64.97,market
2026-06-26,CRM,2026-07-24,28,165.0,158.37,0.0,put,0.4463,10.2,11.85,11.025,4,146,-0.5944,35.85,6.682,87.1,market
2026-06-26,CRM,2026-07-24,28,170.0,158.37,0.0,put,0.4546,13.6,15.45,14.525,16,137,-0.6806,27.58,8.544,111.38,market
2026-06-26,CRM,2026-07-24,28,175.0,158.37,0.0,put,0.4664,18.0,19.45,18.725,1,33,-0.7513,20.96,10.7,139.48,market
2026-06-26,CRM,2026-07-24,28,180.0,158.37,0.0,put,0.5252,22.15,24.3,23.225,1,53,-0.7826,17.71,12.903,168.2,market
2026-06-26,CRM,2026-07-24,28,185.0,158.37,0.0,put,0.5479,26.7,28.8,27.75,1,97,-0.822,14.12,15.0,195.54,market
2026-06-26,CRM,2026-07-24,28,190.0,158.37,0.0,put,0.5878,31.2,33.6,32.4,1,75,-0.8446,11.97,17.053,222.29,market
2026-06-26,CRM,2026-07-24,28,195.0,158.37,0.0,put,0.5225,36.25,38.85,37.55,1,0,-0.9097,6.89,19.256,251.02,market
2026-06-26,CRM,2026-07-24,28,200.0,158.37,0.0,put,0.5117,41.05,43.35,42.2,1,0,-0.9393,4.55,21.1,275.05,market
2026-06-26,CRM,2026-07-24,28,205.0,158.37,0.0,put,0.5762,45.95,48.7,47.325,2,0,-0.9349,4.72,23.085,300.93,market
2026-06-26,CRM,2026-07-24,28,210.0,158.37,0.0,put,0.8005,49.75,53.7,51.725,6,0,-0.8738,8.59,24.631,321.08,market
2026-06-26,CRM,2026-07-24,28,215.0,158.37,0.0,put,0.5361,55.0,58.7,56.85,1,0,-0.9749,1.76,26.442,344.69,market
2026-06-26,CRM,2026-07-24,28,220.0,158.37,0.0,put,0.5059,59.75,63.7,61.725,1,0,-0.9877,0.85,28.057,365.74,market
2026-06-26,CRM,2026-07-24,28,230.0,158.37,0.0,put,0.7705,71.0,73.7,72.35,1,0,-0.9478,3.31,31.457,410.06,market
2026-06-26,CRM,2026-07-24,28,250.0,158.37,0.0,put,0.6699,89.75,93.7,91.725,0,0,-0.9905,0.57,36.69,478.28,market
2026-06-26,CRM,2026-07-24,28,265.0,158.37,0.0,put,0.6856,104.65,108.7,106.675,0,0,-0.9953,0.27,40.255,524.75,market
2026-06-26,CRM,2026-07-31,35,100.0,158.37,36.86,put,0.7461,0.0,0.55,0.238,1,1,-0.0167,97.1,0.238,2.48,bs_fallback
2026-06-26,CRM,2026-07-31,35,110.0,158.37,30.54,put,0.6826,0.0,1.03,0.452,2,213,-0.032,94.96,0.411,4.28,bs_fallback
2026-06-26,CRM,2026-07-31,35,115.0,158.37,27.39,put,0.6182,0.0,1.08,0.473,4,3,-0.0365,94.53,0.412,4.29,bs_fallback
2026-06-26,CRM,2026-07-31,35,120.0,158.37,24.23,put,0.5171,0.0,0.8,0.344,20,15,-0.0327,95.38,0.287,2.99,bs_fallback
2026-06-26,CRM,2026-07-31,35,125.0,158.37,21.07,put,0.499,0.16,0.63,0.395,4,37,-0.0506,93.12,0.316,3.3,market
2026-06-26,CRM,2026-07-31,35,130.0,158.37,17.91,put,0.4912,0.58,1.05,0.815,4,113,-0.08,89.49,0.627,6.54,market
2026-06-26,CRM,2026-07-31,35,135.0,158.37,14.76,put,0.4517,1.0,1.35,1.175,6,155,-0.1064,86.56,0.87,9.08,market
2026-06-26,CRM,2026-07-31,35,140.0,158.37,11.6,put,0.4437,1.83,2.14,1.985,11,171,-0.1584,80.61,1.418,14.79,market
2026-06-26,CRM,2026-07-31,35,145.0,158.37,8.44,put,0.4392,2.66,3.3,2.98,26,142,-0.2261,73.1,2.055,21.43,market
2026-06-26,CRM,2026-07-31,35,150.0,158.37,5.29,put,0.4342,4.1,4.85,4.475,21,231,-0.3062,64.52,2.983,31.11,market
2026-06-26,CRM,2026-07-31,35,155.0,158.37,2.13,put,0.4271,5.95,6.8,6.375,14,150,-0.3955,55.28,4.113,42.89,market
2026-06-26,CRM,2026-07-31,35,160.0,158.37,0.0,put,0.4421,8.3,9.65,8.975,4,266,-0.4886,45.69,5.609,58.5,market
2026-06-26,CRM,2026-07-31,35,165.0,158.37,0.0,put,0.4188,11.05,12.2,11.625,13,76,-0.5849,36.54,7.045,73.47,market
2026-06-26,CRM,2026-07-31,35,170.0,158.37,0.0,put,0.4109,14.1,15.5,14.8,2,37,-0.6757,28.0,8.706,90.79,market
2026-06-26,CRM,2026-07-31,35,175.0,158.37,0.0,put,0.4624,18.35,20.15,19.25,4,43,-0.7232,23.1,11.0,114.71,market
2026-06-26,CRM,2026-07-31,35,180.0,158.37,0.0,put,0.5017,22.2,24.75,23.475,1,91,-0.7628,19.19,13.042,136.01,market
2026-06-26,CRM,2026-07-31,35,185.0,158.37,0.0,put,0.5219,26.65,29.2,27.925,1,8,-0.8027,15.56,15.095,157.42,market
2026-06-26,CRM,2026-07-31,35,190.0,158.37,0.0,put,0.5482,31.2,33.85,32.525,1,2,-0.8313,12.94,17.118,178.52,market
2026-06-26,CRM,2026-07-31,35,195.0,158.37,0.0,put,0.6104,35.95,39.0,37.475,6,7,-0.8367,12.1,19.218,200.42,market
2026-06-26,CRM,2026-07-31,35,200.0,158.37,0.0,put,0.5039,41.15,43.85,42.5,7,3,-0.9173,6.14,21.25,221.61,market
2026-06-26,CRM,2026-07-31,35,210.0,158.37,0.0,put,0.6836,50.4,53.35,51.875,1,0,-0.8858,7.84,24.702,257.61,market
2026-06-26,CRM,2026-07-31,35,215.0,158.37,0.0,put,0.7594,54.75,58.7,56.725,1,0,-0.8774,8.12,26.384,275.14,market
2026-06-26,CRM,2026-07-31,35,220.0,158.37,0.0,put,0.5273,60.1,63.7,61.9,1,0,-0.9714,1.95,28.136,293.42,market
2026-06-26,CRM,2026-07-31,35,230.0,158.37,0.0,put,0.6724,71.15,73.35,72.25,1,0,-0.952,3.05,31.413,327.59,market
2026-06-26,CRM,2026-07-31,35,235.0,158.37,0.0,put,0.7175,75.95,78.7,77.325,1,0,-0.9499,3.1,32.904,343.14,market
2026-06-26,CRM,2026-07-31,35,240.0,158.37,0.0,put,0.7153,81.0,83.35,82.175,1,0,-0.9594,2.47,34.24,357.07,market
2026-06-26,ORCL,2026-07-17,21,70.0,148.53,52.87,put,1.1992,0.0,0.1,0.039,16,323,-0.0028,99.35,0.056,0.97,bs_fallback
2026-06-26,ORCL,2026-07-17,21,75.0,148.53,49.51,put,0.9922,0.0,0.04,0.014,1,606,-0.0013,99.71,0.019,0.33,bs_fallback
2026-06-26,ORCL,2026-07-17,21,80.0,148.53,46.14,put,1.3955,0.01,1.03,0.52,24,409,-0.0215,95.45,0.65,11.3,market
2026-06-26,ORCL,2026-07-17,21,85.0,148.53,42.77,put,0.8867,0.01,0.07,0.04,24,667,-0.003,99.43,0.047,0.82,market
2026-06-26,ORCL,2026-07-17,21,90.0,148.53,39.41,put,0.8789,0.05,0.12,0.085,3,1091,-0.0063,98.88,0.094,1.64,market
2026-06-26,ORCL,2026-07-17,21,95.0,148.53,36.04,put,0.8906,0.01,0.38,0.195,7,585,-0.0135,97.72,0.205,3.57,market
2026-06-26,ORCL,2026-07-17,21,100.0,148.53,32.67,put,0.7363,0.07,0.15,0.11,139,2358,-0.0095,98.49,0.11,1.91,market
2026-06-26,ORCL,2026-07-17,21,105.0,148.53,29.31,put,0.7793,0.01,0.65,0.33,63,1333,-0.0247,96.22,0.314,5.46,market
2026-06-26,ORCL,2026-07-17,21,110.0,148.53,25.94,put,0.6494,0.2,0.27,0.235,34,1717,-0.0215,96.92,0.214,3.71,market
2026-06-26,ORCL,2026-07-17,21,115.0,148.53,22.57,put,0.6084,0.17,0.52,0.345,90,2217,-0.0325,95.54,0.3,5.21,market
2026-06-26,ORCL,2026-07-17,21,120.0,148.53,19.21,put,0.5986,0.58,0.7,0.64,213,4282,-0.0574,92.42,0.533,9.27,market
2026-06-26,ORCL,2026-07-17,21,125.0,148.53,15.84,put,0.5703,0.95,1.05,1.0,83,2577,-0.0885,88.75,0.8,13.9,market
2026-06-26,ORCL,2026-07-17,21,130.0,148.53,12.48,put,0.5501,1.53,1.67,1.6,189,5285,-0.1362,83.29,1.231,21.39,market
2026-06-26,ORCL,2026-07-17,21,135.0,148.53,9.11,put,0.5342,2.41,2.64,2.525,511,6722,-0.2027,75.92,1.87,32.51,market
2026-06-26,ORCL,2026-07-17,21,140.0,148.53,5.74,put,0.52,3.7,4.0,3.85,625,7024,-0.2879,66.82,2.75,47.8,market
2026-06-26,ORCL,2026-07-17,21,145.0,148.53,2.38,put,0.5103,5.5,5.9,5.7,948,6156,-0.3893,56.31,3.931,68.33,market
2026-06-26,ORCL,2026-07-17,21,150.0,148.53,0.0,put,0.506,7.9,8.4,8.15,3456,7804,-0.4987,45.3,5.433,94.44,market
2026-06-26,ORCL,2026-07-17,21,155.0,148.53,0.0,put,0.5176,10.85,11.85,11.35,312,6733,-0.6019,35.11,7.323,127.27,market
2026-06-26,ORCL,2026-07-17,21,160.0,148.53,0.0,put,0.5255,14.15,14.95,14.55,1586,7665,-0.693,26.42,9.094,158.06,market
2026-06-26,ORCL,2026-07-17,21,165.0,148.53,0.0,put,0.5408,17.9,19.0,18.45,573,9088,-0.7654,19.67,11.182,194.35,market
2026-06-26,ORCL,2026-07-17,21,170.0,148.53,0.0,put,0.5252,22.45,23.6,23.025,557,6156,-0.8379,13.31,13.544,235.41,market
2026-06-26,ORCL,2026-07-17,21,175.0,148.53,0.0,put,0.5147,26.85,27.95,27.4,72,8373,-0.8932,8.58,15.657,272.14,market
2026-06-26,ORCL,2026-07-17,21,180.0,148.53,0.0,put,0.53,31.25,33.0,32.125,72,4819,-0.923,6.03,17.847,310.2,market
2026-06-26,ORCL,2026-07-17,21,185.0,148.53,0.0,put,0.614,35.8,38.75,37.275,64,3571,-0.9189,6.12,20.149,350.2,market
2026-06-26,ORCL,2026-07-17,21,190.0,148.53,0.0,put,0.644,40.7,43.6,42.15,33,9716,-0.9329,4.92,22.184,385.58,market
2026-06-26,ORCL,2026-07-17,21,195.0,148.53,0.0,put,0.6606,45.5,48.5,47.0,24,3830,-0.9474,3.76,24.103,418.93,market
2026-06-26,ORCL,2026-07-17,21,200.0,148.53,0.0,put,0.8645,49.8,52.8,51.3,94,8628,-0.9061,6.37,25.65,445.82,market
2026-06-26,ORCL,2026-07-17,21,210.0,148.53,0.0,put,0.668,59.7,63.6,61.65,38,3305,-0.9805,1.31,29.357,510.26,market
2026-06-26,ORCL,2026-07-17,21,220.0,148.53,0.0,put,0.9087,70.5,73.7,72.1,224,3357,-0.9535,2.88,32.773,569.62,market
2026-06-26,ORCL,2026-07-17,21,230.0,148.53,0.0,put,0.5703,79.3,83.65,81.475,60,1716,-0.9991,0.06,35.424,615.7,market
2026-06-26,ORCL,2026-07-17,21,240.0,148.53,0.0,put,0.7148,89.4,93.6,91.5,12,384,-0.9965,0.21,38.125,662.65,market
2026-06-26,ORCL,2026-07-17,21,250.0,148.53,0.0,put,0.6719,99.35,103.6,101.475,47,255,-0.9991,0.05,40.59,705.49,market
2026-06-26,ORCL,2026-07-17,21,260.0,148.53,0.0,put,1.5137,109.2,113.55,111.375,1,49,-0.9119,4.31,42.837,744.54,market
2026-06-26,ORCL,2026-07-17,21,270.0,148.53,0.0,put,1.5862,119.3,123.55,121.425,2,22,-0.9151,3.98,44.972,781.66,market
2026-06-26,ORCL,2026-07-17,21,280.0,148.53,0.0,put,1.6465,129.3,133.5,131.4,1,7,-0.9193,3.63,46.929,815.66,market
2026-06-26,ORCL,2026-07-17,21,290.0,148.53,0.0,put,1.7119,139.3,143.5,141.4,25,4,-0.9218,3.38,48.759,847.47,market
2026-06-26,ORCL,2026-07-17,21,300.0,148.53,0.0,put,1.7742,149.25,153.5,151.375,45,1,-0.924,3.16,50.458,877.01,market
2026-06-26,ORCL,2026-07-17,21,310.0,148.53,0.0,put,1.834,159.3,163.5,161.4,2,0,-0.9259,2.96,52.065,904.93,market
2026-06-26,ORCL,2026-07-17,21,320.0,148.53,0.0,put,1.8911,169.3,173.5,171.4,1,0,-0.9277,2.79,53.562,930.97,market
2026-06-26,ORCL,2026-07-17,21,330.0,148.53,0.0,put,1.946,179.3,183.5,181.4,1,0,-0.9293,2.63,54.97,955.43,market
2026-06-26,ORCL,2026-07-17,21,340.0,148.53,0.0,put,1.9988,189.3,193.5,191.4,21,0,-0.9308,2.49,56.294,978.45,market
2026-06-26,ORCL,2026-07-17,21,350.0,148.53,0.0,put,2.0498,199.3,203.5,201.4,19,0,-0.9321,2.37,57.543,1000.15,market
2026-06-26,ORCL,2026-07-17,21,360.0,148.53,0.0,put,2.0986,209.3,213.5,211.4,22,0,-0.9334,2.25,58.722,1020.65,market
2026-06-26,ORCL,2026-07-17,21,370.0,148.53,0.0,put,2.146,219.3,223.5,221.4,11,0,-0.9345,2.14,59.838,1040.04,market
2026-06-26,ORCL,2026-07-17,21,380.0,148.53,0.0,put,2.1914,229.3,233.5,231.4,57,0,-0.9356,2.05,60.895,1058.41,market
2026-06-26,ORCL,2026-07-17,21,400.0,148.53,0.0,put,0.0,204.65,207.55,206.1,10,0,-1.0,0.0,51.525,895.55,market
2026-06-26,ORCL,2026-07-17,21,410.0,148.53,0.0,put,2.3201,259.3,263.5,261.4,8,0,-0.9384,1.8,63.756,1108.14,market
2026-06-26,ORCL,2026-07-17,21,430.0,148.53,0.0,put,2.3994,279.3,283.5,281.4,1,0,-0.9399,1.66,65.442,1137.44,market
2026-06-26,ORCL,2026-07-17,21,440.0,148.53,0.0,put,2.4375,289.3,293.5,291.4,9,0,-0.9406,1.6,66.227,1151.09,market
2026-06-26,ORCL,2026-07-17,21,450.0,148.53,0.0,put,2.4741,299.3,303.5,301.4,18,0,-0.9414,1.54,66.978,1164.14,market
2026-06-26,ORCL,2026-07-17,21,460.0,148.53,0.0,put,0.0,261.35,264.95,263.15,3,0,-1.0,0.0,57.207,994.3,market
2026-06-26,ORCL,2026-07-17,21,470.0,148.53,0.0,put,2.5449,319.3,323.5,321.4,1,0,-0.9426,1.43,68.383,1188.56,market
2026-06-26,ORCL,2026-07-17,21,480.0,148.53,0.0,put,2.2744,329.35,332.4,330.875,1,0,-0.9694,0.78,68.932,1198.11,market
2026-06-26,ORCL,2026-07-17,21,490.0,148.53,0.0,put,0.0,265.25,268.8,267.025,0,0,-1.0,0.0,54.495,947.17,market
2026-06-26,ORCL,2026-07-17,21,500.0,148.53,0.0,put,0.0,275.05,279.1,277.075,0,0,-1.0,0.0,55.415,963.17,market
2026-06-26,ORCL,2026-07-17,21,510.0,148.53,0.0,put,2.6763,359.3,363.5,361.4,3,0,-0.9448,1.26,70.863,1231.66,market
2026-06-26,ORCL,2026-07-24,28,105.0,148.53,29.31,put,0.6953,0.2,0.55,0.375,34,5,-0.0276,95.77,0.357,4.66,market
2026-06-26,ORCL,2026-07-24,28,110.0,148.53,25.94,put,0.7022,0.15,1.27,0.71,3,12,-0.0483,92.88,0.645,8.41,market
2026-06-26,ORCL,2026-07-24,28,115.0,148.53,22.57,put,0.5796,0.32,0.75,0.535,8,267,-0.0448,93.79,0.465,6.06,market
2026-06-26,ORCL,2026-07-24,28,120.0,148.53,19.21,put,0.5586,0.69,1.01,0.85,41,222,-0.0693,90.76,0.708,9.23,market
2026-06-26,ORCL,2026-07-24,28,125.0,148.53,15.84,put,0.5405,1.12,1.55,1.335,28,881,-0.1052,86.49,1.068,13.92,market
2026-06-26,ORCL,2026-07-24,28,130.0,148.53,12.48,put,0.5413,2.08,2.38,2.23,115,388,-0.1612,79.94,1.715,22.36,market
2026-06-26,ORCL,2026-07-24,28,135.0,148.53,9.11,put,0.5366,3.2,3.65,3.425,41,876,-0.2288,72.38,2.537,33.07,market
2026-06-26,ORCL,2026-07-24,28,140.0,148.53,5.74,put,0.5308,4.75,5.25,5.0,498,923,-0.3079,63.87,3.571,46.56,market
2026-06-26,ORCL,2026-07-24,28,145.0,148.53,2.38,put,0.5262,6.65,7.4,7.025,72,291,-0.3958,54.71,4.845,63.16,market
2026-06-26,ORCL,2026-07-24,28,150.0,148.53,0.0,put,0.5215,9.15,9.85,9.5,709,314,-0.4878,45.47,6.333,82.56,market
2026-06-26,ORCL,2026-07-24,28,155.0,148.53,0.0,put,0.5201,11.95,13.0,12.475,136,845,-0.5782,36.64,8.048,104.92,market
2026-06-26,ORCL,2026-07-24,28,160.0,148.53,0.0,put,0.5015,14.85,16.35,15.6,27,775,-0.6695,28.18,9.75,127.1,market
2026-06-26,ORCL,2026-07-24,28,162.5,148.53,0.0,put,0.501,16.65,18.25,17.45,3,137,-0.7091,24.52,10.738,139.98,market
2026-06-26,ORCL,2026-07-24,28,165.0,148.53,0.0,put,0.5564,18.55,20.15,19.35,11,286,-0.7192,23.13,11.727,152.87,market
2026-06-26,ORCL,2026-07-24,28,167.5,148.53,0.0,put,0.5043,20.55,22.35,21.45,13,41,-0.7774,18.33,12.806,166.93,market
2026-06-26,ORCL,2026-07-24,28,170.0,148.53,0.0,put,0.5122,22.6,24.65,23.625,12,271,-0.8034,15.97,13.897,181.16,market
2026-06-26,ORCL,2026-07-24,28,172.5,148.53,0.0,put,0.5784,23.8,26.5,25.15,10,119,-0.7967,16.11,14.58,190.06,market
2026-06-26,ORCL,2026-07-24,28,175.0,148.53,0.0,put,0.6201,26.05,29.1,27.575,4,218,-0.8014,15.42,15.757,205.41,market
2026-06-26,ORCL,2026-07-24,28,177.5,148.53,0.0,put,0.63,28.35,31.35,29.85,3,5,-0.8191,13.86,16.817,219.22,market
2026-06-26,ORCL,2026-07-24,28,180.0,148.53,0.0,put,0.5586,31.35,34.35,32.85,4,179,-0.8728,9.77,18.25,237.9,market
2026-06-26,ORCL,2026-07-24,28,182.5,148.53,0.0,put,0.5212,33.0,36.7,34.85,24,36,-0.9079,7.05,19.096,248.93,market
2026-06-26,ORCL,2026-07-24,28,185.0,148.53,0.0,put,0.5461,35.3,39.4,37.35,7,145,-0.9116,6.66,20.189,263.18,market
2026-06-26,ORCL,2026-07-24,28,187.5,148.53,0.0,put,0.5425,37.6,41.75,39.675,22,80,-0.9265,5.48,21.16,275.84,market
2026-06-26,ORCL,2026-07-24,28,190.0,148.53,0.0,put,0.5566,40.15,44.1,42.125,3,189,-0.9326,4.95,22.171,289.02,market
2026-06-26,ORCL,2026-07-24,28,192.5,148.53,0.0,put,0.5596,42.5,46.55,44.525,2,15,-0.9419,4.22,23.13,301.51,market
2026-06-26,ORCL,2026-07-24,28,195.0,148.53,0.0,put,0.5645,45.0,48.9,46.95,20,29,-0.9493,3.63,24.077,313.86,market
2026-06-26,ORCL,2026-07-24,28,197.5,148.53,0.0,put,0.585,47.45,51.45,49.45,1,15,-0.9509,3.47,25.038,326.39,market
2026-06-26,ORCL,2026-07-24,28,200.0,148.53,0.0,put,0.5991,49.9,53.95,51.925,18,87,-0.9542,3.2,25.962,338.44,market
2026-06-26,ORCL,2026-07-24,28,202.5,148.53,0.0,put,0.5991,52.3,56.4,54.35,1,7,-0.9609,2.69,26.84,349.87,market
2026-06-26,ORCL,2026-07-24,28,205.0,148.53,0.0,put,0.6035,54.85,58.75,56.8,26,218,-0.9657,2.34,27.707,361.18,market
2026-06-26,ORCL,2026-07-24,28,207.5,148.53,0.0,put,0.6367,57.35,61.35,59.35,1,4,-0.9629,2.49,28.602,372.85,market
2026-06-26,ORCL,2026-07-24,28,210.0,148.53,0.0,put,0.6226,59.8,63.7,61.75,2,141,-0.9713,1.91,29.405,383.31,market
2026-06-26,ORCL,2026-07-24,28,212.5,148.53,0.0,put,0.6104,62.25,66.1,64.175,1,1,-0.9779,1.46,30.2,393.68,market
2026-06-26,ORCL,2026-07-24,28,215.0,148.53,0.0,put,0.6475,64.7,68.75,66.725,1,47,-0.9745,1.66,31.035,404.56,market
2026-06-26,ORCL,2026-07-24,28,217.5,148.53,0.0,put,0.6182,67.2,71.05,69.125,2,15,-0.983,1.1,31.782,414.3,market
2026-06-26,ORCL,2026-07-24,28,220.0,148.53,0.0,put,0.6582,69.7,73.65,71.675,2,31,-0.9795,1.3,32.58,424.7,market
2026-06-26,ORCL,2026-07-24,28,222.5,148.53,0.0,put,0.5352,72.0,76.0,74.0,3,8,-0.9957,0.28,33.258,433.55,market
2026-06-26,ORCL,2026-07-24,28,225.0,148.53,0.0,put,1.0601,74.4,78.5,76.45,174,175,-0.8952,6.08,33.978,442.92,market
2026-06-26,ORCL,2026-07-24,28,227.5,148.53,0.0,put,0.5625,77.0,81.0,79.0,1,0,-0.9958,0.26,34.725,452.67,market
2026-06-26,ORCL,2026-07-24,28,230.0,148.53,0.0,put,1.0928,79.45,83.45,81.45,1,6,-0.8999,5.67,35.413,461.63,market
2026-06-26,ORCL,2026-07-24,28,232.5,148.53,0.0,put,0.6523,81.95,86.15,84.05,4,9,-0.9911,0.54,36.151,471.25,market
2026-06-26,ORCL,2026-07-24,28,235.0,148.53,0.0,put,1.1306,84.3,88.45,86.375,0,3,-0.9026,5.38,36.755,479.13,market
2026-06-26,ORCL,2026-07-24,28,237.5,148.53,0.0,put,1.1492,86.95,90.95,88.95,0,1,-0.9038,5.24,37.453,488.22,market
2026-06-26,ORCL,2026-07-24,28,240.0,148.53,0.0,put,1.1675,89.4,93.45,91.425,1,22,-0.905,5.12,38.094,496.58,market
2026-06-26,ORCL,2026-07-24,28,242.5,148.53,0.0,put,0.6758,91.9,96.15,94.025,0,15,-0.9939,0.35,38.773,505.44,market
2026-06-26,ORCL,2026-07-24,28,245.0,148.53,0.0,put,0.6484,94.4,98.6,96.5,1,32,-0.9963,0.22,39.388,513.45,market
2026-06-26,ORCL,2026-07-24,28,250.0,148.53,0.0,put,1.2305,99.4,103.4,101.4,0,2,-0.9109,4.58,40.56,528.73,market
2026-06-26,ORCL,2026-07-24,28,255.0,148.53,0.0,put,1.2639,104.35,108.4,106.375,0,3,-0.9128,4.38,41.716,543.79,market
2026-06-26,ORCL,2026-07-24,28,260.0,148.53,0.0,put,1.3184,109.35,113.55,111.45,0,15,-0.9099,4.41,42.865,558.78,market
2026-06-26,ORCL,2026-07-24,28,270.0,148.53,0.0,put,1.3516,119.3,123.35,121.325,0,0,-0.9191,3.81,44.935,585.76,market
2026-06-26,ORCL,2026-07-24,28,285.0,148.53,0.0,put,1.4312,134.2,138.3,136.25,1,0,-0.9245,3.34,47.807,623.2,market
2026-06-26,ORCL,2026-07-24,28,290.0,148.53,0.0,put,1.459,139.3,143.3,141.3,11,0,-0.9257,3.23,48.724,635.15,market
2026-06-26,ORCL,2026-07-24,28,315.0,148.53,0.0,put,1.5803,164.3,168.25,166.275,0,0,-0.9319,2.69,52.786,688.1,market
2026-06-26,ORCL,2026-07-24,28,325.0,148.53,0.0,put,1.6714,174.3,178.5,176.4,0,0,-0.9267,2.78,54.277,707.54,market
2026-06-26,ORCL,2026-07-24,28,340.0,148.53,0.0,put,1.7412,189.3,193.5,191.4,0,0,-0.929,2.56,56.294,733.83,market
2026-06-26,ORCL,2026-07-31,35,100.0,148.53,32.67,put,0.7129,0.15,0.69,0.42,3,4,-0.0272,95.58,0.42,4.38,market
2026-06-26,ORCL,2026-07-31,35,105.0,148.53,29.31,put,0.6255,0.21,0.55,0.38,29,30,-0.0279,95.71,0.362,3.77,market
2026-06-26,ORCL,2026-07-31,35,110.0,148.53,25.94,put,0.6323,0.16,1.28,0.72,13,68,-0.0489,92.79,0.655,6.83,market
2026-06-26,ORCL,2026-07-31,35,115.0,148.53,22.57,put,0.5764,0.67,1.01,0.84,10,231,-0.0606,91.48,0.73,7.62,market
2026-06-26,ORCL,2026-07-31,35,120.0,148.53,19.21,put,0.571,1.13,1.61,1.37,48,348,-0.0931,87.39,1.142,11.91,market
2026-06-26,ORCL,2026-07-31,35,125.0,148.53,15.84,put,0.5576,1.9,2.18,2.04,42,784,-0.1329,82.65,1.632,17.02,market
2026-06-26,ORCL,2026-07-31,35,130.0,148.53,12.48,put,0.5518,2.7,3.4,3.05,290,389,-0.1858,76.5,2.346,24.47,market
2026-06-26,ORCL,2026-07-31,35,135.0,148.53,9.11,put,0.5374,4.0,4.5,4.25,288,493,-0.2464,69.83,3.148,32.83,market
2026-06-26,ORCL,2026-07-31,35,140.0,148.53,5.74,put,0.533,5.55,6.35,5.95,90,332,-0.3192,61.98,4.25,44.32,market
2026-06-26,ORCL,2026-07-31,35,145.0,148.53,2.38,put,0.5234,7.2,8.7,7.95,39,406,-0.3978,53.86,5.483,57.18,market
2026-06-26,ORCL,2026-07-31,35,150.0,148.53,0.0,put,0.5165,9.7,11.1,10.4,58,250,-0.4807,45.56,6.933,72.3,market
2026-06-26,ORCL,2026-07-31,35,155.0,148.53,0.0,put,0.5189,12.65,14.2,13.425,34,169,-0.5617,37.61,8.661,90.32,market
2026-06-26,ORCL,2026-07-31,35,160.0,148.53,0.0,put,0.516,15.85,17.6,16.725,62,481,-0.6389,30.31,10.453,109.01,market
2026-06-26,ORCL,2026-07-31,35,162.5,148.53,0.0,put,0.5217,17.6,19.65,18.625,67,22,-0.6722,27.18,11.462,119.53,market
2026-06-26,ORCL,2026-07-31,35,165.0,148.53,0.0,put,0.5216,19.4,21.6,20.5,17,272,-0.7056,24.13,12.424,129.57,market
2026-06-26,ORCL,2026-07-31,35,167.5,148.53,0.0,put,0.5217,21.3,23.6,22.45,1,38,-0.7368,21.33,13.403,139.77,market
2026-06-26,ORCL,2026-07-31,35,170.0,148.53,0.0,put,0.5101,23.3,25.3,24.3,5,159,-0.772,18.32,14.294,149.07,market
2026-06-26,ORCL,2026-07-31,35,172.5,148.53,0.0,put,0.5266,25.35,27.85,26.6,128,134,-0.79,16.61,15.42,160.81,market
2026-06-26,ORCL,2026-07-31,35,175.0,148.53,0.0,put,0.5105,27.45,29.6,28.525,22,179,-0.8233,13.87,16.3,169.99,market
2026-06-26,ORCL,2026-07-31,35,177.5,148.53,0.0,put,0.6012,29.0,31.8,30.4,7,43,-0.7991,15.28,17.127,178.61,market
2026-06-26,ORCL,2026-07-31,35,180.0,148.53,0.0,put,0.6295,31.2,34.3,32.75,11,135,-0.8061,14.49,18.194,189.74,market
2026-06-26,ORCL,2026-07-31,35,182.5,148.53,0.0,put,0.6367,33.45,36.55,35.0,1,86,-0.8217,13.16,19.178,200.0,market
2026-06-26,ORCL,2026-07-31,35,185.0,148.53,0.0,put,0.5032,35.75,39.15,37.45,5,183,-0.9033,7.27,20.243,211.11,market
2026-06-26,ORCL,2026-07-31,35,187.5,148.53,0.0,put,0.5254,38.05,41.85,39.95,1,90,-0.9068,6.89,21.307,222.2,market
2026-06-26,ORCL,2026-07-31,35,190.0,148.53,0.0,put,0.5439,40.45,44.4,42.425,5,122,-0.9114,6.46,22.329,232.86,market
2026-06-26,ORCL,2026-07-31,35,192.5,148.53,0.0,put,0.5471,42.85,46.75,44.8,35,29,-0.9218,5.63,23.273,242.7,market
2026-06-26,ORCL,2026-07-31,35,195.0,148.53,0.0,put,0.5518,45.25,49.15,47.2,4,27,-0.9305,4.94,24.205,252.42,market
2026-06-26,ORCL,2026-07-31,35,197.5,148.53,0.0,put,0.5586,47.6,51.65,49.625,60,63,-0.9374,4.4,25.127,262.03,market
2026-06-26,ORCL,2026-07-31,35,200.0,148.53,0.0,put,0.5728,50.1,54.1,52.1,2,141,-0.9408,4.1,26.05,271.66,market
2026-06-26,ORCL,2026-07-31,35,202.5,148.53,0.0,put,0.5767,52.5,56.55,54.525,1,9,-0.9473,3.61,26.926,280.8,market
2026-06-26,ORCL,2026-07-31,35,205.0,148.53,0.0,put,0.5415,54.95,58.65,56.8,15,30,-0.9648,2.4,27.707,288.95,market
2026-06-26,ORCL,2026-07-31,35,207.5,148.53,0.0,put,0.5776,57.4,61.35,59.375,1,3,-0.9602,2.67,28.614,298.41,market
2026-06-26,ORCL,2026-07-31,35,210.0,148.53,0.0,put,0.5942,59.85,63.9,61.875,2,3,-0.9611,2.57,29.464,307.27,market
2026-06-26,ORCL,2026-07-31,35,217.5,148.53,0.0,put,0.6128,67.25,71.3,69.275,5,15,-0.9706,1.88,31.851,332.16,market
2026-06-26,ORCL,2026-07-31,35,220.0,148.53,0.0,put,0.5684,69.75,73.5,71.625,10,49,-0.9829,1.09,32.557,339.52,market
2026-06-26,ORCL,2026-07-31,35,225.0,148.53,0.0,put,0.9514,74.5,78.5,76.5,172,183,-0.8936,6.17,34.0,354.57,market
2026-06-26,ORCL,2026-07-31,35,230.0,148.53,0.0,put,0.5723,79.5,83.6,81.55,0,3,-0.9907,0.57,35.457,369.76,market
2026-06-26,ORCL,2026-07-31,35,250.0,148.53,0.0,put,1.0979,99.35,103.35,101.35,1,3,-0.9111,4.58,40.54,422.77,market
2026-06-26,ADBE,2026-07-17,21,130.0,202.73,35.88,put,0.6758,0.0,0.06,0.023,9,735,-0.0023,99.63,0.018,0.31,bs_fallback
2026-06-26,ADBE,2026-07-17,21,135.0,202.73,33.41,put,0.6563,0.0,0.1,0.038,100,407,-0.0037,99.42,0.028,0.49,bs_fallback
2026-06-26,ADBE,2026-07-17,21,140.0,202.73,30.94,put,0.6094,0.0,0.11,0.042,2,236,-0.0043,99.34,0.03,0.52,bs_fallback
2026-06-26,ADBE,2026-07-17,21,145.0,202.73,28.48,put,0.6602,0.0,0.39,0.159,4,457,-0.0134,98.01,0.11,1.9,bs_fallback
2026-06-26,ADBE,2026-07-17,21,150.0,202.73,26.01,put,0.625,0.0,0.5,0.205,2,915,-0.0177,97.46,0.137,2.37,bs_fallback
2026-06-26,ADBE,2026-07-17,21,155.0,202.73,23.54,put,0.5147,0.06,0.21,0.135,12,381,-0.0119,98.37,0.087,1.51,market
2026-06-26,ADBE,2026-07-17,21,160.0,202.73,21.08,put,0.5259,0.01,0.6,0.305,4,845,-0.0249,96.68,0.191,3.31,market
2026-06-26,ADBE,2026-07-17,21,165.0,202.73,18.61,put,0.5147,0.22,0.5,0.36,35,538,-0.0398,94.84,0.218,3.79,market
2026-06-26,ADBE,2026-07-17,21,170.0,202.73,16.14,put,0.4917,0.37,0.72,0.545,12,4431,-0.0575,92.76,0.321,5.57,market
2026-06-26,ADBE,2026-07-17,21,175.0,202.73,13.68,put,0.4519,0.56,0.9,0.73,28,696,-0.0753,90.81,0.417,7.25,market
2026-06-26,ADBE,2026-07-17,21,180.0,202.73,11.21,put,0.4446,1.0,1.46,1.23,83,1455,-0.116,86.19,0.683,11.88,market
2026-06-26,ADBE,2026-07-17,21,185.0,202.73,8.75,put,0.4049,1.43,1.86,1.645,74,4042,-0.1538,82.21,0.889,15.45,market
2026-06-26,ADBE,2026-07-17,21,190.0,202.73,6.28,put,0.4019,2.42,2.97,2.695,445,972,-0.2264,74.36,1.418,24.65,market
2026-06-26,ADBE,2026-07-17,21,195.0,202.73,3.81,put,0.3931,4.05,4.4,4.225,244,1737,-0.3121,65.38,2.167,37.66,market
2026-06-26,ADBE,2026-07-17,21,200.0,202.73,1.35,put,0.3849,5.3,6.3,5.8,1724,4634,-0.4113,55.24,2.9,50.4,market
2026-06-26,ADBE,2026-07-17,21,205.0,202.73,0.0,put,0.3889,8.45,8.95,8.7,54,930,-0.5167,44.62,4.244,73.76,market
2026-06-26,ADBE,2026-07-17,21,210.0,202.73,0.0,put,0.3984,11.45,12.2,11.825,39,1102,-0.6144,34.96,5.631,97.87,market
2026-06-26,ADBE,2026-07-17,21,215.0,202.73,0.0,put,0.4298,13.85,16.25,15.05,16,465,-0.6881,27.64,7.0,121.67,market
2026-06-26,ADBE,2026-07-17,21,220.0,202.73,0.0,put,0.4417,18.2,20.25,19.225,1571,2444,-0.7554,21.26,8.739,151.89,market
2026-06-26,ADBE,2026-07-17,21,225.0,202.73,0.0,put,0.4752,22.2,24.8,23.5,10,1808,-0.7973,17.2,10.444,181.53,market
2026-06-26,ADBE,2026-07-17,21,230.0,202.73,0.0,put,0.4788,26.4,29.1,27.75,55,693,-0.8453,12.9,12.065,209.7,market
2026-06-26,ADBE,2026-07-17,21,235.0,202.73,0.0,put,0.6921,31.1,36.2,33.65,30,754,-0.7851,16.97,14.319,248.88,market
2026-06-26,ADBE,2026-07-17,21,240.0,202.73,0.0,put,0.7524,35.35,41.25,38.3,5,281,-0.7964,15.64,15.958,277.37,market
2026-06-26,ADBE,2026-07-17,21,245.0,202.73,0.0,put,0.5776,40.75,43.6,42.175,24,67,-0.8992,7.85,17.214,299.2,market
2026-06-26,ADBE,2026-07-17,21,250.0,202.73,0.0,put,0.594,45.7,51.05,48.375,6,335,-0.9161,6.4,19.35,336.32,market
2026-06-26,ADBE,2026-07-17,21,255.0,202.73,0.0,put,0.9604,47.75,56.95,52.35,1,15,-0.8073,13.6,20.529,356.82,market
2026-06-26,ADBE,2026-07-17,21,260.0,202.73,0.0,put,0.6677,55.75,60.9,58.325,195,125,-0.9272,5.31,22.433,389.9,market
2026-06-26,ADBE,2026-07-17,21,265.0,202.73,0.0,put,0.6094,60.75,64.8,62.775,95,63,-0.959,2.97,23.689,411.73,market
2026-06-26,ADBE,2026-07-17,21,270.0,202.73,0.0,put,0.5654,63.8,71.2,67.5,206,52,-0.9785,1.54,25.0,434.52,market
2026-06-26,ADBE,2026-07-17,21,275.0,202.73,0.0,put,0.7324,69.9,76.2,73.05,15,10,-0.9486,3.54,26.564,461.7,market
2026-06-26,ADBE,2026-07-17,21,280.0,202.73,0.0,put,0.7075,74.35,81.2,77.775,1,1,-0.9641,2.44,27.777,482.79,market
2026-06-26,ADBE,2026-07-17,21,285.0,202.73,0.0,put,0.5693,78.5,86.2,82.35,2,2,-0.9919,0.55,28.895,502.22,market
2026-06-26,ADBE,2026-07-17,21,290.0,202.73,0.0,put,0.8669,85.3,91.2,88.25,84,56,-0.9456,3.5,30.431,528.92,market
2026-06-26,ADBE,2026-07-17,21,295.0,202.73,0.0,put,0.7456,90.1,95.1,92.6,21,16,-0.9768,1.5,31.39,545.59,market
2026-06-26,ADBE,2026-07-17,21,300.0,202.73,0.0,put,0.9429,95.45,101.2,98.325,209,49,-0.946,3.34,32.775,569.66,market
2026-06-26,ADBE,2026-07-17,21,305.0,202.73,0.0,put,0.9307,100.4,105.8,103.1,79,19,-0.9559,2.69,33.803,587.53,market
2026-06-26,ADBE,2026-07-17,21,310.0,202.73,0.0,put,0.7842,103.8,111.2,107.5,6,6,-0.9842,0.97,34.677,602.73,market
2026-06-26,ADBE,2026-07-17,21,315.0,202.73,0.0,put,0.8857,109.6,115.8,112.7,7,7,-0.9747,1.51,35.778,621.85,market
2026-06-26,ADBE,2026-07-17,21,320.0,202.73,0.0,put,0.9268,114.7,120.8,117.75,31,14,-0.9731,1.57,36.797,639.56,market
2026-06-26,ADBE,2026-07-17,21,325.0,202.73,0.0,put,0.7539,118.9,125.8,122.35,10,5,-0.9939,0.36,37.646,654.33,market
2026-06-26,ADBE,2026-07-17,21,330.0,202.73,0.0,put,0.7754,123.9,130.8,127.35,5,1,-0.994,0.35,38.591,670.75,market
2026-06-26,ADBE,2026-07-17,21,335.0,202.73,0.0,put,1.1001,130.45,135.8,133.125,1,4,-0.9608,2.15,39.739,690.7,market
2026-06-26,ADBE,2026-07-17,21,340.0,202.73,0.0,put,1.5064,133.0,140.8,136.9,1,0,-0.893,5.44,40.265,699.84,market
2026-06-26,ADBE,2026-07-17,21,345.0,202.73,0.0,put,0.9717,139.7,145.4,142.55,1,0,-0.9843,0.85,41.319,718.16,market
2026-06-26,ADBE,2026-07-17,21,350.0,202.73,0.0,put,1.186,145.55,150.8,148.175,30,0,-0.9614,2.01,42.336,735.84,market
2026-06-26,ADBE,2026-07-17,21,355.0,202.73,0.0,put,0.0,106.9,113.95,110.425,19,0,-1.0,0.0,31.106,540.65,market
2026-06-26,ADBE,2026-07-17,21,360.0,202.73,0.0,put,1.4626,154.3,159.5,156.9,1,3,-0.9269,3.56,43.583,757.52,market
2026-06-26,ADBE,2026-07-17,21,365.0,202.73,0.0,put,0.0,118.05,123.9,120.975,2,0,-1.0,0.0,33.144,576.07,market
2026-06-26,ADBE,2026-07-17,21,370.0,202.73,0.0,put,0.0,0.0,0.0,166.207,1,0,-1.0,0.0,44.921,780.77,bs_fallback
2026-06-26,ADBE,2026-07-17,21,375.0,202.73,0.0,put,0.0,0.0,0.0,171.193,1,0,-1.0,0.0,45.651,793.46,bs_fallback
2026-06-26,ADBE,2026-07-17,21,380.0,202.73,0.0,put,0.0,131.4,139.9,135.65,2,0,-1.0,0.0,35.697,620.45,market
2026-06-26,ADBE,2026-07-17,21,385.0,202.73,0.0,put,0.0,136.65,143.65,140.15,15,0,-1.0,0.0,36.403,632.71,market
2026-06-26,ADBE,2026-07-17,21,390.0,202.73,0.0,put,0.0,141.65,148.45,145.05,2,0,-1.0,0.0,37.192,646.44,market
2026-06-26,ADBE,2026-07-17,21,395.0,202.73,0.0,put,0.0,0.0,0.0,191.135,1,0,-1.0,0.0,48.389,841.04,bs_fallback
2026-06-26,ADBE,2026-07-17,21,400.0,202.73,0.0,put,0.0,151.85,158.9,155.375,2,0,-1.0,0.0,38.844,675.14,market
2026-06-26,ADBE,2026-07-17,21,410.0,202.73,0.0,put,0.0,111.5,124.65,118.075,2,1,-1.0,0.0,28.799,500.55,market
2026-06-26,ADBE,2026-07-17,21,425.0,202.73,0.0,put,0.0,172.75,178.5,175.625,0,0,-1.0,0.0,41.324,718.24,market
2026-06-26,ADBE,2026-07-17,21,430.0,202.73,0.0,put,1.99,222.85,231.05,226.95,2,0,-0.9083,3.53,52.779,917.35,market
2026-06-26,ADBE,2026-07-17,21,440.0,202.73,0.0,put,0.0,187.75,193.95,190.85,1,0,-1.0,0.0,43.375,753.9,market
2026-06-26,ADBE,2026-07-17,21,450.0,202.73,0.0,put,0.0,201.35,209.9,205.625,4,0,-1.0,0.0,45.694,794.21,market
2026-06-26,ADBE,2026-07-17,21,460.0,202.73,0.0,put,0.0,207.4,214.0,210.7,2,0,-1.0,0.0,45.804,796.12,market
2026-06-26,ADBE,2026-07-17,21,490.0,202.73,0.0,put,0.0,237.4,244.0,240.7,1,0,-1.0,0.0,49.122,853.79,market
2026-06-26,ADBE,2026-07-17,21,500.0,202.73,0.0,put,2.2332,292.85,300.8,296.825,6,0,-0.921,2.57,59.365,1031.82,market
2026-06-26,ADBE,2026-07-24,28,135.0,202.73,33.41,put,0.7197,0.0,0.56,0.237,500,164,-0.0154,97.5,0.176,2.29,bs_fallback
2026-06-26,ADBE,2026-07-24,28,140.0,202.73,30.94,put,0.627,0.0,0.39,0.162,1,26,-0.0125,98.06,0.116,1.51,bs_fallback
2026-06-26,ADBE,2026-07-24,28,145.0,202.73,28.48,put,0.5869,0.05,0.4,0.225,3,278,-0.0151,97.75,0.155,2.02,market
2026-06-26,ADBE,2026-07-24,28,150.0,202.73,26.01,put,0.5498,0.0,0.53,0.223,1,175,-0.0188,97.3,0.148,1.93,bs_fallback
2026-06-26,ADBE,2026-07-24,28,155.0,202.73,23.54,put,0.521,0.09,0.6,0.345,10,23,-0.0251,96.52,0.223,2.9,market
2026-06-26,ADBE,2026-07-24,28,160.0,202.73,21.08,put,0.5215,0.01,0.6,0.305,2,279,-0.0411,94.44,0.191,2.48,market
2026-06-26,ADBE,2026-07-24,28,165.0,202.73,18.61,put,0.54,0.22,1.13,0.675,4,273,-0.0698,90.78,0.409,5.33,market
2026-06-26,ADBE,2026-07-24,28,170.0,202.73,16.14,put,0.507,0.64,1.39,1.015,5,4212,-0.0883,88.71,0.597,7.78,market
2026-06-26,ADBE,2026-07-24,28,175.0,202.73,13.68,put,0.4307,0.94,1.25,1.095,7,161,-0.0926,88.6,0.626,8.16,market
2026-06-26,ADBE,2026-07-24,28,180.0,202.73,11.21,put,0.4149,1.31,1.8,1.555,21,123,-0.1302,84.39,0.864,11.26,market
2026-06-26,ADBE,2026-07-24,28,185.0,202.73,8.75,put,0.4097,2.14,2.72,2.43,54,118,-0.1848,78.34,1.314,17.12,market
2026-06-26,ADBE,2026-07-24,28,190.0,202.73,6.28,put,0.3876,3.15,3.65,3.4,21,532,-0.244,72.11,1.789,23.33,market
2026-06-26,ADBE,2026-07-24,28,195.0,202.73,3.81,put,0.3857,5.0,5.3,5.15,39,535,-0.3252,63.55,2.641,34.43,market
2026-06-26,ADBE,2026-07-24,28,200.0,202.73,1.35,put,0.3799,6.9,7.3,7.1,50,186,-0.4137,54.49,3.55,46.28,market
2026-06-26,ADBE,2026-07-24,28,205.0,202.73,0.0,put,0.3783,8.8,9.85,9.325,19,216,-0.5069,45.14,4.549,59.3,market
2026-06-26,ADBE,2026-07-24,28,210.0,202.73,0.0,put,0.4379,11.6,14.2,12.9,6,116,-0.5786,37.47,6.143,80.08,market
2026-06-26,ADBE,2026-07-24,28,215.0,202.73,0.0,put,0.4449,14.65,17.7,16.175,3,99,-0.6496,30.59,7.523,98.07,market
2026-06-26,ADBE,2026-07-24,28,220.0,202.73,0.0,put,0.4545,18.6,21.55,20.075,1,54,-0.7109,24.76,9.125,118.95,market
2026-06-26,ADBE,2026-07-24,28,225.0,202.73,0.0,put,0.453,22.6,25.45,24.025,2,116,-0.7696,19.41,10.678,139.19,market
2026-06-26,ADBE,2026-07-24,28,230.0,202.73,0.0,put,0.5929,26.85,31.95,29.4,1,45,-0.7464,20.4,12.783,166.63,market
2026-06-26,ADBE,2026-07-24,28,235.0,202.73,0.0,put,0.6177,31.45,36.45,33.95,2,68,-0.775,17.71,14.447,188.32,market
2026-06-26,ADBE,2026-07-24,28,240.0,202.73,0.0,put,0.6523,35.65,41.2,38.425,6,55,-0.7946,15.79,16.01,208.71,market
2026-06-26,ADBE,2026-07-24,28,245.0,202.73,0.0,put,0.6866,40.75,46.0,43.375,5,18,-0.8107,14.21,17.704,230.79,market
2026-06-26,ADBE,2026-07-24,28,250.0,202.73,0.0,put,0.7246,45.2,50.9,48.05,6,0,-0.8225,13.02,19.22,250.55,market
2026-06-26,ADBE,2026-07-24,28,255.0,202.73,0.0,put,0.7776,49.45,56.05,52.75,1,5,-0.8263,12.41,20.686,269.66,market
2026-06-26,ADBE,2026-07-24,28,265.0,202.73,0.0,put,0.8694,57.85,66.2,62.025,2,0,-0.8355,11.18,23.406,305.11,market
2026-06-26,ADBE,2026-07-24,28,270.0,202.73,0.0,put,0.8936,62.85,71.0,66.925,0,0,-0.8458,10.27,24.787,323.12,market
2026-06-26,ADBE,2026-07-24,28,275.0,202.73,0.0,put,0.6641,70.45,76.0,73.225,0,0,-0.9388,4.19,26.627,347.11,market
2026-06-26,ADBE,2026-07-24,28,280.0,202.73,0.0,put,0.6108,74.5,81.0,77.75,1,2,-0.9642,2.44,27.768,361.97,market
2026-06-26,ADBE,2026-07-24,28,285.0,202.73,0.0,put,0.7231,80.25,86.2,83.225,0,0,-0.9431,3.74,29.202,380.67,market
2026-06-26,ADBE,2026-07-24,28,290.0,202.73,0.0,put,0.7185,84.85,91.2,88.025,1,0,-0.9535,3.01,30.353,395.68,market
2026-06-26,ADBE,2026-07-24,28,295.0,202.73,0.0,put,0.7114,89.5,96.2,92.85,0,0,-0.9629,2.37,31.475,410.29,market
2026-06-26,ADBE,2026-07-24,28,300.0,202.73,0.0,put,0.7256,94.4,101.2,97.8,2,0,-0.9664,2.11,32.6,424.96,market
2026-06-26,ADBE,2026-07-24,28,305.0,202.73,0.0,put,1.1151,98.45,105.8,102.125,1,0,-0.8761,7.15,33.484,436.48,market
2026-06-26,ADBE,2026-07-24,28,310.0,202.73,0.0,put,1.1621,102.85,111.0,106.925,0,0,-0.8742,7.1,34.492,449.63,market
2026-06-26,ADBE,2026-07-24,28,315.0,202.73,0.0,put,1.1919,107.85,116.0,111.925,2,0,-0.8766,6.83,35.532,463.18,market
2026-06-26,ADBE,2026-07-24,28,320.0,202.73,0.0,put,1.2377,112.85,121.2,117.025,0,0,-0.8747,6.79,36.57,476.72,market
2026-06-26,ADBE,2026-07-24,28,330.0,202.73,0.0,put,1.2767,123.15,131.0,127.075,1,0,-0.883,6.13,38.508,501.97,market
2026-06-26,ADBE,2026-07-24,28,335.0,202.73,0.0,put,1.188,128.2,134.8,131.5,0,0,-0.9115,4.65,39.254,511.7,market
2026-06-26,ADBE,2026-07-24,28,350.0,202.73,0.0,put,1.3994,142.85,151.2,147.025,40,0,-0.8859,5.56,42.007,547.59,market
2026-06-26,ADBE,2026-07-24,28,355.0,202.73,0.0,put,1.0916,150.55,156.2,153.375,12,0,-0.9544,2.32,43.204,563.2,market
2026-06-26,ADBE,2026-07-24,28,360.0,202.73,0.0,put,1.4397,152.85,161.1,156.975,8,0,-0.8909,5.16,43.604,568.41,market
2026-06-26,ADBE,2026-07-31,35,135.0,202.73,33.41,put,0.6455,0.0,0.56,0.238,254,132,-0.0155,97.49,0.177,1.84,bs_fallback
2026-06-26,ADBE,2026-07-31,35,140.0,202.73,30.94,put,0.5693,0.0,0.42,0.177,4,540,-0.0134,97.93,0.127,1.32,bs_fallback
2026-06-26,ADBE,2026-07-31,35,145.0,202.73,28.48,put,0.5532,0.06,0.55,0.305,480,252,-0.0192,97.12,0.21,2.19,market
2026-06-26,ADBE,2026-07-31,35,150.0,202.73,26.01,put,0.5278,0.0,0.79,0.337,1,129,-0.0253,96.33,0.225,2.34,bs_fallback
2026-06-26,ADBE,2026-07-31,35,155.0,202.73,23.54,put,0.5054,0.11,0.94,0.525,109,188,-0.0341,95.23,0.339,3.53,market
2026-06-26,ADBE,2026-07-31,35,160.0,202.73,21.08,put,0.4761,0.45,0.65,0.55,15,41,-0.0435,94.11,0.344,3.58,market
2026-06-26,ADBE,2026-07-31,35,165.0,202.73,18.61,put,0.5109,0.62,1.38,1.0,69,128,-0.0791,89.49,0.606,6.32,market
2026-06-26,ADBE,2026-07-31,35,170.0,202.73,16.14,put,0.4596,0.87,1.44,1.155,1071,57,-0.0898,88.49,0.679,7.09,market
2026-06-26,ADBE,2026-07-31,35,175.0,202.73,13.68,put,0.4531,1.28,2.09,1.685,533,171,-0.1245,84.43,0.963,10.04,market
2026-06-26,ADBE,2026-07-31,35,180.0,202.73,11.21,put,0.4642,1.93,3.25,2.59,21,273,-0.1755,78.49,1.439,15.01,market
2026-06-26,ADBE,2026-07-31,35,185.0,202.73,8.75,put,0.4391,2.76,4.05,3.405,7,99,-0.2188,73.9,1.841,19.19,market
2026-06-26,ADBE,2026-07-31,35,190.0,202.73,6.28,put,0.4482,3.95,5.8,4.875,14,433,-0.2839,66.73,2.566,26.76,market
2026-06-26,ADBE,2026-07-31,35,195.0,202.73,3.81,put,0.4371,5.55,7.45,6.5,24,76,-0.3482,60.06,3.333,34.76,market
2026-06-26,ADBE,2026-07-31,35,200.0,202.73,1.35,put,0.4488,7.45,10.0,8.725,11,284,-0.4201,52.49,4.362,45.49,market
2026-06-26,ADBE,2026-07-31,35,205.0,202.73,0.0,put,0.4498,9.95,12.65,11.3,19,209,-0.4904,45.42,5.512,57.48,market
2026-06-26,ADBE,2026-07-31,35,210.0,202.73,0.0,put,0.4393,12.15,15.35,13.75,2,61,-0.5619,38.52,6.548,68.28,market
2026-06-26,ADBE,2026-07-31,35,215.0,202.73,0.0,put,0.45,15.75,18.9,17.325,2,89,-0.6246,32.38,8.058,84.03,market
2026-06-26,ADBE,2026-07-31,35,220.0,202.73,0.0,put,0.4579,19.2,22.65,20.925,1,51,-0.6815,26.97,9.511,99.19,market
2026-06-26,ADBE,2026-07-31,35,225.0,202.73,0.0,put,0.4667,23.35,26.65,25.0,2,13,-0.731,22.35,11.111,115.87,market
2026-06-26,ADBE,2026-07-31,35,230.0,202.73,0.0,put,0.4088,27.35,29.65,28.5,2,14,-0.8148,15.33,12.391,129.22,market
2026-06-26,ADBE,2026-07-31,35,235.0,202.73,0.0,put,0.5138,31.75,35.7,33.725,2,8,-0.7935,16.41,14.351,149.66,market
2026-06-26,ADBE,2026-07-31,35,240.0,202.73,0.0,put,0.5964,35.85,41.4,38.625,1,6,-0.7868,16.35,16.094,167.83,market
2026-06-26,ADBE,2026-07-31,35,245.0,202.73,0.0,put,0.6249,41.05,46.15,43.6,3,3,-0.8043,14.67,17.796,185.59,market
2026-06-26,ADBE,2026-07-31,35,250.0,202.73,0.0,put,0.5866,45.4,49.9,47.65,0,0,-0.8501,11.16,19.06,198.77,market
2026-06-26,ADBE,2026-07-31,35,255.0,202.73,0.0,put,0.6887,50.25,55.9,53.075,1,0,-0.828,12.31,20.814,217.06,market
2026-06-26,ADBE,2026-07-31,35,260.0,202.73,0.0,put,0.7224,53.4,60.85,57.125,64,0,-0.8362,11.46,21.971,229.13,market
2026-06-26,ADBE,2026-07-31,35,265.0,202.73,0.0,put,0.7803,58.15,66.2,62.175,0,0,-0.8335,11.32,23.462,244.68,market
2026-06-26,ADBE,2026-07-31,35,275.0,202.73,0.0,put,0.8486,67.85,76.2,72.025,2,0,-0.8439,10.14,26.191,273.13,market
2026-06-26,ADBE,2026-07-31,35,285.0,202.73,0.0,put,0.5774,79.45,86.1,82.775,1,0,-0.9632,2.46,29.044,302.89,market
2026-06-26,ADBE,2026-07-31,35,290.0,202.73,0.0,put,0.9152,83.5,90.8,87.15,0,0,-0.8654,8.26,30.052,313.4,market
2026-06-26,ADBE,2026-07-31,35,295.0,202.73,0.0,put,0.6387,89.5,96.2,92.85,0,0,-0.9619,2.43,31.475,328.23,market
2026-06-26,ADBE,2026-07-31,35,300.0,202.73,0.0,put,0.6707,94.6,101.2,97.9,0,0,-0.9608,2.45,32.633,340.32,market
2026-06-26,ADBE,2026-07-31,35,310.0,202.73,0.0,put,1.0431,102.85,111.0,106.925,1,0,-0.8725,7.19,34.492,359.7,market
2026-06-26,NFLX,2026-07-17,21,5.0,73.81,93.23,put,4.1875,0.0,0.05,0.019,10,21800,-0.0007,98.54,0.388,6.75,bs_fallback
2026-06-26,NFLX,2026-07-17,21,10.0,73.81,86.45,put,3.7656,0.0,0.25,0.105,1,500,-0.0038,96.12,1.053,18.3,bs_fallback
2026-06-26,NFLX,2026-07-17,21,15.0,73.81,79.68,put,3.0,0.0,0.25,0.105,1,1,-0.005,96.85,0.702,12.19,bs_fallback
2026-06-26,NFLX,2026-07-17,21,17.5,73.81,76.29,put,3.4219,0.0,1.0,0.439,0,1,-0.0151,91.1,2.51,43.62,bs_fallback
2026-06-26,NFLX,2026-07-17,21,20.0,73.81,72.9,put,3.1094,0.0,0.99,0.434,1,2,-0.0167,91.65,2.17,37.72,bs_fallback
2026-06-26,NFLX,2026-07-17,21,30.0,73.81,59.36,put,2.209,0.0,1.0,0.439,5,6,-0.0244,92.5,1.462,25.41,bs_fallback
2026-06-26,NFLX,2026-07-17,21,35.0,73.81,52.58,put,1.125,0.01,0.02,0.015,32,91,-0.0018,99.59,0.043,0.74,market
2026-06-26,NFLX,2026-07-17,21,40.0,73.81,45.81,put,1.0938,0.01,0.1,0.055,235,280,-0.0066,98.66,0.137,2.39,market
2026-06-26,NFLX,2026-07-17,21,45.0,73.81,39.03,put,1.0332,0.02,0.26,0.14,101,5282,-0.0165,97.02,0.311,5.41,market
2026-06-26,NFLX,2026-07-17,21,50.0,73.81,32.26,put,0.7734,0.07,0.1,0.085,86,710,-0.0136,97.84,0.17,2.95,market
2026-06-26,NFLX,2026-07-17,21,55.0,73.81,25.48,put,0.5996,0.01,0.15,0.08,344,1911,-0.0163,97.69,0.145,2.53,market
2026-06-26,NFLX,2026-07-17,21,60.0,73.81,18.71,put,0.5215,0.11,0.27,0.19,3493,16939,-0.0408,94.7,0.317,5.5,market
2026-06-26,NFLX,2026-07-17,21,65.0,73.81,11.94,put,0.501,0.5,0.83,0.665,869,8372,-0.1268,84.65,1.023,17.78,market
2026-06-26,NFLX,2026-07-17,21,70.0,73.81,5.16,put,0.4834,1.75,1.83,1.79,1012,24192,-0.2946,66.42,2.557,44.45,market
2026-06-26,NFLX,2026-07-17,21,75.0,73.81,0.0,put,0.5046,3.95,4.3,4.125,940,57086,-0.5191,43.29,5.5,95.6,market
2026-06-26,NFLX,2026-07-17,21,80.0,73.81,0.0,put,0.5181,7.35,7.75,7.55,802,46865,-0.7132,24.6,9.438,164.03,market
2026-06-26,NFLX,2026-07-17,21,85.0,73.81,0.0,put,0.5488,11.45,12.0,11.725,451,16718,-0.8376,13.22,13.794,239.75,market
2026-06-26,NFLX,2026-07-17,21,90.0,73.81,0.0,put,0.605,15.95,16.7,16.325,437,19235,-0.8987,7.79,18.139,315.27,market
2026-06-26,NFLX,2026-07-17,21,95.0,73.81,0.0,put,0.665,20.65,21.55,21.1,132,7883,-0.9311,5.01,22.211,386.04,market
2026-06-26,NFLX,2026-07-17,21,100.0,73.81,0.0,put,0.7178,24.75,28.15,26.45,42,937,-0.9516,3.34,26.45,459.73,market
2026-06-26,NFLX,2026-07-17,21,105.0,73.81,0.0,put,0.7422,29.55,33.15,31.35,1,105,-0.9696,2.0,29.857,518.95,market
2026-06-26,NFLX,2026-07-17,21,110.0,73.81,0.0,put,1.292,34.35,37.6,35.975,1,55,-0.8693,7.59,32.705,568.44,market
2026-06-26,NFLX,2026-07-17,21,115.0,73.81,0.0,put,0.6406,39.15,43.25,41.2,2,0,-0.9974,0.16,35.826,622.69,market
2026-06-26,NFLX,2026-07-17,21,120.0,73.81,0.0,put,1.0713,44.75,48.25,46.5,48,10,-0.9601,2.23,38.75,673.51,market
2026-06-26,NFLX,2026-07-17,21,125.0,73.81,0.0,put,0.8477,49.2,53.25,51.225,69,0,-0.9933,0.37,40.98,712.27,market
2026-06-26,NFLX,2026-07-17,21,130.0,73.81,0.0,put,1.7861,54.2,58.15,56.175,2,0,-0.8644,6.32,43.212,751.06,market
2026-06-26,NFLX,2026-07-17,21,135.0,73.81,0.0,put,0.0,37.1,39.1,38.1,1,0,-1.0,0.0,28.222,490.53,market
2026-06-26,NFLX,2026-07-17,21,140.0,73.81,0.0,put,0.0,50.95,55.0,52.975,4,0,-1.0,0.0,37.839,657.68,market
2026-06-26,NFLX,2026-07-17,21,145.0,73.81,0.0,put,0.0,60.35,64.3,62.325,2,0,-1.0,0.0,42.983,747.08,market
2026-06-26,NFLX,2026-07-17,21,150.0,73.81,0.0,put,0.0,65.35,69.3,67.325,12,0,-1.0,0.0,44.883,780.12,market
2026-06-26,NFLX,2026-07-24,28,50.0,73.81,32.26,put,0.6797,0.07,0.11,0.09,11,136,-0.0145,97.7,0.18,2.35,market
2026-06-26,NFLX,2026-07-24,28,60.0,73.81,18.71,put,0.5098,0.29,0.35,0.32,42,288,-0.0588,92.27,0.533,6.95,market
2026-06-26,NFLX,2026-07-24,28,65.0,73.81,11.94,put,0.4673,0.76,0.81,0.785,58,994,-0.1409,82.82,1.208,15.74,market
2026-06-26,NFLX,2026-07-24,28,66.0,73.81,10.58,put,0.4614,0.93,0.98,0.955,67,436,-0.1663,79.99,1.447,18.86,market
2026-06-26,NFLX,2026-07-24,28,67.0,73.81,9.23,put,0.4878,1.13,1.37,1.25,79,386,-0.2083,75.09,1.866,24.32,market
2026-06-26,NFLX,2026-07-24,28,68.0,73.81,7.87,put,0.4587,1.38,1.46,1.42,262,321,-0.23,72.97,2.088,27.22,market
2026-06-26,NFLX,2026-07-24,28,69.0,73.81,6.52,put,0.4568,1.66,1.75,1.705,65,140,-0.2656,69.14,2.471,32.21,market
2026-06-26,NFLX,2026-07-24,28,70.0,73.81,5.16,put,0.4563,2.0,2.09,2.045,173,1471,-0.304,65.04,2.921,38.08,market
2026-06-26,NFLX,2026-07-24,28,71.0,73.81,3.81,put,0.4556,2.37,2.47,2.42,276,393,-0.3442,60.83,3.408,44.43,market
2026-06-26,NFLX,2026-07-24,28,72.0,73.81,2.45,put,0.4561,2.8,2.9,2.85,157,457,-0.3859,56.5,3.958,51.6,market
2026-06-26,NFLX,2026-07-24,28,73.0,73.81,1.1,put,0.4597,3.25,3.4,3.325,53,442,-0.4284,52.12,4.555,59.38,market
2026-06-26,NFLX,2026-07-24,28,74.0,73.81,0.0,put,0.4702,3.75,4.0,3.875,80,317,-0.4702,47.79,5.236,68.26,market
2026-06-26,NFLX,2026-07-24,28,75.0,73.81,0.0,put,0.4636,4.25,4.5,4.375,63,1671,-0.5122,43.69,5.833,76.04,market
2026-06-26,NFLX,2026-07-24,28,76.0,73.81,0.0,put,0.5129,4.8,5.5,5.15,85,285,-0.5429,40.14,6.776,88.33,market
2026-06-26,NFLX,2026-07-24,28,77.0,73.81,0.0,put,0.5347,5.25,6.3,5.775,176,1300,-0.5737,36.92,7.5,97.77,market
2026-06-26,NFLX,2026-07-24,28,78.0,73.81,0.0,put,0.5403,5.75,7.0,6.375,169,348,-0.6059,33.79,8.173,106.54,market
2026-06-26,NFLX,2026-07-24,28,79.0,73.81,0.0,put,0.49,6.2,7.3,6.75,125,108,-0.6571,29.45,8.544,111.38,market
2026-06-26,NFLX,2026-07-24,28,80.0,73.81,0.0,put,0.5203,7.15,8.25,7.7,148,378,-0.6773,27.28,9.625,125.47,market
2026-06-26,NFLX,2026-07-24,28,81.0,73.81,0.0,put,0.5557,7.75,9.25,8.5,24,658,-0.6922,25.59,10.494,136.79,market
2026-06-26,NFLX,2026-07-24,28,82.0,73.81,0.0,put,0.561,8.5,10.05,9.275,11,168,-0.7173,23.26,11.311,147.45,market
2026-06-26,NFLX,2026-07-24,28,83.0,73.81,0.0,put,0.571,9.35,10.9,10.125,7,547,-0.7385,21.28,12.199,159.02,market
2026-06-26,NFLX,2026-07-24,28,84.0,73.81,0.0,put,0.6016,9.1,11.9,10.5,205,291,-0.7485,20.14,12.5,162.95,market
2026-06-26,NFLX,2026-07-24,28,85.0,73.81,0.0,put,0.542,11.2,12.35,11.775,3,261,-0.7995,16.11,13.853,180.58,market
2026-06-26,NFLX,2026-07-24,28,86.0,73.81,0.0,put,0.7358,11.3,14.4,12.85,6,184,-0.7354,20.24,14.942,194.78,market
2026-06-26,NFLX,2026-07-24,28,87.0,73.81,0.0,put,0.688,12.35,14.9,13.625,5,56,-0.7726,17.41,15.661,204.15,market
2026-06-26,NFLX,2026-07-24,28,88.0,73.81,0.0,put,0.5024,13.5,16.05,14.775,1,175,-0.8783,9.58,16.79,218.87,market
2026-06-26,NFLX,2026-07-24,28,89.0,73.81,0.0,put,0.708,13.45,16.7,15.075,1,178,-0.7986,15.08,16.938,220.8,market
2026-06-26,NFLX,2026-07-24,28,90.0,73.81,0.0,put,0.5137,14.95,18.35,16.65,2,69,-0.9025,7.52,18.5,241.16,market
2026-06-26,NFLX,2026-07-24,28,91.0,73.81,0.0,put,0.5615,16.2,19.3,17.75,77,166,-0.8932,8.09,19.505,254.27,market
2026-06-26,NFLX,2026-07-24,28,92.0,73.81,0.0,put,0.8835,16.35,20.3,18.325,4,47,-0.777,15.7,19.918,259.65,market
2026-06-26,NFLX,2026-07-24,28,93.0,73.81,0.0,put,0.9084,17.3,21.3,19.3,4,23,-0.7816,15.17,20.753,270.53,market
2026-06-26,NFLX,2026-07-24,28,94.0,73.81,0.0,put,0.9246,18.3,22.25,20.275,17,30,-0.7885,14.52,21.569,281.17,market
2026-06-26,NFLX,2026-07-24,28,95.0,73.81,0.0,put,0.9482,19.25,23.25,21.25,1,73,-0.7925,14.06,22.368,291.59,market
2026-06-26,NFLX,2026-07-24,28,100.0,73.81,0.0,put,1.0518,24.2,28.2,26.2,61,0,-0.8116,12.0,26.2,341.54,market
2026-06-26,NFLX,2026-07-24,28,105.0,73.81,0.0,put,1.1538,29.2,33.2,31.2,15,0,-0.8241,10.55,29.714,387.35,market
2026-06-26,NFLX,2026-07-31,35,45.0,73.81,39.03,put,0.7188,0.04,0.09,0.065,3,19,-0.0092,98.36,0.144,1.51,market
2026-06-26,NFLX,2026-07-31,35,50.0,73.81,32.26,put,0.625,0.08,0.13,0.105,1,63,-0.0164,97.38,0.21,2.19,market
2026-06-26,NFLX,2026-07-31,35,60.0,73.81,18.71,put,0.4863,0.35,0.41,0.38,224,514,-0.0691,90.86,0.633,6.6,market
2026-06-26,NFLX,2026-07-31,35,65.0,73.81,11.94,put,0.4426,0.89,0.94,0.915,410,17678,-0.1513,81.43,1.408,14.68,market
2026-06-26,NFLX,2026-07-31,35,66.0,73.81,10.58,put,0.4434,1.08,1.16,1.12,43,480,-0.1793,78.26,1.697,17.7,market
2026-06-26,NFLX,2026-07-31,35,67.0,73.81,9.23,put,0.4392,1.29,1.38,1.335,220,507,-0.2075,75.14,1.993,20.78,market
2026-06-26,NFLX,2026-07-31,35,68.0,73.81,7.87,put,0.4363,1.55,1.64,1.595,49,206,-0.2389,71.73,2.346,24.46,market
2026-06-26,NFLX,2026-07-31,35,69.0,73.81,6.52,put,0.4343,1.84,1.94,1.89,11,155,-0.2729,68.06,2.739,28.57,market
2026-06-26,NFLX,2026-07-31,35,70.0,73.81,5.16,put,0.4324,2.18,2.28,2.23,195,582,-0.309,64.23,3.186,33.22,market
2026-06-26,NFLX,2026-07-31,35,71.0,73.81,3.81,put,0.4321,2.57,2.67,2.62,88,404,-0.3472,60.22,3.69,38.48,market
2026-06-26,NFLX,2026-07-31,35,72.0,73.81,2.45,put,0.4316,3.0,3.1,3.05,238,453,-0.3865,56.15,4.236,44.18,market
2026-06-26,NFLX,2026-07-31,35,73.0,73.81,1.1,put,0.4343,3.45,3.6,3.525,101,746,-0.4266,52.01,4.829,50.36,market
2026-06-26,NFLX,2026-07-31,35,74.0,73.81,0.0,put,0.4382,3.95,4.15,4.05,53,196,-0.4664,47.95,5.473,57.08,market
2026-06-26,NFLX,2026-07-31,35,75.0,73.81,0.0,put,0.4431,4.45,4.75,4.6,183,485,-0.5052,44.03,6.133,63.96,market
2026-06-26,NFLX,2026-07-31,35,76.0,73.81,0.0,put,0.4387,4.7,5.3,5.0,5,121,-0.5446,40.21,6.579,68.61,market
2026-06-26,NFLX,2026-07-31,35,77.0,73.81,0.0,put,0.5183,5.45,6.65,6.05,10,80,-0.561,37.68,7.857,81.94,market
2026-06-26,NFLX,2026-07-31,35,78.0,73.81,0.0,put,0.5186,6.0,7.3,6.65,8,166,-0.5924,34.67,8.526,88.91,market
2026-06-26,NFLX,2026-07-31,35,79.0,73.81,0.0,put,0.5212,6.85,8.0,7.425,9,104,-0.6219,31.85,9.399,98.02,market
2026-06-26,NFLX,2026-07-31,35,80.0,73.81,0.0,put,0.5266,7.3,8.75,8.025,29,555,-0.6491,29.25,10.031,104.61,market
2026-06-26,NFLX,2026-07-31,35,81.0,73.81,0.0,put,0.5352,7.8,9.55,8.675,5,138,-0.6733,26.93,10.71,111.69,market
2026-06-26,NFLX,2026-07-31,35,82.0,73.81,0.0,put,0.5415,8.5,10.35,9.425,1,104,-0.6968,24.74,11.494,119.86,market
2026-06-26,NFLX,2026-07-31,35,83.0,73.81,0.0,put,0.5454,9.4,11.15,10.275,40,709,-0.7197,22.64,12.38,129.1,market
2026-06-26,NFLX,2026-07-31,35,84.0,73.81,0.0,put,0.5535,10.15,12.0,11.075,2,87,-0.7392,20.83,13.185,137.5,market
2026-06-26,NFLX,2026-07-31,35,85.0,73.81,0.0,put,0.6594,10.7,13.6,12.15,8,301,-0.7142,22.07,14.294,149.07,market
2026-06-26,NFLX,2026-07-31,35,86.0,73.81,0.0,put,0.7061,11.4,14.75,13.075,10,46,-0.7149,21.58,15.203,158.55,market
2026-06-26,NFLX,2026-07-31,35,87.0,73.81,0.0,put,0.6865,12.5,15.4,13.95,10,1654,-0.7404,19.57,16.034,167.22,market
2026-06-26,NFLX,2026-07-31,35,88.0,73.81,0.0,put,0.7322,13.2,16.55,14.875,3,97,-0.7393,19.28,16.903,176.28,market
2026-06-26,NFLX,2026-07-31,35,89.0,73.81,0.0,put,0.5217,14.6,17.45,16.025,2,12,-0.8527,11.32,18.006,187.77,market
2026-06-26,NFLX,2026-07-31,35,90.0,73.81,0.0,put,0.584,14.95,17.25,16.1,2,68,-0.8364,12.29,17.889,186.56,market
2026-06-26,NFLX,2026-07-31,35,92.0,73.81,0.0,put,0.8003,16.35,20.35,18.35,1,6,-0.7721,16.02,19.946,208.0,market
2026-06-26,NFLX,2026-07-31,35,93.0,73.81,0.0,put,0.8228,17.35,21.35,19.35,3,37,-0.7766,15.49,20.806,216.98,market
2026-06-26,NFLX,2026-07-31,35,94.0,73.81,0.0,put,0.8374,18.3,22.3,20.3,1,1,-0.7836,14.83,21.596,225.21,market
2026-06-26,NFLX,2026-07-31,35,95.0,73.81,0.0,put,0.8438,19.5,23.2,21.35,1,31,-0.793,14.05,22.474,234.37,market
2026-06-26,NFLX,2026-07-31,35,100.0,73.81,0.0,put,0.9438,24.2,28.2,26.2,21,0,-0.8096,12.13,26.2,273.23,market
2026-06-26,NFLX,2026-07-31,35,105.0,73.81,0.0,put,1.0356,29.2,33.2,31.2,1,0,-0.8222,10.67,29.714,309.88,market
2026-06-26,PYPL,2026-07-17,21,22.5,44.29,49.2,put,1.457,0.0,0.25,0.107,1,270,-0.017,96.17,0.474,8.24,bs_fallback
2026-06-26,PYPL,2026-07-17,21,25.0,44.29,43.55,put,1.4297,0.0,0.5,0.218,1,35,-0.0323,93.38,0.874,15.19,bs_fallback
2026-06-26,PYPL,2026-07-17,21,27.5,44.29,37.91,put,0.7813,0.0,0.03,0.011,5,110,-0.004,99.31,0.039,0.69,bs_fallback
2026-06-26,PYPL,2026-07-17,21,30.0,44.29,32.26,put,0.6563,0.0,0.03,0.012,10,7760,-0.0051,99.21,0.039,0.68,bs_fallback
2026-06-26,PYPL,2026-07-17,21,32.5,44.29,26.62,put,0.5078,0.0,0.02,0.008,2,4303,-0.0043,99.39,0.023,0.4,bs_fallback
2026-06-26,PYPL,2026-07-17,21,35.0,44.29,20.98,put,0.5,0.01,0.05,0.03,17,7641,-0.0203,97.3,0.086,1.49,market
2026-06-26,PYPL,2026-07-17,21,37.5,44.29,15.33,put,0.3711,0.04,0.05,0.045,38,5412,-0.0258,96.84,0.12,2.09,market
2026-06-26,PYPL,2026-07-17,21,40.0,44.29,9.69,put,0.3359,0.17,0.18,0.175,755,13266,-0.0901,89.61,0.437,7.6,market
2026-06-26,PYPL,2026-07-17,21,42.5,44.29,4.04,put,0.3208,0.59,0.65,0.62,111,5304,-0.2703,70.37,1.459,25.36,market
2026-06-26,PYPL,2026-07-17,21,45.0,44.29,0.0,put,0.3149,1.66,1.76,1.71,133,6532,-0.5536,41.68,3.8,66.05,market
2026-06-26,PYPL,2026-07-17,21,47.5,44.29,0.0,put,0.3589,3.4,3.7,3.55,129,3083,-0.7692,20.54,7.474,129.9,market
2026-06-26,PYPL,2026-07-17,21,50.0,44.29,0.0,put,0.3477,5.6,5.85,5.725,126,2398,-0.9159,7.2,11.45,199.01,market
2026-06-26,PYPL,2026-07-17,21,52.5,44.29,0.0,put,0.8984,7.15,9.55,8.35,1,51,-0.7479,18.85,15.905,276.44,market
2026-06-26,PYPL,2026-07-17,21,55.0,44.29,0.0,put,0.8301,9.15,11.45,10.3,1,20,-0.8349,12.04,18.727,325.5,market
2026-06-26,PYPL,2026-07-17,21,57.5,44.29,0.0,put,0.8086,12.05,15.25,13.65,2,0,-0.8914,7.67,23.739,412.61,market
2026-06-26,PYPL,2026-07-17,21,60.0,44.29,0.0,put,0.9717,14.85,17.75,16.3,4,0,-0.8797,7.98,27.167,472.18,market
2026-06-26,PYPL,2026-07-17,21,62.5,44.29,0.0,put,0.8613,16.65,20.25,18.45,2,0,-0.9394,3.95,29.52,513.09,market
2026-06-26,PYPL,2026-07-17,21,65.0,44.29,0.0,put,0.9717,19.25,22.75,21.0,1,2,-0.9354,4.0,32.308,561.54,market
2026-06-26,PYPL,2026-07-17,21,67.5,44.29,0.0,put,1.0049,21.65,25.25,23.45,2,6,-0.9469,3.17,34.741,603.83,market
2026-06-26,PYPL,2026-07-17,21,70.0,44.29,0.0,put,1.0703,24.15,27.75,25.95,1,0,-0.9498,2.87,37.071,644.34,market
2026-06-26,PYPL,2026-07-17,21,75.0,44.29,0.0,put,1.7666,29.15,32.05,30.6,2,0,-0.8472,7.38,40.8,709.14,market
2026-06-26,PYPL,2026-07-17,21,80.0,44.29,0.0,put,1.9043,34.15,37.05,35.6,2,0,-0.8554,6.47,44.5,773.45,market
2026-06-26,PYPL,2026-07-17,21,85.0,44.29,0.0,put,2.0303,39.15,42.05,40.6,8,0,-0.862,5.75,47.765,830.2,market
2026-06-26,PYPL,2026-07-17,21,90.0,44.29,0.0,put,2.207,43.3,47.2,45.25,1,0,-0.8575,5.5,50.278,873.88,market
2026-06-26,PYPL,2026-07-24,28,30.0,44.29,32.26,put,1.2598,0.0,1.77,0.817,5,5,-0.0965,82.97,2.722,35.48,bs_fallback
2026-06-26,PYPL,2026-07-24,28,35.0,44.29,20.98,put,0.502,0.0,0.11,0.095,21,27,-0.0367,95.07,0.271,3.53,bs_fallback
2026-06-26,PYPL,2026-07-24,28,36.0,44.29,18.72,put,0.4746,0.02,0.14,0.08,6,27,-0.0473,93.82,0.222,2.9,market
2026-06-26,PYPL,2026-07-24,28,37.0,44.29,16.46,put,0.4238,0.02,0.14,0.08,2,96,-0.0523,93.4,0.216,2.82,market
2026-06-26,PYPL,2026-07-24,28,38.0,44.29,14.2,put,0.4131,0.05,0.21,0.13,3,152,-0.0764,90.58,0.342,4.46,market
2026-06-26,PYPL,2026-07-24,28,39.0,44.29,11.94,put,0.3945,0.11,0.29,0.2,114,554,-0.105,87.38,0.513,6.68,market
2026-06-26,PYPL,2026-07-24,28,40.0,44.29,9.69,put,0.3828,0.25,0.42,0.335,27,1824,-0.1468,82.74,0.838,10.92,market
2026-06-26,PYPL,2026-07-24,28,41.0,44.29,7.43,put,0.3774,0.37,0.62,0.495,76,467,-0.204,76.51,1.207,15.74,market
2026-06-26,PYPL,2026-07-24,28,42.0,44.29,5.17,put,0.3472,0.59,0.78,0.685,76,146,-0.2611,70.68,1.631,21.26,market
2026-06-26,PYPL,2026-07-24,28,43.0,44.29,2.91,put,0.3608,0.89,1.2,1.045,22,244,-0.3505,61.19,2.43,31.68,market
2026-06-26,PYPL,2026-07-24,28,44.0,44.29,0.65,put,0.3589,1.1,1.64,1.37,15,678,-0.4387,52.19,3.114,40.59,market
2026-06-26,PYPL,2026-07-24,28,45.0,44.29,0.0,put,0.3491,1.62,2.13,1.875,6,58,-0.5305,43.13,4.167,54.32,market
2026-06-26,PYPL,2026-07-24,28,46.0,44.29,0.0,put,0.3543,2.26,2.78,2.52,1,6,-0.6171,34.6,5.478,71.41,market
2026-06-26,PYPL,2026-07-24,28,47.0,44.29,0.0,put,0.3696,3.05,3.55,3.3,2,4,-0.6884,27.63,7.021,91.53,market
2026-06-26,PYPL,2026-07-24,28,48.0,44.29,0.0,put,0.3784,3.8,4.35,4.075,1,16,-0.7513,21.67,8.49,110.67,market
2026-06-26,PYPL,2026-07-24,28,49.0,44.29,0.0,put,0.4028,4.65,5.25,4.95,1,17,-0.7926,17.69,10.102,131.69,market
2026-06-26,PYPL,2026-07-24,28,50.0,44.29,0.0,put,0.4194,5.6,6.15,5.875,19,52,-0.8296,14.26,11.75,153.17,market
2026-06-26,PYPL,2026-07-24,28,52.0,44.29,0.0,put,0.4668,7.4,8.05,7.725,1,0,-0.8743,10.09,14.856,193.66,market
2026-06-26,PYPL,2026-07-24,28,53.0,44.29,0.0,put,0.9849,7.15,10.8,8.975,1,0,-0.6942,21.76,16.934,220.75,market
2026-06-26,PYPL,2026-07-24,28,55.0,44.29,0.0,put,0.5293,9.15,12.75,10.95,10,0,-0.9159,6.37,19.909,259.53,market
2026-06-26,PYPL,2026-07-24,28,60.0,44.29,0.0,put,0.6816,14.15,17.75,15.95,2,0,-0.9323,4.63,26.583,346.53,market
2026-06-26,PYPL,2026-07-24,28,65.0,44.29,0.0,put,0.8145,19.15,22.75,20.95,0,0,-0.9419,3.62,32.231,420.15,market
2026-06-26,PYPL,2026-07-31,35,25.0,44.29,43.55,put,1.6182,0.0,2.16,1.01,2,6,-0.0805,81.6,4.04,42.13,bs_fallback
2026-06-26,PYPL,2026-07-31,35,30.0,44.29,32.26,put,1.2109,0.0,2.18,1.017,3,5,-0.1076,80.63,3.39,35.35,bs_fallback
2026-06-26,PYPL,2026-07-31,35,32.0,44.29,27.75,put,0.5879,0.02,0.2,0.11,3,14,-0.0285,95.73,0.344,3.58,market
2026-06-26,PYPL,2026-07-31,35,34.0,44.29,23.23,put,0.5117,0.05,0.21,0.13,3,8,-0.0377,94.73,0.382,3.99,market
2026-06-26,PYPL,2026-07-31,35,35.0,44.29,20.98,put,0.5059,0.07,0.19,0.13,3,17,-0.0535,92.72,0.371,3.87,market
2026-06-26,PYPL,2026-07-31,35,36.0,44.29,18.72,put,0.5215,0.19,0.32,0.255,7,27,-0.0817,89.11,0.708,7.39,market
2026-06-26,PYPL,2026-07-31,35,37.0,44.29,16.46,put,0.5156,0.24,0.44,0.34,10,82,-0.1082,85.92,0.919,9.58,market
2026-06-26,PYPL,2026-07-31,35,38.0,44.29,14.2,put,0.5479,0.27,0.72,0.495,14,103,-0.1548,80.13,1.303,13.58,market
2026-06-26,PYPL,2026-07-31,35,39.0,44.29,11.94,put,0.4619,0.5,0.63,0.565,29,1508,-0.16,80.27,1.449,15.11,market
2026-06-26,PYPL,2026-07-31,35,40.0,44.29,9.69,put,0.4575,0.72,0.85,0.785,84,691,-0.205,75.24,1.962,20.47,market
2026-06-26,PYPL,2026-07-31,35,41.0,44.29,7.43,put,0.4873,0.95,1.28,1.115,30,151,-0.268,68.0,2.72,28.36,market
2026-06-26,PYPL,2026-07-31,35,42.0,44.29,5.17,put,0.4648,1.28,1.53,1.405,38,396,-0.3177,62.94,3.345,34.89,market
2026-06-26,PYPL,2026-07-31,35,43.0,44.29,2.91,put,0.4507,1.69,1.87,1.78,23,154,-0.376,57.0,4.14,43.17,market
2026-06-26,PYPL,2026-07-31,35,44.0,44.29,0.65,put,0.4419,2.13,2.3,2.215,10,113,-0.4398,50.58,5.034,52.5,market
2026-06-26,PYPL,2026-07-31,35,45.0,44.29,0.0,put,0.4707,2.56,3.0,2.78,1,178,-0.5013,44.07,6.178,64.43,market
2026-06-26,PYPL,2026-07-31,35,46.0,44.29,0.0,put,0.4795,3.15,3.65,3.4,10,13,-0.5591,38.32,7.391,77.08,market
2026-06-26,PYPL,2026-07-31,35,47.0,44.29,0.0,put,0.4788,3.85,4.3,4.075,2,11,-0.6157,32.91,8.67,90.42,market
2026-06-26,PYPL,2026-07-31,35,48.0,44.29,0.0,put,0.4775,4.5,5.0,4.75,1,4,-0.6692,27.91,9.896,103.2,market
2026-06-26,PYPL,2026-07-31,35,49.0,44.29,0.0,put,0.488,5.25,5.8,5.525,0,1,-0.7127,23.81,11.276,117.59,market
2026-06-26,PYPL,2026-07-31,35,50.0,44.29,0.0,put,0.502,6.0,6.65,6.325,11,7,-0.7491,20.41,12.65,131.92,market
2026-06-26,PYPL,2026-07-31,35,51.0,44.29,0.0,put,0.5225,6.9,7.55,7.225,1,1,-0.7768,17.8,14.167,147.74,market
2026-06-26,PYPL,2026-07-31,35,55.0,44.29,0.0,put,0.5723,10.45,11.2,10.825,0,0,-0.8657,9.96,19.682,205.25,market
2026-06-26,PYPL,2026-07-31,35,60.0,44.29,0.0,put,0.6113,14.15,17.75,15.95,0,0,-0.9311,4.72,26.583,277.23,market
2026-06-26,SHOP,2026-07-17,21,55.0,116.86,52.94,put,1.6914,0.0,0.9,0.387,1,1936,-0.0193,95.17,0.704,12.23,bs_fallback
2026-06-26,SHOP,2026-07-17,21,60.0,116.86,48.66,put,1.1563,0.01,0.14,0.075,93,1307,-0.0053,98.86,0.125,2.17,market
2026-06-26,SHOP,2026-07-17,21,65.0,116.86,44.38,put,0.9219,0.01,0.05,0.03,61,116,-0.0027,99.47,0.046,0.8,market
2026-06-26,SHOP,2026-07-17,21,70.0,116.86,40.1,put,0.9336,0.03,0.15,0.09,23,215,-0.0079,98.57,0.129,2.23,market
2026-06-26,SHOP,2026-07-17,21,75.0,116.86,35.82,put,0.9961,0.0,0.63,0.267,1156,466,-0.0234,95.98,0.355,6.18,bs_fallback
2026-06-26,SHOP,2026-07-17,21,80.0,116.86,31.54,put,0.8887,0.1,0.6,0.35,356,6131,-0.0289,95.4,0.437,7.6,market
2026-06-26,SHOP,2026-07-17,21,85.0,116.86,27.26,put,0.7837,0.13,0.65,0.39,65,19060,-0.0357,94.68,0.459,7.97,market
2026-06-26,SHOP,2026-07-17,21,90.0,116.86,22.98,put,0.7041,0.25,0.76,0.505,85,8412,-0.0497,93.04,0.561,9.75,market
2026-06-26,SHOP,2026-07-17,21,95.0,116.86,18.71,put,0.6299,0.55,0.81,0.68,191,3034,-0.0714,90.56,0.716,12.44,market
2026-06-26,SHOP,2026-07-17,21,100.0,116.86,14.43,put,0.5942,1.09,1.21,1.15,224,6690,-0.1181,85.13,1.15,19.99,market
2026-06-26,SHOP,2026-07-17,21,105.0,116.86,10.15,put,0.5762,1.88,2.18,2.03,158,2550,-0.1937,76.61,1.933,33.6,market
2026-06-26,SHOP,2026-07-17,21,110.0,116.86,5.87,put,0.5721,3.2,3.8,3.5,75,3093,-0.2979,65.29,3.182,55.3,market
2026-06-26,SHOP,2026-07-17,21,115.0,116.86,1.59,put,0.5564,4.85,6.0,5.425,43,1093,-0.4174,52.99,4.717,81.99,market
2026-06-26,SHOP,2026-07-17,21,120.0,116.86,0.0,put,0.5066,7.15,8.0,7.575,114,2069,-0.5532,39.92,6.312,109.72,market
2026-06-26,SHOP,2026-07-17,21,125.0,116.86,0.0,put,0.5142,10.2,11.8,11.0,1,649,-0.6776,27.95,8.8,152.95,market
2026-06-26,SHOP,2026-07-17,21,130.0,116.86,0.0,put,0.5093,13.95,15.7,14.825,2,421,-0.7846,18.15,11.404,198.21,market
2026-06-26,SHOP,2026-07-17,21,135.0,116.86,0.0,put,0.6079,18.25,19.8,19.025,1,425,-0.8151,14.85,14.093,244.94,market
2026-06-26,SHOP,2026-07-17,21,140.0,116.86,0.0,put,0.6265,22.1,24.3,23.2,5,243,-0.8661,10.41,16.571,288.03,market
2026-06-26,SHOP,2026-07-17,21,145.0,116.86,0.0,put,0.6533,26.8,29.0,27.9,112,270,-0.8997,7.54,19.241,334.43,market
2026-06-26,SHOP,2026-07-17,21,150.0,116.86,0.0,put,0.8181,31.4,34.5,32.95,114,37,-0.8769,8.76,21.967,381.8,market
2026-06-26,SHOP,2026-07-17,21,155.0,116.86,0.0,put,1.2754,41.1,43.55,42.325,46,3,-0.7766,14.3,27.306,474.61,market
2026-06-26,SHOP,2026-07-17,21,160.0,116.86,0.0,put,0.9414,41.0,44.4,42.7,11,0,-0.8972,6.79,26.688,463.85,market
2026-06-26,SHOP,2026-07-17,21,165.0,116.86,0.0,put,0.9434,46.0,49.1,47.55,2,2,-0.919,5.21,28.818,500.89,market
2026-06-26,SHOP,2026-07-17,21,170.0,116.86,0.0,put,1.7178,57.2,61.1,59.15,46,0,-0.757,13.38,34.794,604.75,market
2026-06-26,SHOP,2026-07-17,21,175.0,116.86,0.0,put,1.1267,56.4,59.4,57.9,2,0,-0.9112,5.28,33.086,575.06,market
2026-06-26,SHOP,2026-07-17,21,180.0,116.86,0.0,put,0.0,58.2,60.6,59.4,0,2,-1.0,0.0,33.0,573.57,market
2026-06-26,SHOP,2026-07-17,21,185.0,116.86,0.0,put,0.0,0.0,0.0,67.609,3,0,-1.0,0.0,36.545,635.19,bs_fallback
2026-06-26,SHOP,2026-07-17,21,190.0,116.86,0.0,put,1.9463,77.4,80.15,78.775,1,0,-0.7886,10.23,41.461,720.62,market
2026-06-26,SHOP,2026-07-17,21,195.0,116.86,0.0,put,0.0,0.0,0.0,77.58,2,0,-1.0,0.0,39.785,691.49,bs_fallback
2026-06-26,SHOP,2026-07-17,21,200.0,116.86,0.0,put,2.095,87.15,90.9,89.025,20,0,-0.7917,9.43,44.513,773.67,market
2026-06-26,SHOP,2026-07-17,21,250.0,116.86,0.0,put,0.0,124.9,127.7,126.3,0,0,-1.0,0.0,50.52,878.09,market
2026-06-26,SHOP,2026-07-24,28,75.0,116.86,35.82,put,1.1284,0.0,2.19,0.991,100,112,-0.0562,89.88,1.321,17.22,bs_fallback
2026-06-26,SHOP,2026-07-24,28,80.0,116.86,31.54,put,0.9248,0.11,1.52,0.815,320,117,-0.0523,91.41,1.019,13.28,market
2026-06-26,SHOP,2026-07-24,28,85.0,116.86,27.26,put,0.6846,0.0,0.79,0.345,102,113,-0.0364,94.57,0.405,5.28,bs_fallback
2026-06-26,SHOP,2026-07-24,28,90.0,116.86,22.98,put,0.6538,0.24,1.09,0.665,3,85,-0.0601,91.51,0.739,9.63,market
2026-06-26,SHOP,2026-07-24,28,95.0,116.86,18.71,put,0.6348,0.75,1.55,1.15,4,123,-0.0989,86.69,1.211,15.78,market
2026-06-26,SHOP,2026-07-24,28,96.0,116.86,17.85,put,0.6038,0.48,1.73,1.105,1,20,-0.0999,86.76,1.151,15.0,market
2026-06-26,SHOP,2026-07-24,28,97.0,116.86,16.99,put,0.6138,0.67,1.97,1.32,2,7,-0.1144,84.93,1.361,17.74,market
2026-06-26,SHOP,2026-07-24,28,98.0,116.86,16.14,put,0.5999,0.8,1.98,1.39,2,9,-0.1219,84.12,1.418,18.49,market
2026-06-26,SHOP,2026-07-24,28,99.0,116.86,15.28,put,0.5962,0.68,2.4,1.54,2,6,-0.1335,82.77,1.556,20.28,market
2026-06-26,SHOP,2026-07-24,28,100.0,116.86,14.43,put,0.6135,1.36,2.38,1.87,22,318,-0.1528,80.36,1.87,24.38,market
2026-06-26,SHOP,2026-07-24,28,101.0,116.86,13.57,put,0.6182,1.41,2.84,2.125,1,16,-0.1686,78.49,2.104,27.43,market
2026-06-26,SHOP,2026-07-24,28,102.0,116.86,12.72,put,0.5791,1.54,2.49,2.015,2,15,-0.1705,78.57,1.975,25.75,market
2026-06-26,SHOP,2026-07-24,28,103.0,116.86,11.86,put,0.6246,1.9,3.45,2.675,6,15,-0.2009,74.71,2.597,33.85,market
2026-06-26,SHOP,2026-07-24,28,104.0,116.86,11.0,put,0.5759,1.95,3.0,2.475,6,10,-0.202,75.02,2.38,31.02,market
2026-06-26,SHOP,2026-07-24,28,105.0,116.86,10.15,put,0.5708,2.34,3.05,2.695,10,56,-0.2176,73.31,2.567,33.46,market
2026-06-26,SHOP,2026-07-24,28,106.0,116.86,9.29,put,0.6066,2.57,4.15,3.36,1,18,-0.2459,69.83,3.17,41.32,market
2026-06-26,SHOP,2026-07-24,28,107.0,116.86,8.44,put,0.6099,2.89,4.55,3.72,2,16,-0.2647,67.73,3.477,45.32,market
2026-06-26,SHOP,2026-07-24,28,108.0,116.86,7.58,put,0.5529,2.9,3.95,3.425,3,42,-0.2688,67.85,3.171,41.34,market
2026-06-26,SHOP,2026-07-24,28,109.0,116.86,6.73,put,0.5901,3.5,4.9,4.2,2,35,-0.2976,64.35,3.853,50.23,market
2026-06-26,SHOP,2026-07-24,28,110.0,116.86,5.87,put,0.6045,4.0,5.5,4.75,9,164,-0.3199,61.81,4.318,56.29,market
2026-06-26,SHOP,2026-07-24,28,111.0,116.86,5.01,put,0.5671,4.3,5.1,4.7,1,31,-0.3334,60.77,4.234,55.2,market
2026-06-26,SHOP,2026-07-24,28,112.0,116.86,4.16,put,0.574,4.2,6.2,5.2,1,62,-0.3554,58.39,4.643,60.52,market
2026-06-26,SHOP,2026-07-24,28,113.0,116.86,3.3,put,0.5908,4.95,6.75,5.85,2,10,-0.3781,55.84,5.177,67.49,market
2026-06-26,SHOP,2026-07-24,28,114.0,116.86,2.45,put,0.58,5.45,6.9,6.175,1,15,-0.398,53.9,5.417,70.61,market
2026-06-26,SHOP,2026-07-24,28,115.0,116.86,1.59,put,0.5678,5.5,7.5,6.5,1,20,-0.4188,51.91,5.652,73.68,market
2026-06-26,SHOP,2026-07-24,28,116.0,116.86,0.74,put,0.5772,6.45,7.8,7.125,1,2,-0.4403,49.61,6.142,80.07,market
2026-06-26,SHOP,2026-07-24,28,118.0,116.86,0.0,put,0.5736,7.3,9.0,8.15,1,1,-0.4831,45.37,6.907,90.03,market
2026-06-26,SHOP,2026-07-24,28,120.0,116.86,0.0,put,0.5753,8.45,10.2,9.325,3,340,-0.525,41.22,7.771,101.3,market
2026-06-26,SHOP,2026-07-24,28,125.0,116.86,0.0,put,0.5675,11.55,13.35,12.45,68,68,-0.6276,31.47,9.96,129.84,market
2026-06-26,SHOP,2026-07-24,28,128.0,116.86,0.0,put,0.5283,12.9,15.4,14.15,0,6,-0.6995,25.17,11.055,144.11,market
2026-06-26,SHOP,2026-07-24,28,135.0,116.86,0.0,put,0.5181,18.3,21.1,19.7,0,1,-0.8178,14.67,14.593,190.22,market
2026-06-26,SHOP,2026-07-24,28,140.0,116.86,0.0,put,0.5015,22.6,25.4,24.0,1,1,-0.8856,8.97,17.143,223.47,market
2026-06-26,SHOP,2026-07-24,28,150.0,116.86,0.0,put,0.5156,31.95,35.0,33.475,54,137,-0.9505,3.65,22.317,290.91,market
2026-06-26,SHOP,2026-07-24,28,155.0,116.86,0.0,put,0.583,36.8,40.25,38.525,28,100,-0.95,3.54,24.855,324.0,market
2026-06-26,SHOP,2026-07-31,35,80.0,116.86,31.54,put,0.8921,0.14,2.05,1.095,1,5,-0.0633,89.45,1.369,14.27,market
2026-06-26,SHOP,2026-07-31,35,90.0,116.86,22.98,put,0.6846,0.55,1.84,1.195,1,58,-0.0868,87.46,1.328,13.85,market
2026-06-26,SHOP,2026-07-31,35,95.0,116.86,18.71,put,0.6511,1.09,2.4,1.745,1,70,-0.1247,82.9,1.837,19.16,market
2026-06-26,SHOP,2026-07-31,35,96.0,116.86,17.85,put,0.6506,0.66,3.2,1.93,3,10,-0.1356,81.57,2.01,20.97,market
2026-06-26,SHOP,2026-07-31,35,97.0,116.86,16.99,put,0.5903,0.76,2.49,1.625,2,5,-0.1279,82.99,1.675,17.47,market
2026-06-26,SHOP,2026-07-31,35,99.0,116.86,15.28,put,0.6255,1.03,3.65,2.34,1,8,-0.1641,78.35,2.364,24.65,market
2026-06-26,SHOP,2026-07-31,35,100.0,116.86,14.43,put,0.5828,1.88,2.45,2.165,2,47,-0.1635,78.81,2.165,22.58,market
2026-06-26,SHOP,2026-07-31,35,101.0,116.86,13.57,put,0.6086,1.26,4.05,2.655,8,5,-0.1858,75.96,2.629,27.41,market
2026-06-26,SHOP,2026-07-31,35,102.0,116.86,12.72,put,0.5875,1.34,4.05,2.695,2,2,-0.1936,75.27,2.642,27.55,market
2026-06-26,SHOP,2026-07-31,35,103.0,116.86,11.86,put,0.5601,2.04,3.3,2.67,5,22,-0.1998,74.82,2.592,27.03,market
2026-06-26,SHOP,2026-07-31,35,104.0,116.86,11.0,put,0.6008,2.2,4.6,3.4,1,10,-0.228,71.2,3.269,34.09,market
2026-06-26,SHOP,2026-07-31,35,105.0,116.86,10.15,put,0.5852,2.75,4.3,3.525,7,11,-0.2396,70.07,3.357,35.01,market
2026-06-26,SHOP,2026-07-31,35,106.0,116.86,9.29,put,0.604,3.0,5.15,4.075,1,5,-0.2609,67.49,3.844,40.09,market
2026-06-26,SHOP,2026-07-31,35,107.0,116.86,8.44,put,0.5984,3.2,5.5,4.35,1,20,-0.2762,65.87,4.065,42.4,market
2026-06-26,SHOP,2026-07-31,35,108.0,116.86,7.58,put,0.5934,3.5,5.8,4.65,1,10,-0.2922,64.18,4.306,44.9,market
2026-06-26,SHOP,2026-07-31,35,109.0,116.86,6.73,put,0.6006,3.9,6.35,5.125,2,6,-0.311,62.06,4.702,49.03,market
2026-06-26,SHOP,2026-07-31,35,110.0,116.86,5.87,put,0.5725,4.05,6.25,5.15,11,149,-0.3239,61.01,4.682,48.82,market
2026-06-26,SHOP,2026-07-31,35,111.0,116.86,5.01,put,0.59,4.75,6.85,5.8,2,5,-0.3449,58.57,5.225,54.49,market
2026-06-26,SHOP,2026-07-31,35,112.0,116.86,4.16,put,0.5874,5.0,7.4,6.2,1,4,-0.3629,56.71,5.536,57.73,market
2026-06-26,SHOP,2026-07-31,35,113.0,116.86,3.3,put,0.5941,5.7,7.8,6.75,4,5,-0.3819,54.64,5.973,62.29,market
2026-06-26,SHOP,2026-07-31,35,114.0,116.86,2.45,put,0.5819,6.0,8.1,7.05,1,3,-0.3997,52.95,6.184,64.49,market
2026-06-26,SHOP,2026-07-31,35,115.0,116.86,1.59,put,0.572,6.25,8.55,7.4,3,6,-0.4183,51.16,6.435,67.11,market
2026-06-26,SHOP,2026-07-31,35,116.0,116.86,0.74,put,0.5748,6.8,9.1,7.95,16,9,-0.4375,49.18,6.853,71.47,market
2026-06-26,SHOP,2026-07-31,35,120.0,116.86,0.0,put,0.5695,8.9,11.3,10.1,2,16,-0.514,41.63,8.417,87.77,market
2026-06-26,SHOP,2026-07-31,35,160.0,116.86,0.0,put,0.7647,41.2,44.6,42.9,1,68,-0.8826,7.71,26.812,279.62,market
2026-06-26,UBER,2026-07-17,21,40.0,76.2,47.51,put,0.9844,0.0,0.03,0.012,1,118,-0.0021,99.57,0.03,0.52,bs_fallback
2026-06-26,UBER,2026-07-17,21,42.5,76.2,44.23,put,0.9219,0.0,0.04,0.015,13,14,-0.0029,99.45,0.036,0.63,bs_fallback
2026-06-26,UBER,2026-07-17,21,45.0,76.2,40.94,put,0.8594,0.0,0.05,0.019,2,145,-0.0038,99.32,0.043,0.75,bs_fallback
2026-06-26,UBER,2026-07-17,21,47.5,76.2,37.66,put,0.8359,0.0,0.09,0.036,1,710,-0.0067,98.84,0.075,1.3,bs_fallback
2026-06-26,UBER,2026-07-17,21,50.0,76.2,34.38,put,0.7539,0.0,0.09,0.036,1,92,-0.0074,98.79,0.071,1.24,bs_fallback
2026-06-26,UBER,2026-07-17,21,55.0,76.2,27.82,put,0.6406,0.0,0.14,0.057,5,579,-0.0133,98.05,0.104,1.81,bs_fallback
2026-06-26,UBER,2026-07-17,21,60.0,76.2,21.26,put,0.4766,0.03,0.06,0.045,10992,16853,-0.0149,98.03,0.075,1.3,market
2026-06-26,UBER,2026-07-17,21,62.5,76.2,17.98,put,0.4336,0.06,0.09,0.075,161,34211,-0.0236,97.0,0.12,2.09,market
2026-06-26,UBER,2026-07-17,21,65.0,76.2,14.7,put,0.4082,0.12,0.17,0.145,225,13525,-0.0444,94.56,0.223,3.88,market
2026-06-26,UBER,2026-07-17,21,67.5,76.2,11.42,put,0.3916,0.25,0.34,0.295,258,11922,-0.0856,89.87,0.437,7.6,market
2026-06-26,UBER,2026-07-17,21,70.0,76.2,8.14,put,0.3857,0.55,0.7,0.625,461,10159,-0.16,81.65,0.893,15.52,market
2026-06-26,UBER,2026-07-17,21,72.5,76.2,4.86,put,0.3877,1.08,1.35,1.215,92,3462,-0.27,69.84,1.676,29.13,market
2026-06-26,UBER,2026-07-17,21,75.0,76.2,1.57,put,0.3699,1.95,2.18,2.065,698,3089,-0.3991,56.63,2.753,47.86,market
2026-06-26,UBER,2026-07-17,21,77.5,76.2,0.0,put,0.5205,2.7,4.6,3.65,23,2985,-0.5199,43.06,4.71,81.86,market
2026-06-26,UBER,2026-07-17,21,80.0,76.2,0.0,put,0.5398,3.75,6.3,5.025,16,1681,-0.6137,33.78,6.281,109.17,market
2026-06-26,UBER,2026-07-17,21,82.5,76.2,0.0,put,0.6709,6.5,8.95,7.725,1,54,-0.6537,28.9,9.364,162.75,market
2026-06-26,UBER,2026-07-17,21,85.0,76.2,0.0,put,0.6209,8.45,10.5,9.475,25,110,-0.7389,21.5,11.147,193.75,market
2026-06-26,UBER,2026-07-17,21,90.0,76.2,0.0,put,0.5606,12.9,15.95,14.425,54,1,-0.8748,9.96,16.028,278.58,market
2026-06-26,UBER,2026-07-17,21,95.0,76.2,0.0,put,0.5732,17.05,21.15,19.1,20,0,-0.935,4.93,20.105,349.45,market
2026-06-26,UBER,2026-07-17,21,100.0,76.2,0.0,put,0.6231,22.05,25.95,24.0,1,0,-0.9577,3.04,24.0,417.14,market
2026-06-26,UBER,2026-07-17,21,110.0,76.2,0.0,put,1.1318,30.9,34.9,32.9,10,0,-0.8861,6.98,29.909,519.85,market
2026-06-26,UBER,2026-07-24,28,55.0,76.2,27.82,put,0.9888,0.0,2.14,0.977,3,43,-0.0899,85.71,1.777,23.17,bs_fallback
2026-06-26,UBER,2026-07-24,28,57.0,76.2,25.2,put,0.9082,0.0,2.15,0.983,0,20,-0.0976,85.17,1.724,22.48,bs_fallback
2026-06-26,UBER,2026-07-24,28,58.0,76.2,23.88,put,0.8687,0.0,2.16,0.986,1,19,-0.1019,84.85,1.7,22.16,bs_fallback
2026-06-26,UBER,2026-07-24,28,59.0,76.2,22.57,put,0.8301,0.0,2.17,0.991,0,26,-0.1067,84.48,1.68,21.91,bs_fallback
2026-06-26,UBER,2026-07-24,28,60.0,76.2,21.26,put,0.7925,0.0,2.19,1.0,8,84,-0.112,84.05,1.666,21.72,bs_fallback
2026-06-26,UBER,2026-07-24,28,61.0,76.2,19.95,put,0.5435,0.05,0.63,0.34,4,79,-0.0572,92.34,0.557,7.27,market
2026-06-26,UBER,2026-07-24,28,62.0,76.2,18.64,put,0.5029,0.01,0.62,0.315,5,32,-0.0573,92.48,0.508,6.62,market
2026-06-26,UBER,2026-07-24,28,63.0,76.2,17.32,put,0.5942,0.0,0.74,0.665,1,146,-0.1036,86.36,1.055,13.76,bs_fallback
2026-06-26,UBER,2026-07-24,28,64.0,76.2,16.01,put,0.5293,0.03,0.62,0.325,25,392,-0.0986,87.35,0.508,6.62,market
2026-06-26,UBER,2026-07-24,28,65.0,76.2,14.7,put,0.5156,0.16,0.71,0.435,2,96,-0.1129,85.74,0.669,8.72,market
2026-06-26,UBER,2026-07-24,28,66.0,76.2,13.39,put,0.4912,0.28,0.76,0.52,3,89,-0.1246,84.53,0.788,10.27,market
2026-06-26,UBER,2026-07-24,28,67.0,76.2,12.07,put,0.4834,0.36,0.9,0.63,4,543,-0.1453,82.19,0.94,12.26,market
2026-06-26,UBER,2026-07-24,28,68.0,76.2,10.76,put,0.4629,0.39,0.99,0.69,46,218,-0.163,80.34,1.015,13.23,market
2026-06-26,UBER,2026-07-24,28,69.0,76.2,9.45,put,0.5083,0.6,1.5,1.05,22,99,-0.2111,74.6,1.522,19.84,market
2026-06-26,UBER,2026-07-24,28,70.0,76.2,8.14,put,0.4026,0.7,1.09,0.895,63,127,-0.1973,77.03,1.279,16.67,market
2026-06-26,UBER,2026-07-24,28,71.0,76.2,6.82,put,0.4092,0.9,1.4,1.15,12,116,-0.2376,72.6,1.62,21.11,market
2026-06-26,UBER,2026-07-24,28,72.0,76.2,5.51,put,0.448,0.94,2.0,1.47,10,63,-0.2912,66.49,2.042,26.61,market
2026-06-26,UBER,2026-07-24,28,73.0,76.2,4.2,put,0.4302,1.44,2.23,1.835,15,129,-0.3257,63.03,2.514,32.77,market
2026-06-26,UBER,2026-07-24,28,74.0,76.2,2.89,put,0.6016,0.74,4.05,2.395,1,11,-0.3889,54.6,3.236,42.19,market
2026-06-26,UBER,2026-07-24,28,75.0,76.2,1.57,put,0.4675,1.17,3.4,2.285,24,33,-0.4141,53.48,3.047,39.72,market
2026-06-26,UBER,2026-07-24,28,76.0,76.2,0.26,put,0.4619,2.49,3.85,3.17,3,6,-0.4544,49.46,4.171,54.37,market
2026-06-26,UBER,2026-07-24,28,78.0,76.2,0.0,put,0.583,3.15,6.0,4.575,1,14,-0.516,42.01,5.865,76.46,market
2026-06-26,UBER,2026-07-24,28,79.0,76.2,0.0,put,0.5591,3.2,6.4,4.8,0,2,-0.5521,38.76,6.076,79.2,market
2026-06-26,UBER,2026-07-24,28,80.0,76.2,0.0,put,0.5786,4.1,7.2,5.65,6,70,-0.5791,35.95,7.063,92.06,market
2026-06-26,UBER,2026-07-24,28,82.0,76.2,0.0,put,0.6096,5.55,8.8,7.175,20,21,-0.6283,30.99,8.75,114.06,market
2026-06-26,UBER,2026-07-24,28,83.0,76.2,0.0,put,0.6213,5.75,9.6,7.675,1,3,-0.6511,28.76,9.247,120.54,market
2026-06-26,UBER,2026-07-24,28,85.0,76.2,0.0,put,0.4968,9.05,10.2,9.625,28,38,-0.7573,20.18,11.324,147.61,market
2026-06-26,UBER,2026-07-24,28,90.0,76.2,0.0,put,0.7583,12.2,16.0,14.1,0,0,-0.7483,18.96,15.667,204.23,market
2026-06-26,UBER,2026-07-31,35,50.0,76.2,34.38,put,0.9023,0.0,1.05,0.473,0,1,-0.048,91.7,0.946,9.86,bs_fallback
2026-06-26,UBER,2026-07-31,35,57.0,76.2,25.2,put,0.8218,0.0,2.21,1.013,0,3,-0.0991,84.91,1.778,18.54,bs_fallback
2026-06-26,UBER,2026-07-31,35,58.0,76.2,23.88,put,0.7866,0.0,2.22,1.018,3,2,-0.1035,84.57,1.756,18.31,bs_fallback
2026-06-26,UBER,2026-07-31,35,60.0,76.2,21.26,put,0.7188,0.0,2.26,1.035,6,41,-0.1138,83.75,1.726,18.0,bs_fallback
2026-06-26,UBER,2026-07-31,35,61.0,76.2,19.95,put,0.5269,0.01,0.92,0.465,1,37,-0.0702,90.52,0.762,7.95,market
2026-06-26,UBER,2026-07-31,35,62.0,76.2,18.64,put,0.6631,0.1,2.32,1.21,52,16226,-0.1292,82.25,1.952,20.35,market
2026-06-26,UBER,2026-07-31,35,63.0,76.2,17.32,put,0.6216,0.0,2.36,1.078,3,6,-0.1336,82.04,1.711,17.84,bs_fallback
2026-06-26,UBER,2026-07-31,35,64.0,76.2,16.01,put,0.605,0.15,2.42,1.285,4,79,-0.1467,80.6,2.008,20.94,market
2026-06-26,UBER,2026-07-31,35,65.0,76.2,14.7,put,0.4165,0.05,0.5,0.275,16,109,-0.0911,88.59,0.423,4.41,market
2026-06-26,UBER,2026-07-31,35,66.0,76.2,13.39,put,0.5684,0.42,2.59,1.505,242,250,-0.1757,77.51,2.28,23.78,market
2026-06-26,UBER,2026-07-31,35,67.0,76.2,12.07,put,0.4775,0.01,1.16,0.585,10,315,-0.1644,79.63,0.873,9.11,market
2026-06-26,UBER,2026-07-31,35,68.0,76.2,10.76,put,0.4653,0.57,1.31,0.94,17,143,-0.1853,77.38,1.382,14.42,market
2026-06-26,UBER,2026-07-31,35,69.0,76.2,9.45,put,0.398,0.51,1.1,0.805,7,22,-0.1825,78.31,1.167,12.17,market
2026-06-26,UBER,2026-07-31,35,70.0,76.2,8.14,put,0.4253,0.78,1.55,1.165,28,408,-0.2276,73.07,1.664,17.36,market
2026-06-26,UBER,2026-07-31,35,71.0,76.2,6.82,put,0.6167,1.2,3.45,2.325,7,43,-0.3118,61.78,3.275,34.15,market
2026-06-26,UBER,2026-07-31,35,72.0,76.2,5.51,put,0.4009,0.01,1.99,1.0,1,39,-0.2886,66.76,1.389,14.48,market
2026-06-26,UBER,2026-07-31,35,73.0,76.2,4.2,put,0.4282,0.3,2.6,1.45,5,19,-0.3351,61.54,1.986,20.71,market
2026-06-26,UBER,2026-07-31,35,74.0,76.2,2.89,put,0.5833,0.54,4.45,2.495,5,41,-0.3901,53.92,3.372,35.16,market
2026-06-26,UBER,2026-07-31,35,75.0,76.2,1.57,put,0.4729,2.21,3.9,3.055,5,13,-0.4151,52.71,4.073,42.48,market
2026-06-26,COIN,2026-07-17,21,40.0,149.06,73.17,put,2.2969,0.03,0.25,0.14,31,829,-0.0038,98.29,0.35,6.08,market
2026-06-26,COIN,2026-07-17,21,45.0,149.06,69.81,put,2.4375,0.01,0.79,0.4,13,468,-0.0095,96.09,0.889,15.45,market
2026-06-26,COIN,2026-07-17,21,50.0,149.06,66.46,put,1.8555,0.01,0.2,0.105,2697,643,-0.0036,98.74,0.21,3.65,market
2026-06-26,COIN,2026-07-17,21,55.0,149.06,63.1,put,2.0723,0.0,0.85,0.361,50,31,-0.0119,96.11,0.656,11.41,bs_fallback
2026-06-26,COIN,2026-07-17,21,60.0,149.06,59.75,put,1.8086,0.0,0.61,0.257,2083,94,-0.0101,97.04,0.428,7.44,bs_fallback
2026-06-26,COIN,2026-07-17,21,65.0,149.06,56.39,put,1.7051,0.05,0.67,0.36,332,303,-0.0125,96.65,0.554,9.63,market
2026-06-26,COIN,2026-07-17,21,70.0,149.06,53.04,put,1.5557,0.0,0.69,0.291,441,346,-0.0132,96.76,0.416,7.24,bs_fallback
2026-06-26,COIN,2026-07-17,21,75.0,149.06,49.68,put,1.4238,0.0,0.68,0.287,2,919,-0.0142,96.78,0.383,6.65,bs_fallback
2026-06-26,COIN,2026-07-17,21,80.0,149.06,46.33,put,1.3506,0.12,0.72,0.42,1,1035,-0.0182,96.15,0.525,9.12,market
2026-06-26,COIN,2026-07-17,21,85.0,149.06,42.98,put,1.2314,0.05,0.78,0.415,55,970,-0.0197,96.11,0.488,8.49,market
2026-06-26,COIN,2026-07-17,21,90.0,149.06,39.62,put,1.0957,0.21,0.52,0.365,451,1927,-0.0196,96.4,0.406,7.05,market
2026-06-26,COIN,2026-07-17,21,95.0,149.06,36.27,put,1.0635,0.41,0.65,0.53,1822,32846,-0.0284,95.05,0.558,9.7,market
2026-06-26,COIN,2026-07-17,21,100.0,149.06,32.91,put,0.9487,0.42,0.58,0.5,3083,6629,-0.03,95.08,0.5,8.69,market
2026-06-26,COIN,2026-07-17,21,105.0,149.06,29.56,put,0.9053,0.5,0.86,0.68,22,2078,-0.0413,93.55,0.648,11.26,market
2026-06-26,COIN,2026-07-17,21,110.0,149.06,26.2,put,0.8462,0.75,0.94,0.845,136,1933,-0.0534,92.07,0.768,13.35,market
2026-06-26,COIN,2026-07-17,21,115.0,149.06,22.85,put,0.7647,0.74,1.13,0.935,196,2726,-0.064,90.96,0.813,14.13,market
2026-06-26,COIN,2026-07-17,21,120.0,149.06,19.5,put,0.7634,1.39,1.67,1.53,1138,5099,-0.0983,86.62,1.275,22.16,market
2026-06-26,COIN,2026-07-17,21,125.0,149.06,16.14,put,0.7048,1.63,2.17,1.9,322,2105,-0.1266,83.49,1.52,26.42,market
2026-06-26,COIN,2026-07-17,21,130.0,149.06,12.79,put,0.7072,2.82,3.1,2.96,660,3402,-0.1818,77.0,2.277,39.58,market
2026-06-26,COIN,2026-07-17,21,135.0,149.06,9.43,put,0.6882,3.9,4.35,4.125,91,1807,-0.2419,70.37,3.056,53.11,market
2026-06-26,COIN,2026-07-17,21,140.0,149.06,6.08,put,0.6836,5.45,6.15,5.8,856,6127,-0.3149,62.48,4.143,72.01,market
2026-06-26,COIN,2026-07-17,21,145.0,149.06,2.72,put,0.6688,7.45,8.0,7.725,212,5980,-0.3935,54.37,5.328,92.6,market
2026-06-26,COIN,2026-07-17,21,150.0,149.06,0.0,put,0.6766,9.8,10.95,10.375,318,4850,-0.476,45.93,6.917,120.22,market
2026-06-26,COIN,2026-07-17,21,155.0,149.06,0.0,put,0.6794,12.5,14.2,13.35,48,1631,-0.5559,38.07,8.613,149.7,market
2026-06-26,COIN,2026-07-17,21,160.0,149.06,0.0,put,0.6356,15.55,16.55,16.05,160,2271,-0.6441,30.09,10.031,174.35,market
2026-06-26,COIN,2026-07-17,21,165.0,149.06,0.0,put,0.6574,18.85,21.15,20.0,112,775,-0.7079,24.04,12.121,210.68,market
2026-06-26,COIN,2026-07-17,21,170.0,149.06,0.0,put,0.6758,23.15,25.15,24.15,71,1232,-0.7618,19.1,14.206,246.91,market
2026-06-26,COIN,2026-07-17,21,175.0,149.06,0.0,put,0.719,27.0,30.5,28.75,20,1092,-0.796,15.87,16.429,285.54,market
2026-06-26,COIN,2026-07-17,21,180.0,149.06,0.0,put,0.6585,29.8,35.25,32.525,56,1439,-0.8637,10.47,18.069,314.06,market
2026-06-26,COIN,2026-07-17,21,185.0,149.06,0.0,put,0.7444,35.0,40.4,37.7,8,1342,-0.8653,9.98,20.378,354.2,market
2026-06-26,COIN,2026-07-17,21,190.0,149.06,0.0,put,0.8582,40.5,45.75,43.125,34,2291,-0.8559,10.24,22.697,394.5,market
2026-06-26,COIN,2026-07-17,21,195.0,149.06,0.0,put,0.854,45.25,50.0,47.625,18,1414,-0.884,8.08,24.423,424.5,market
2026-06-26,COIN,2026-07-17,21,200.0,149.06,0.0,put,0.668,50.15,52.55,51.35,52,5966,-0.9588,2.89,25.675,446.26,market
2026-06-26,COIN,2026-07-17,21,210.0,149.06,0.0,put,1.002,59.9,65.2,62.55,16,1307,-0.9022,6.25,29.786,517.7,market
2026-06-26,COIN,2026-07-17,21,220.0,149.06,0.0,put,1.0938,69.9,75.15,72.525,14,285,-0.9101,5.44,32.966,572.98,market
2026-06-26,COIN,2026-07-17,21,230.0,149.06,0.0,put,1.0791,78.85,85.1,81.975,467,166,-0.9376,3.64,35.641,619.48,market
2026-06-26,COIN,2026-07-17,21,240.0,149.06,0.0,put,1.1523,88.8,95.1,91.95,1,17,-0.9423,3.21,38.312,665.91,market
2026-06-26,COIN,2026-07-17,21,250.0,149.06,0.0,put,1.2603,98.9,102.1,100.5,2,4,-0.9394,3.2,40.2,698.71,market
2026-06-26,COIN,2026-07-17,21,260.0,149.06,0.0,put,1.2524,108.7,114.85,111.775,21,4,-0.9547,2.32,42.99,747.21,market
2026-06-26,COIN,2026-07-17,21,270.0,149.06,0.0,put,1.3511,118.7,125.1,121.9,64,0,-0.9518,2.35,45.148,784.72,market
2026-06-26,COIN,2026-07-17,21,280.0,149.06,0.0,put,1.3799,128.7,134.85,131.775,22,15,-0.9582,1.96,47.062,817.99,market
2026-06-26,COIN,2026-07-17,21,290.0,149.06,0.0,put,1.4941,139.1,144.85,141.975,2,1,-0.9525,2.13,48.957,850.92,market
2026-06-26,COIN,2026-07-17,21,300.0,149.06,0.0,put,1.5454,149.05,154.85,151.95,1,0,-0.9548,1.95,50.65,880.35,market
2026-06-26,COIN,2026-07-17,21,310.0,149.06,0.0,put,1.5498,158.7,164.85,161.775,1,0,-0.9621,1.59,52.185,907.03,market
2026-06-26,COIN,2026-07-17,21,320.0,149.06,0.0,put,1.6021,168.7,174.85,171.775,1,0,-0.9632,1.49,53.68,933.0,market
2026-06-26,COIN,2026-07-17,21,330.0,149.06,0.0,put,1.6519,178.7,184.85,181.775,27,0,-0.9641,1.4,55.083,957.4,market
2026-06-26,COIN,2026-07-17,21,340.0,149.06,0.0,put,1.7314,188.9,194.85,191.875,1,0,-0.9617,1.44,56.434,980.87,market
2026-06-26,COIN,2026-07-17,21,350.0,149.06,0.0,put,1.8154,198.9,205.1,202.0,121,0,-0.9587,1.5,57.714,1003.13,market
2026-06-26,COIN,2026-07-17,21,360.0,149.06,0.0,put,0.0,0.0,0.0,209.906,2,0,-1.0,0.0,58.307,1013.43,bs_fallback
2026-06-26,COIN,2026-07-17,21,370.0,149.06,0.0,put,0.0,184.65,190.55,187.6,1,0,-1.0,0.0,50.703,881.26,market
2026-06-26,COIN,2026-07-17,21,380.0,149.06,0.0,put,0.0,195.45,199.45,197.45,1,0,-1.0,0.0,51.961,903.12,market
2026-06-26,COIN,2026-07-17,21,390.0,149.06,0.0,put,0.0,190.6,195.4,193.0,0,1,-1.0,0.0,49.487,860.13,market
2026-06-26,COIN,2026-07-17,21,400.0,149.06,0.0,put,0.0,200.3,205.4,202.85,0,2,-1.0,0.0,50.712,881.43,market
2026-06-26,COIN,2026-07-17,21,420.0,149.06,0.0,put,0.0,262.8,270.7,266.75,0,0,-1.0,0.0,63.512,1103.9,market
2026-06-26,COIN,2026-07-17,21,430.0,149.06,0.0,put,0.0,272.85,280.7,276.775,0,0,-1.0,0.0,64.366,1118.75,market
2026-06-26,COIN,2026-07-17,21,440.0,149.06,0.0,put,0.0,283.9,289.15,286.525,2,0,-1.0,0.0,65.119,1131.84,market
2026-06-26,COIN,2026-07-17,21,470.0,149.06,0.0,put,0.0,312.85,320.7,316.775,0,0,-1.0,0.0,67.399,1171.46,market
2026-06-26,COIN,2026-07-24,28,45.0,149.06,69.81,put,2.1475,0.01,0.85,0.43,14,15,-0.0102,95.75,0.956,12.46,market
2026-06-26,COIN,2026-07-24,28,50.0,149.06,66.46,put,1.9463,0.05,0.75,0.4,201,30,-0.0106,96.11,0.8,10.43,market
2026-06-26,COIN,2026-07-24,28,55.0,149.06,63.1,put,1.8457,0.0,0.97,0.428,50,192,-0.0134,95.56,0.778,10.14,bs_fallback
2026-06-26,COIN,2026-07-24,28,60.0,149.06,59.75,put,1.582,0.01,0.62,0.315,60,56,-0.0106,96.9,0.525,6.84,market
2026-06-26,COIN,2026-07-24,28,65.0,149.06,56.39,put,1.5225,0.06,0.78,0.42,132,180,-0.0143,96.13,0.646,8.42,market
2026-06-26,COIN,2026-07-24,28,70.0,149.06,53.04,put,1.3731,0.0,0.75,0.327,815,292,-0.0143,96.47,0.467,6.08,bs_fallback
2026-06-26,COIN,2026-07-24,28,75.0,149.06,49.68,put,1.2432,0.0,0.69,0.3,4,2,-0.0147,96.67,0.4,5.22,bs_fallback
2026-06-26,COIN,2026-07-24,28,80.0,149.06,46.33,put,1.2354,0.13,0.98,0.555,50,49,-0.0227,95.14,0.694,9.04,market
2026-06-26,COIN,2026-07-24,28,85.0,149.06,42.98,put,1.0918,0.03,0.89,0.46,47,1171,-0.0216,95.72,0.541,7.05,market
2026-06-26,COIN,2026-07-24,28,90.0,149.06,39.62,put,0.9824,0.24,0.62,0.43,1,190,-0.0225,95.84,0.478,6.23,market
2026-06-26,COIN,2026-07-24,28,95.0,149.06,36.27,put,1.0269,0.44,1.32,0.88,54,159,-0.041,92.72,0.926,12.08,market
2026-06-26,COIN,2026-07-24,28,100.0,149.06,32.91,put,0.8745,0.46,0.87,0.665,36,248,-0.0371,93.86,0.665,8.67,market
2026-06-26,COIN,2026-07-24,28,105.0,149.06,29.56,put,0.8149,0.53,1.05,0.79,1,57,-0.0463,92.74,0.752,9.81,market
2026-06-26,COIN,2026-07-24,28,110.0,149.06,26.2,put,0.7891,0.55,1.69,1.12,43,108,-0.0646,90.3,1.018,13.27,market
2026-06-26,COIN,2026-07-24,28,115.0,149.06,22.85,put,0.7654,1.14,2.0,1.57,16,59,-0.0889,87.2,1.365,17.8,market
2026-06-26,COIN,2026-07-24,28,120.0,149.06,19.5,put,0.7433,1.84,2.51,2.175,119,694,-0.12,83.37,1.812,23.63,market
2026-06-26,COIN,2026-07-24,28,125.0,149.06,16.14,put,0.7433,2.83,3.55,3.19,32,269,-0.1644,77.96,2.552,33.27,market
2026-06-26,COIN,2026-07-24,28,130.0,149.06,12.79,put,0.7197,3.85,4.55,4.2,8,338,-0.2103,72.77,3.231,42.12,market
2026-06-26,COIN,2026-07-24,28,135.0,149.06,9.43,put,0.7068,5.2,6.0,5.6,9,217,-0.2665,66.56,4.148,54.07,market
2026-06-26,COIN,2026-07-24,28,140.0,149.06,6.08,put,0.7231,6.8,8.7,7.75,41,136,-0.3327,59.18,5.536,72.16,market
2026-06-26,COIN,2026-07-24,28,145.0,149.06,2.72,put,0.7085,8.7,10.85,9.775,237,225,-0.3981,52.48,6.741,87.88,market
2026-06-26,COIN,2026-07-24,28,150.0,149.06,0.0,put,0.6849,10.1,13.85,11.975,15,322,-0.4673,45.71,7.983,104.07,market
2026-06-26,COIN,2026-07-24,28,155.0,149.06,0.0,put,0.6715,12.6,16.75,14.675,33,437,-0.5384,38.88,9.468,123.42,market
2026-06-26,COIN,2026-07-24,28,160.0,149.06,0.0,put,0.6715,15.8,20.05,17.925,1,494,-0.6053,32.52,11.203,146.04,market
2026-06-26,COIN,2026-07-24,28,165.0,149.06,0.0,put,0.672,19.35,23.6,21.475,35,206,-0.6672,26.82,13.015,169.66,market
2026-06-26,COIN,2026-07-24,28,170.0,149.06,0.0,put,0.6644,23.05,27.3,25.175,14,252,-0.7262,21.61,14.809,193.04,market
2026-06-26,COIN,2026-07-24,28,175.0,149.06,0.0,put,0.673,27.3,31.35,29.325,16,59,-0.7725,17.53,16.757,218.44,market
2026-06-26,COIN,2026-07-24,28,180.0,149.06,0.0,put,0.7415,31.9,36.8,34.35,6,86,-0.7873,15.81,19.083,248.76,market
2026-06-26,COIN,2026-07-24,28,185.0,149.06,0.0,put,0.7141,35.1,41.6,38.35,1,12,-0.8349,12.07,20.73,270.23,market
2026-06-26,COIN,2026-07-24,28,190.0,149.06,0.0,put,0.7371,39.9,46.15,43.025,1,33,-0.8572,10.17,22.645,295.19,market
2026-06-26,COIN,2026-07-24,28,195.0,149.06,0.0,put,0.808,45.6,50.8,48.2,2,35,-0.858,9.76,24.718,322.22,market
2026-06-26,COIN,2026-07-24,28,200.0,149.06,0.0,put,0.7952,49.8,55.5,52.65,2,79,-0.8863,7.67,26.325,343.17,market
2026-06-26,COIN,2026-07-24,28,205.0,149.06,0.0,put,0.7915,54.2,60.35,57.275,4,13,-0.9077,6.11,27.939,364.21,market
2026-06-26,COIN,2026-07-24,28,210.0,149.06,0.0,put,0.7998,58.9,65.2,62.05,5,6,-0.9221,5.04,29.548,385.17,market
2026-06-26,COIN,2026-07-24,28,215.0,149.06,0.0,put,0.8682,64.35,70.1,67.225,2,1,-0.9173,5.18,31.267,407.59,market
2026-06-26,COIN,2026-07-24,28,220.0,149.06,0.0,put,0.908,69.4,75.05,72.225,2,9,-0.9203,4.86,32.83,427.96,market
2026-06-26,COIN,2026-07-24,28,225.0,149.06,0.0,put,0.917,74.1,80.0,77.05,2,3,-0.9304,4.15,34.244,446.4,market
2026-06-26,COIN,2026-07-24,28,230.0,149.06,0.0,put,0.9624,79.25,84.95,82.1,3,0,-0.9305,4.04,35.696,465.32,market
2026-06-26,COIN,2026-07-24,28,235.0,149.06,0.0,put,0.9346,83.65,89.9,86.775,1,0,-0.9468,3.05,36.926,481.35,market
2026-06-26,COIN,2026-07-24,28,245.0,149.06,0.0,put,0.9707,93.25,100.05,96.65,1,0,-0.9554,2.45,39.449,514.25,market
2026-06-26,COIN,2026-07-24,28,250.0,149.06,0.0,put,1.0366,98.65,104.95,101.8,1,0,-0.9499,2.67,40.72,530.81,market
2026-06-26,COIN,2026-07-24,28,270.0,149.06,0.0,put,1.0029,117.7,124.9,121.3,101,0,-0.9765,1.18,44.926,585.64,market
2026-06-26,COIN,2026-07-24,28,280.0,149.06,0.0,put,1.208,128.7,134.9,131.8,1,0,-0.9559,2.07,47.071,613.61,market
2026-06-26,COIN,2026-07-24,28,300.0,149.06,0.0,put,1.3096,148.7,154.9,151.8,1,0,-0.9588,1.79,50.6,659.61,market
2026-06-26,COIN,2026-07-31,35,45.0,149.06,69.81,put,2.0615,0.01,1.27,0.64,2,53,-0.0138,94.11,1.422,14.83,market
2026-06-26,COIN,2026-07-31,35,50.0,149.06,66.46,put,1.8242,0.05,0.99,0.52,2,44,-0.0131,95.15,1.04,10.85,market
2026-06-26,COIN,2026-07-31,35,70.0,149.06,53.04,put,1.2578,0.02,0.83,0.425,1064,37,-0.0159,96.06,0.607,6.33,market
2026-06-26,COIN,2026-07-31,35,80.0,149.06,46.33,put,1.1235,0.17,1.02,0.595,251,252,-0.0241,94.83,0.744,7.76,market
2026-06-26,COIN,2026-07-31,35,85.0,149.06,42.98,put,1.0342,0.3,0.93,0.615,250,616,-0.0269,94.62,0.724,7.55,market
2026-06-26,COIN,2026-07-31,35,90.0,149.06,39.62,put,1.0151,0.49,1.28,0.885,2,214,-0.0377,92.83,0.983,10.25,market
2026-06-26,COIN,2026-07-31,35,95.0,149.06,36.27,put,0.9546,0.59,1.47,1.03,3,11,-0.0457,91.81,1.084,11.31,market
2026-06-26,COIN,2026-07-31,35,100.0,149.06,32.91,put,0.8848,0.93,1.35,1.14,10,234,-0.0535,90.95,1.14,11.89,market
2026-06-26,COIN,2026-07-31,35,105.0,149.06,29.56,put,0.9082,0.6,3.15,1.875,3,32,-0.0802,86.91,1.786,18.62,market
2026-06-26,COIN,2026-07-31,35,110.0,149.06,26.2,put,0.7778,0.84,2.35,1.595,17,16,-0.0805,87.72,1.45,15.12,market
2026-06-26,COIN,2026-07-31,35,115.0,149.06,22.85,put,0.9297,1.09,6.7,3.895,5,64,-0.1442,78.05,3.387,35.32,market
2026-06-26,COIN,2026-07-31,35,120.0,149.06,19.5,put,0.8279,2.83,5.0,3.915,20,123,-0.1604,76.93,3.263,34.02,market
2026-06-26,COIN,2026-07-31,35,125.0,149.06,16.14,put,0.7564,3.95,4.65,4.3,14,117,-0.187,74.38,3.44,35.87,market
2026-06-26,COIN,2026-07-31,35,130.0,149.06,12.79,put,0.7885,5.2,7.3,6.25,16,130,-0.2413,67.65,4.808,50.14,market
2026-06-26,COIN,2026-07-31,35,135.0,149.06,9.43,put,0.78,6.75,9.1,7.925,27,72,-0.2909,62.14,5.87,61.22,market
2026-06-26,COIN,2026-07-31,35,140.0,149.06,6.08,put,0.7676,8.6,11.0,9.8,24,157,-0.3435,56.56,7.0,73.0,market
2026-06-26,COIN,2026-07-31,35,145.0,149.06,2.72,put,0.7584,10.7,13.3,12.0,33,85,-0.3992,50.82,8.276,86.31,market
2026-06-26,COIN,2026-07-31,35,150.0,149.06,0.0,put,0.7544,13.15,16.0,14.575,63,284,-0.456,45.1,9.717,101.33,market
2026-06-26,COIN,2026-07-31,35,155.0,149.06,0.0,put,0.7371,14.35,20.0,17.175,11,107,-0.5144,39.58,11.081,115.56,market
2026-06-26,COIN,2026-07-31,35,160.0,149.06,0.0,put,0.7404,17.65,23.2,20.425,8,117,-0.5688,34.36,12.766,133.13,market
2026-06-26,COIN,2026-07-31,35,165.0,149.06,0.0,put,0.7327,21.5,25.95,23.725,8,36,-0.6229,29.46,14.379,149.95,market
2026-06-26,COIN,2026-07-31,35,170.0,149.06,0.0,put,0.726,24.75,29.8,27.275,6,96,-0.674,24.96,16.044,167.32,market
2026-06-26,COIN,2026-07-31,35,175.0,149.06,0.0,put,0.7686,28.65,35.0,31.825,11,71,-0.7037,21.98,18.186,189.65,market
2026-06-26,COIN,2026-07-31,35,180.0,149.06,0.0,put,0.7449,33.1,37.85,35.475,2,90,-0.7522,18.08,19.708,205.53,market
2026-06-26,COIN,2026-07-31,35,185.0,149.06,0.0,put,0.7571,36.9,42.75,39.825,2,14,-0.7834,15.43,21.527,224.5,market
2026-06-26,COIN,2026-07-31,35,190.0,149.06,0.0,put,0.7648,41.35,47.1,44.225,5,90,-0.8122,13.07,23.276,242.74,market
2026-06-26,COIN,2026-07-31,35,195.0,149.06,0.0,put,0.7275,45.1,51.35,48.225,5,20,-0.8551,9.96,24.731,257.91,market
2026-06-26,COIN,2026-07-31,35,200.0,149.06,0.0,put,0.7656,50.25,56.05,53.15,2,91,-0.8646,9.04,26.575,277.14,market
2026-06-26,COIN,2026-07-31,35,205.0,149.06,0.0,put,0.7581,54.5,60.85,57.675,2,22,-0.8887,7.29,28.134,293.4,market
2026-06-26,COIN,2026-07-31,35,210.0,149.06,0.0,put,0.7588,59.05,65.65,62.35,2,17,-0.9067,5.99,29.69,309.63,market
2026-06-26,COIN,2026-07-31,35,215.0,149.06,0.0,put,0.7725,63.9,70.45,67.175,4,3,-0.918,5.15,31.244,325.83,market
2026-06-26,COIN,2026-07-31,35,220.0,149.06,0.0,put,0.8518,69.7,75.3,72.5,1,18,-0.9075,5.6,32.955,343.67,market
2026-06-26,COIN,2026-07-31,35,230.0,149.06,0.0,put,0.8972,79.55,85.1,82.325,1,23,-0.92,4.62,35.793,373.27,market
2026-06-26,COIN,2026-07-31,35,235.0,149.06,0.0,put,0.9187,84.45,90.05,87.25,0,0,-0.9252,4.22,37.128,387.19,market
2026-06-26,COIN,2026-07-31,35,240.0,149.06,0.0,put,0.8965,88.85,95.0,91.925,5,0,-0.9406,3.31,38.302,399.44,market
2026-06-26,COIN,2026-07-31,35,245.0,149.06,0.0,put,0.9395,94.05,99.95,97.0,1,0,-0.939,3.31,39.592,412.89,market
2026-06-26,COIN,2026-07-31,35,250.0,149.06,0.0,put,0.9546,98.9,104.95,101.925,6,0,-0.9436,3.0,40.77,425.17,market
2026-06-26,COIN,2026-07-31,35,255.0,149.06,0.0,put,0.9775,103.85,109.95,106.9,2,0,-0.9459,2.81,41.922,437.18,market
2026-06-26,COIN,2026-07-31,35,270.0,149.06,0.0,put,0.9492,117.7,125.2,121.45,100,0,-0.9684,1.57,44.981,469.09,market
2026-06-26,PLTR,2026-07-17,21,25.0,112.93,77.86,put,2.1875,0.0,0.04,0.016,47,41,-0.0008,99.56,0.063,1.09,bs_fallback
2026-06-26,PLTR,2026-07-17,21,30.0,112.93,73.43,put,1.9219,0.0,0.04,0.015,1,135,-0.0009,99.6,0.05,0.88,bs_fallback
2026-06-26,PLTR,2026-07-17,21,35.0,112.93,69.01,put,1.75,0.0,0.05,0.02,162,34,-0.0013,99.52,0.057,0.99,bs_fallback
2026-06-26,PLTR,2026-07-17,21,40.0,112.93,64.58,put,1.9277,0.01,0.3,0.155,6,68,-0.0065,97.83,0.388,6.74,market
2026-06-26,PLTR,2026-07-17,21,45.0,112.93,60.15,put,1.4922,0.01,0.09,0.05,543,339,-0.0029,99.18,0.111,1.93,market
2026-06-26,PLTR,2026-07-17,21,50.0,112.93,55.72,put,1.375,0.02,0.11,0.065,960,793,-0.0041,98.97,0.13,2.26,market
2026-06-26,PLTR,2026-07-17,21,55.0,112.93,51.3,put,1.2227,0.03,0.1,0.065,1856,1970,-0.0045,98.97,0.118,2.05,market
2026-06-26,PLTR,2026-07-17,21,60.0,112.93,46.87,put,1.4131,0.05,0.71,0.38,801,496,-0.0205,95.59,0.633,11.01,market
2026-06-26,PLTR,2026-07-17,21,65.0,112.93,42.44,put,1.0762,0.08,0.22,0.15,10,5673,-0.0113,97.84,0.231,4.01,market
2026-06-26,PLTR,2026-07-17,21,70.0,112.93,38.01,put,0.9375,0.1,0.18,0.14,5404,9979,-0.0122,97.87,0.2,3.48,market
2026-06-26,PLTR,2026-07-17,21,75.0,112.93,33.59,put,0.8535,0.12,0.25,0.185,206,2292,-0.0172,97.2,0.247,4.29,market
2026-06-26,PLTR,2026-07-17,21,80.0,112.93,29.16,put,0.7695,0.2,0.28,0.24,487,1246,-0.0241,96.34,0.3,5.21,market
2026-06-26,PLTR,2026-07-17,21,85.0,112.93,24.73,put,0.668,0.23,0.31,0.27,335,3870,-0.0306,95.65,0.318,5.52,market
2026-06-26,PLTR,2026-07-17,21,90.0,112.93,20.3,put,0.5913,0.33,0.41,0.37,1007,2613,-0.0454,93.94,0.411,7.15,market
2026-06-26,PLTR,2026-07-17,21,95.0,112.93,15.88,put,0.5356,0.56,0.64,0.6,2810,10575,-0.076,90.38,0.632,10.98,market
2026-06-26,PLTR,2026-07-17,21,100.0,112.93,11.45,put,0.5039,1.09,1.17,1.13,3953,16938,-0.1378,83.38,1.13,19.64,market
2026-06-26,PLTR,2026-07-17,21,105.0,112.93,7.02,put,0.4968,2.06,2.25,2.155,1165,9157,-0.2436,71.75,2.052,35.67,market
2026-06-26,PLTR,2026-07-17,21,110.0,112.93,2.59,put,0.4987,3.7,4.1,3.9,5698,16331,-0.3807,57.3,3.545,61.62,market
2026-06-26,PLTR,2026-07-17,21,115.0,112.93,0.0,put,0.4797,6.15,6.45,6.3,429,12739,-0.53,42.45,5.478,95.22,market
2026-06-26,PLTR,2026-07-17,21,120.0,112.93,0.0,put,0.4783,9.3,9.7,9.5,879,21452,-0.6725,28.72,7.917,137.6,market
2026-06-26,PLTR,2026-07-17,21,125.0,112.93,0.0,put,0.5252,13.1,13.95,13.525,257,12882,-0.7643,19.87,10.82,188.06,market
2026-06-26,PLTR,2026-07-17,21,130.0,112.93,0.0,put,0.5005,17.5,18.0,17.75,247,14618,-0.8618,11.34,13.654,237.32,market
2026-06-26,PLTR,2026-07-17,21,135.0,112.93,0.0,put,0.5093,22.1,23.1,22.6,305,11428,-0.9157,6.7,16.741,290.97,market
2026-06-26,PLTR,2026-07-17,21,140.0,112.93,0.0,put,0.5649,26.95,28.1,27.525,127,11679,-0.9328,5.13,19.661,341.72,market
2026-06-26,PLTR,2026-07-17,21,145.0,112.93,0.0,put,0.6113,31.85,32.45,32.15,75,3284,-0.9465,3.93,22.172,385.38,market
2026-06-26,PLTR,2026-07-17,21,150.0,112.93,0.0,put,0.9063,35.75,38.45,37.1,76,2241,-0.8818,8.06,24.733,429.89,market
2026-06-26,PLTR,2026-07-17,21,155.0,112.93,0.0,put,0.6846,40.75,43.9,42.325,16,347,-0.9663,2.31,27.306,474.61,market
2026-06-26,PLTR,2026-07-17,21,160.0,112.93,0.0,put,0.939,45.45,47.95,46.7,21,802,-0.9224,4.98,29.188,507.31,market
2026-06-26,PLTR,2026-07-17,21,165.0,112.93,0.0,put,0.5156,50.2,53.95,52.075,6,195,-0.9986,0.1,31.561,548.55,market
2026-06-26,PLTR,2026-07-17,21,170.0,112.93,0.0,put,1.301,54.95,59.15,57.05,358,155,-0.874,7.25,33.559,583.28,market
2026-06-26,PLTR,2026-07-17,21,175.0,112.93,0.0,put,1.0996,60.9,62.9,61.9,370,240,-0.9355,3.74,35.371,614.79,market
2026-06-26,PLTR,2026-07-17,21,180.0,112.93,0.0,put,1.3672,65.0,68.85,66.925,312,77,-0.8941,5.74,37.181,646.23,market
2026-06-26,PLTR,2026-07-17,21,185.0,112.93,0.0,put,1.4424,69.95,73.95,71.95,216,71,-0.8935,5.58,38.892,675.98,market
2026-06-26,PLTR,2026-07-17,21,190.0,112.93,0.0,put,1.252,75.55,77.9,76.725,1,1,-0.9421,3.05,40.382,701.87,market
2026-06-26,PLTR,2026-07-17,21,195.0,112.93,0.0,put,1.5386,79.95,83.9,81.925,6,8,-0.9011,4.88,42.013,730.22,market
2026-06-26,PLTR,2026-07-17,21,200.0,112.93,0.0,put,1.3447,85.6,87.9,86.75,1,5,-0.9454,2.72,43.375,753.9,market
2026-06-26,PLTR,2026-07-17,21,210.0,112.93,0.0,put,1.6831,94.95,98.9,96.925,2,1,-0.9078,4.17,46.155,802.21,market
2026-06-26,PLTR,2026-07-17,21,220.0,112.93,0.0,put,1.0391,105.3,108.95,107.125,42,14,-0.9944,0.26,48.693,846.33,market
2026-06-26,PLTR,2026-07-17,21,230.0,112.93,0.0,put,0.0,0.0,0.0,116.409,2,0,-1.0,0.0,50.613,879.7,bs_fallback
2026-06-26,PLTR,2026-07-17,21,240.0,112.93,0.0,put,0.0,0.0,0.0,126.381,53,0,-1.0,0.0,52.659,915.26,bs_fallback
2026-06-26,PLTR,2026-07-17,21,250.0,112.93,0.0,put,0.0,0.0,0.0,136.352,1,0,-1.0,0.0,54.541,947.97,bs_fallback
2026-06-26,PLTR,2026-07-17,21,260.0,112.93,0.0,put,0.0,108.1,110.0,109.05,1,0,-1.0,0.0,41.942,729.0,market
2026-06-26,PLTR,2026-07-17,21,340.0,112.93,0.0,put,1.3438,225.3,228.85,227.075,0,0,-0.9994,0.02,66.787,1160.82,market
2026-06-26,PLTR,2026-07-17,21,360.0,112.93,0.0,put,1.4063,245.3,248.85,247.075,10,0,-0.9994,0.02,68.632,1192.89,market
2026-06-26,PLTR,2026-07-24,28,50.0,112.93,55.72,put,1.3477,0.0,0.32,0.138,1,3,-0.0087,97.76,0.275,3.59,bs_fallback
2026-06-26,PLTR,2026-07-24,28,65.0,112.93,42.44,put,0.9238,0.06,0.21,0.135,7,10,-0.0107,97.96,0.208,2.71,market
2026-06-26,PLTR,2026-07-24,28,70.0,112.93,38.01,put,0.8525,0.16,0.21,0.185,897,2768,-0.0154,97.28,0.264,3.45,market
2026-06-26,PLTR,2026-07-24,28,75.0,112.93,33.59,put,0.7734,0.15,0.32,0.235,4,124,-0.0209,96.57,0.313,4.08,market
2026-06-26,PLTR,2026-07-24,28,80.0,112.93,29.16,put,0.6797,0.21,0.31,0.26,24,891,-0.0258,96.06,0.325,4.24,market
2026-06-26,PLTR,2026-07-24,28,85.0,112.93,24.73,put,0.6172,0.31,0.42,0.365,268,2195,-0.0384,94.51,0.429,5.6,market
2026-06-26,PLTR,2026-07-24,28,90.0,112.93,20.3,put,0.5601,0.47,0.6,0.535,37,506,-0.0587,92.08,0.594,7.75,market
2026-06-26,PLTR,2026-07-24,28,95.0,112.93,15.88,put,0.5342,0.84,1.1,0.97,260,842,-0.1023,86.88,1.021,13.31,market
2026-06-26,PLTR,2026-07-24,28,100.0,112.93,11.45,put,0.5088,1.52,1.68,1.6,3884,1036,-0.1684,79.38,1.6,20.86,market
2026-06-26,PLTR,2026-07-24,28,105.0,112.93,7.02,put,0.509,2.6,3.05,2.825,111,778,-0.2696,68.19,2.69,35.07,market
2026-06-26,PLTR,2026-07-24,28,110.0,112.93,2.59,put,0.4793,4.15,4.65,4.4,170,1094,-0.3846,56.38,4.0,52.14,market
2026-06-26,PLTR,2026-07-24,28,115.0,112.93,0.0,put,0.4968,6.85,7.45,7.15,89,1047,-0.5141,43.14,6.217,81.05,market
2026-06-26,PLTR,2026-07-24,28,118.0,112.93,0.0,put,0.4933,8.7,9.25,8.975,27,410,-0.589,35.88,7.606,99.15,market
2026-06-26,PLTR,2026-07-24,28,119.0,112.93,0.0,put,0.5006,9.25,10.0,9.625,6,288,-0.6105,33.75,8.088,105.44,market
2026-06-26,PLTR,2026-07-24,28,120.0,112.93,0.0,put,0.4768,9.95,10.4,10.175,137,1237,-0.6423,30.97,8.479,110.53,market
2026-06-26,PLTR,2026-07-24,28,121.0,112.93,0.0,put,0.4849,10.4,11.2,10.8,1,54,-0.6621,29.03,8.926,116.35,market
2026-06-26,PLTR,2026-07-24,28,122.0,112.93,0.0,put,0.5089,10.85,12.2,11.525,11,132,-0.6738,27.71,9.447,123.14,market
2026-06-26,PLTR,2026-07-24,28,123.0,112.93,0.0,put,0.51,11.8,12.95,12.375,24,212,-0.6939,25.84,10.061,131.15,market
2026-06-26,PLTR,2026-07-24,28,124.0,112.93,0.0,put,0.5187,12.3,13.8,13.05,4,89,-0.7097,24.32,10.524,137.19,market
2026-06-26,PLTR,2026-07-24,28,125.0,112.93,0.0,put,0.4876,13.55,14.25,13.9,38,620,-0.7441,21.44,11.12,144.96,market
2026-06-26,PLTR,2026-07-24,28,126.0,112.93,0.0,put,0.5129,13.95,15.3,14.625,4,109,-0.7495,20.76,11.607,151.31,market
2026-06-26,PLTR,2026-07-24,28,127.0,112.93,0.0,put,0.5178,15.2,16.15,15.675,13,82,-0.7643,19.39,12.343,160.89,market
2026-06-26,PLTR,2026-07-24,28,128.0,112.93,0.0,put,0.5319,16.05,17.1,16.575,20,112,-0.7736,18.46,12.949,168.8,market
2026-06-26,PLTR,2026-07-24,28,129.0,112.93,0.0,put,0.4951,16.2,17.6,16.9,19,178,-0.8088,15.61,13.101,170.78,market
2026-06-26,PLTR,2026-07-24,28,130.0,112.93,0.0,put,0.5359,17.1,18.8,17.95,9,492,-0.8019,15.94,13.808,179.99,market
2026-06-26,PLTR,2026-07-24,28,131.0,112.93,0.0,put,0.5271,18.3,20.85,19.575,4,107,-0.8205,14.38,14.943,194.79,market
2026-06-26,PLTR,2026-07-24,28,132.0,112.93,0.0,put,0.594,18.15,21.0,19.575,18,97,-0.8003,15.69,14.83,193.31,market
2026-06-26,PLTR,2026-07-24,28,133.0,112.93,0.0,put,0.5046,19.1,21.15,20.125,2,73,-0.8584,11.26,15.132,197.25,market
2026-06-26,PLTR,2026-07-24,28,134.0,112.93,0.0,put,0.6895,19.95,23.55,21.75,1,103,-0.7824,16.57,16.231,211.59,market
2026-06-26,PLTR,2026-07-24,28,135.0,112.93,0.0,put,0.5635,21.55,23.35,22.45,15,387,-0.8511,11.56,16.63,216.78,market
2026-06-26,PLTR,2026-07-24,28,136.0,112.93,0.0,put,0.7073,21.95,25.4,23.675,2,60,-0.7971,15.21,17.408,226.93,market
2026-06-26,PLTR,2026-07-24,28,137.0,112.93,0.0,put,0.5259,23.3,24.9,24.1,4,19,-0.8902,8.49,17.591,229.31,market
2026-06-26,PLTR,2026-07-24,28,138.0,112.93,0.0,put,0.6431,23.75,26.6,25.175,4,28,-0.845,11.64,18.243,237.81,market
2026-06-26,PLTR,2026-07-24,28,139.0,112.93,0.0,put,0.7334,24.25,28.2,26.225,12,64,-0.8165,13.45,18.867,245.94,market
2026-06-26,PLTR,2026-07-24,28,140.0,112.93,0.0,put,0.5396,26.15,27.75,26.95,20,191,-0.9095,6.85,19.25,250.94,market
2026-06-26,PLTR,2026-07-24,28,141.0,112.93,0.0,put,0.7146,26.65,29.8,28.225,19,33,-0.8421,11.48,20.018,260.95,market
2026-06-26,PLTR,2026-07-24,28,142.0,112.93,0.0,put,0.7358,27.7,30.85,29.275,15,35,-0.8421,11.37,20.616,268.75,market
2026-06-26,PLTR,2026-07-24,28,143.0,112.93,0.0,put,0.7825,28.1,32.1,30.1,3,17,-0.8323,11.9,21.049,274.39,market
2026-06-26,PLTR,2026-07-24,28,144.0,112.93,0.0,put,0.5698,29.65,31.65,30.65,1,61,-0.9246,5.54,21.285,277.46,market
2026-06-26,PLTR,2026-07-24,28,145.0,112.93,0.0,put,0.8181,30.0,34.15,32.075,7,41,-0.8347,11.52,22.121,288.36,market
2026-06-26,PLTR,2026-07-24,28,146.0,112.93,0.0,put,0.6724,31.6,34.05,32.825,4,66,-0.8971,7.33,22.483,293.08,market
2026-06-26,PLTR,2026-07-24,28,147.0,112.93,0.0,put,0.8003,32.0,35.8,33.9,1,22,-0.8557,9.97,23.061,300.62,market
2026-06-26,PLTR,2026-07-24,28,148.0,112.93,0.0,put,0.7783,33.0,36.55,34.775,16,43,-0.8705,8.94,23.497,306.3,market
2026-06-26,PLTR,2026-07-24,28,149.0,112.93,0.0,put,0.8062,34.05,37.65,35.85,1,19,-0.8671,9.08,24.06,313.64,market
2026-06-26,PLTR,2026-07-24,28,150.0,112.93,0.0,put,0.8479,35.5,38.85,37.175,38,137,-0.8588,9.51,24.783,323.07,market
2026-06-26,PLTR,2026-07-24,28,152.5,112.93,0.0,put,0.8948,37.5,41.45,39.475,1,0,-0.8583,9.33,25.885,337.43,market
2026-06-26,PLTR,2026-07-24,28,155.0,112.93,0.0,put,0.9126,40.0,43.85,41.925,1,0,-0.8668,8.63,27.048,352.6,market
2026-06-26,PLTR,2026-07-24,28,157.5,112.93,0.0,put,0.9363,42.45,46.3,44.375,2,0,-0.8725,8.11,28.175,367.28,market
2026-06-26,PLTR,2026-07-24,28,160.0,112.93,0.0,put,0.9663,44.9,48.8,46.85,161,0,-0.8757,7.76,29.281,381.7,market
2026-06-26,PLTR,2026-07-24,28,162.5,112.93,0.0,put,1.0032,47.45,51.35,49.4,40,0,-0.8764,7.57,30.4,396.29,market
2026-06-26,PLTR,2026-07-24,28,165.0,112.93,0.0,put,1.032,49.9,53.85,51.875,5,0,-0.8791,7.27,31.439,409.83,market
2026-06-26,PLTR,2026-07-24,28,170.0,112.93,0.0,put,1.1257,54.9,59.1,57.0,1,0,-0.8736,7.28,33.529,437.08,market
2026-06-26,PLTR,2026-07-24,28,175.0,112.93,0.0,put,1.1401,59.95,63.85,61.9,5,0,-0.8882,6.27,35.371,461.09,market
2026-06-26,PLTR,2026-07-24,28,180.0,112.93,0.0,put,1.1909,64.95,68.85,66.9,0,0,-0.8919,5.86,37.167,484.49,market
2026-06-26,PLTR,2026-07-24,28,190.0,112.93,0.0,put,1.2861,74.95,78.85,76.9,0,0,-0.8982,5.18,40.474,527.6,market
2026-06-26,PLTR,2026-07-24,28,195.0,112.93,0.0,put,1.3313,79.95,83.85,81.9,1,0,-0.9009,4.89,42.0,547.5,market
2026-06-26,PLTR,2026-07-31,35,65.0,112.93,42.44,put,0.8574,0.12,0.22,0.17,191,4,-0.0128,97.53,0.262,2.73,market
2026-06-26,PLTR,2026-07-31,35,70.0,112.93,38.01,put,0.7549,0.1,0.24,0.17,15,96,-0.0145,97.44,0.243,2.53,market
2026-06-26,PLTR,2026-07-31,35,75.0,112.93,33.59,put,0.709,0.2,0.33,0.265,57,36,-0.023,96.22,0.353,3.68,market
2026-06-26,PLTR,2026-07-31,35,80.0,112.93,29.16,put,0.6592,0.29,0.49,0.39,17,104,-0.0348,94.63,0.487,5.08,market
2026-06-26,PLTR,2026-07-31,35,90.0,112.93,20.3,put,0.5496,0.7,0.83,0.765,1760,985,-0.074,89.92,0.85,8.86,market
2026-06-26,PLTR,2026-07-31,35,95.0,112.93,15.88,put,0.5193,1.17,1.33,1.25,114,501,-0.1179,84.72,1.316,13.72,market
2026-06-26,PLTR,2026-07-31,35,100.0,112.93,11.45,put,0.5066,1.96,2.36,2.16,444,1447,-0.1883,76.65,2.16,22.53,market
2026-06-26,PLTR,2026-07-31,35,105.0,112.93,7.02,put,0.5105,3.2,3.7,3.45,352,905,-0.2844,65.98,3.286,34.27,market
2026-06-26,PLTR,2026-07-31,35,110.0,112.93,2.59,put,0.5032,5.05,5.65,5.35,381,1064,-0.3907,54.84,4.864,50.72,market
2026-06-26,PLTR,2026-07-31,35,115.0,112.93,0.0,put,0.5026,7.55,8.25,7.9,70,755,-0.5032,43.5,6.87,71.64,market
2026-06-26,PLTR,2026-07-31,35,118.0,112.93,0.0,put,0.4899,9.35,9.9,9.625,6,347,-0.5722,36.93,8.157,85.06,market
2026-06-26,PLTR,2026-07-31,35,119.0,112.93,0.0,put,0.4971,9.95,10.65,10.3,11,111,-0.5917,34.98,8.655,90.26,market
2026-06-26,PLTR,2026-07-31,35,120.0,112.93,0.0,put,0.5029,10.65,11.4,11.025,37,844,-0.6107,33.11,9.188,95.81,market
2026-06-26,PLTR,2026-07-31,35,121.0,112.93,0.0,put,0.485,11.3,11.85,11.575,4,137,-0.6378,30.76,9.566,99.76,market
2026-06-26,PLTR,2026-07-31,35,122.0,112.93,0.0,put,0.4996,12.0,12.75,12.375,6,314,-0.6521,29.26,10.143,105.78,market
2026-06-26,PLTR,2026-07-31,35,123.0,112.93,0.0,put,0.4858,12.45,13.3,12.875,1,109,-0.6775,27.06,10.467,109.16,market
2026-06-26,PLTR,2026-07-31,35,124.0,112.93,0.0,put,0.5064,13.4,14.3,13.85,3,119,-0.687,25.97,11.169,116.48,market
2026-06-26,PLTR,2026-07-31,35,125.0,112.93,0.0,put,0.5223,14.2,15.25,14.725,40,431,-0.6975,24.86,11.78,122.85,market
2026-06-26,PLTR,2026-07-31,35,126.0,112.93,0.0,put,0.504,14.95,15.8,15.375,9,156,-0.7234,22.69,12.202,127.25,market
2026-06-26,PLTR,2026-07-31,35,127.0,112.93,0.0,put,0.5139,15.05,16.7,15.875,14,97,-0.735,21.56,12.5,130.36,market
2026-06-26,PLTR,2026-07-31,35,128.0,112.93,0.0,put,0.5142,16.2,17.5,16.85,3,95,-0.7508,20.15,13.164,137.28,market
2026-06-26,PLTR,2026-07-31,35,129.0,112.93,0.0,put,0.499,17.3,18.15,17.725,10,28,-0.7742,18.22,13.74,143.29,market
2026-06-26,PLTR,2026-07-31,35,130.0,112.93,0.0,put,0.5158,18.25,19.15,18.7,35,403,-0.7798,17.59,14.385,150.01,market
2026-06-26,PLTR,2026-07-31,35,131.0,112.93,0.0,put,0.5222,19.05,20.05,19.55,10,28,-0.7903,16.63,14.924,155.63,market
2026-06-26,PLTR,2026-07-31,35,132.0,112.93,0.0,put,0.4966,19.55,20.65,20.1,3,49,-0.8177,14.45,15.227,158.8,market
2026-06-26,PLTR,2026-07-31,35,133.0,112.93,0.0,put,0.4949,20.45,21.5,20.975,1,69,-0.8314,13.29,15.771,164.47,market
2026-06-26,PLTR,2026-07-31,35,134.0,112.93,0.0,put,0.5427,21.7,22.8,22.25,10,36,-0.8174,14.15,16.604,173.16,market
2026-06-26,PLTR,2026-07-31,35,135.0,112.93,0.0,put,0.5352,22.6,23.6,23.1,22,163,-0.8328,12.9,17.111,178.44,market
2026-06-26,PLTR,2026-07-31,35,136.0,112.93,0.0,put,0.4941,23.15,24.15,23.65,4,78,-0.8658,10.38,17.39,181.35,market
2026-06-26,PLTR,2026-07-31,35,137.0,112.93,0.0,put,0.5073,23.75,25.15,24.45,2,22,-0.8688,10.06,17.847,186.12,market
2026-06-26,PLTR,2026-07-31,35,138.0,112.93,0.0,put,0.5137,24.85,26.1,25.475,9,24,-0.8751,9.51,18.46,192.51,market
2026-06-26,PLTR,2026-07-31,35,139.0,112.93,0.0,put,0.5193,25.8,27.05,26.425,2,48,-0.8813,8.98,19.011,198.26,market
2026-06-26,PLTR,2026-07-31,35,140.0,112.93,0.0,put,0.5598,27.2,28.25,27.725,6,278,-0.8697,9.71,19.804,206.52,market
2026-06-26,PLTR,2026-07-31,35,141.0,112.93,0.0,put,0.5212,27.7,28.9,28.3,1,17,-0.8971,7.69,20.071,209.31,market
2026-06-26,PLTR,2026-07-31,35,142.0,112.93,0.0,put,0.5708,28.65,30.15,29.4,1,6,-0.8811,8.74,20.704,215.92,market
2026-06-26,PLTR,2026-07-31,35,143.0,112.93,0.0,put,0.5278,29.6,30.8,30.2,3,8,-0.9088,6.72,21.119,220.24,market
2026-06-26,PLTR,2026-07-31,35,144.0,112.93,0.0,put,0.521,30.05,31.7,30.875,5,9,-0.9187,5.97,21.441,223.6,market
2026-06-26,PLTR,2026-07-31,35,145.0,112.93,0.0,put,0.5415,31.5,32.75,32.125,1,99,-0.9159,6.11,22.155,231.05,market
2026-06-26,PLTR,2026-07-31,35,146.0,112.93,0.0,put,0.6035,32.85,34.05,33.45,3,14,-0.8953,7.46,22.911,238.93,market
2026-06-26,PLTR,2026-07-31,35,148.0,112.93,0.0,put,0.6182,34.35,36.0,35.175,3,10,-0.9018,6.9,23.767,247.85,market
2026-06-26,PLTR,2026-07-31,35,150.0,112.93,0.0,put,0.5278,36.95,37.95,37.45,15,74,-0.948,3.68,24.967,260.37,market
2026-06-26,PLTR,2026-07-31,35,152.5,112.93,0.0,put,0.5772,38.8,40.05,39.425,1,2,-0.9412,4.06,25.852,269.6,market
2026-06-26,PLTR,2026-07-31,35,155.0,112.93,0.0,put,0.5264,41.75,42.85,42.3,7,28,-0.9665,2.3,27.29,284.6,market
2026-06-26,PLTR,2026-07-31,35,160.0,112.93,0.0,put,0.9004,44.95,49.05,47.0,7,0,-0.8628,8.51,29.375,306.34,market
2026-06-26,PLTR,2026-07-31,35,165.0,112.93,0.0,put,0.9263,49.95,53.85,51.9,33,0,-0.8773,7.37,31.455,328.03,market
2026-06-26,PLTR,2026-07-31,35,170.0,112.93,0.0,put,0.9761,55.3,58.85,57.075,1,0,-0.8822,6.83,33.574,350.12,market
2026-06-26,PLTR,2026-07-31,35,180.0,112.93,0.0,put,1.0908,64.9,69.0,66.95,3,0,-0.8844,6.24,37.194,387.88,market
2026-06-26,SNAP,2026-07-17,21,1.0,4.41,77.32,put,0.5,0.0,0.0,0.0,2,0,0.0,100.0,0.0,0.0,bs_fallback
2026-06-26,SNAP,2026-07-17,21,2.0,4.41,54.65,put,2.1563,0.0,0.09,0.041,7,42,-0.0365,89.9,2.027,35.23,bs_fallback
2026-06-26,SNAP,2026-07-17,21,3.0,4.41,31.97,put,0.9219,0.0,0.03,0.013,100,815,-0.031,95.0,0.425,7.39,bs_fallback
2026-06-26,SNAP,2026-07-17,21,4.0,4.41,9.3,put,0.5391,0.07,0.08,0.075,159,28625,-0.2,76.18,1.875,32.59,market
2026-06-26,SNAP,2026-07-17,21,5.0,4.41,0.0,put,0.5469,0.63,0.67,0.65,70,12808,-0.8078,15.84,13.0,225.95,market
2026-06-26,SNAP,2026-07-17,21,6.0,4.41,0.0,put,0.6719,1.56,1.64,1.6,142,16901,-0.965,2.42,26.667,463.49,market
2026-06-26,SNAP,2026-07-17,21,7.0,4.41,0.0,put,1.6328,2.55,2.9,2.725,5,6066,-0.8356,8.56,38.929,676.62,market
2026-06-26,SNAP,2026-07-17,21,8.0,4.41,0.0,put,2.2656,3.5,4.15,3.825,4,1284,-0.7936,8.65,47.812,831.03,market
2026-06-26,SNAP,2026-07-17,21,9.0,4.41,0.0,put,2.6094,3.2,6.5,4.85,2,1,-0.7945,7.38,53.889,936.64,market
2026-06-26,SNAP,2026-07-17,21,10.0,4.41,0.0,put,1.7969,3.55,7.7,5.625,2,10,-0.9533,1.75,56.25,977.68,market
2026-06-26,SNAP,2026-07-17,21,11.0,4.41,0.0,put,3.0234,5.0,8.7,6.85,2,0,-0.8143,5.27,62.273,1082.36,market
2026-06-26,SNAP,2026-07-17,21,12.0,4.41,0.0,put,3.5156,6.2,9.7,7.95,2,0,-0.777,5.42,66.25,1151.49,market
2026-06-26,SNAP,2026-07-17,21,13.0,4.41,0.0,put,3.6797,7.2,10.7,8.95,2,0,-0.7824,4.82,68.846,1196.61,market
2026-06-26,SNAP,2026-07-17,21,14.0,4.41,0.0,put,0.0,7.55,8.35,7.95,4,0,-1.0,0.0,56.786,986.99,market
2026-06-26,SNAP,2026-07-17,21,15.0,4.41,0.0,put,3.9531,9.2,12.7,10.95,1,0,-0.7921,3.9,73.0,1268.81,market
2026-06-26,SNAP,2026-07-24,28,3.5,4.41,20.63,put,0.6484,0.03,0.04,0.035,1,154,-0.0811,88.85,1.0,13.04,market
2026-06-26,SNAP,2026-07-24,28,4.0,4.41,9.3,put,0.6016,0.11,0.14,0.125,54,175,-0.2445,70.03,3.125,40.74,market
2026-06-26,SNAP,2026-07-24,28,4.5,4.41,0.0,put,0.5938,0.31,0.38,0.345,8,809,-0.5069,42.79,7.667,99.94,market
2026-06-26,SNAP,2026-07-24,28,5.0,4.41,0.0,put,0.6016,0.64,0.75,0.695,3,606,-0.7413,20.79,13.9,181.2,market
2026-06-26,SNAP,2026-07-24,28,5.5,4.41,0.0,put,0.8281,1.08,1.31,1.195,9,284,-0.7972,14.44,21.727,283.23,market
2026-06-26,SNAP,2026-07-24,28,6.0,4.41,0.0,put,1.7383,0.47,1.99,1.23,1,11,-0.652,19.15,20.5,267.23,market
2026-06-26,SNAP,2026-07-24,28,6.5,4.41,0.0,put,1.0859,0.94,3.4,2.17,4,3,-0.8701,7.67,33.385,435.19,market
2026-06-26,SNAP,2026-07-24,28,7.0,4.41,0.0,put,2.5586,1.44,3.2,2.32,2,87,-0.615,15.84,33.143,432.04,market
2026-06-26,SNAP,2026-07-24,28,8.0,4.41,0.0,put,1.4375,1.58,5.75,3.665,1,3,-0.901,4.6,45.812,597.2,market
2026-06-26,SNAP,2026-07-24,28,8.5,4.41,0.0,put,1.4141,2.08,6.2,4.14,1,2,-0.9292,3.13,48.706,634.92,market
2026-06-26,SNAP,2026-07-31,35,3.0,4.41,31.97,put,0.9219,0.0,0.09,0.041,1,2,-0.0656,88.95,1.353,14.11,bs_fallback
2026-06-26,SNAP,2026-07-31,35,3.5,4.41,20.63,put,3.2266,0.02,2.21,1.115,2,494,-0.231,39.61,31.857,332.22,market
2026-06-26,SNAP,2026-07-31,35,4.0,4.41,9.3,put,0.6914,0.16,0.23,0.195,58,568,-0.2792,64.47,4.875,50.84,market
2026-06-26,SNAP,2026-07-31,35,4.5,4.41,0.0,put,0.5352,0.15,0.54,0.345,33,788,-0.504,43.02,7.667,79.95,market
2026-06-26,SNAP,2026-07-31,35,5.0,4.41,0.0,put,0.6953,0.01,1.53,0.77,71,331,-0.6748,25.19,15.4,160.6,market
2026-06-26,SNAP,2026-07-31,35,5.5,4.41,0.0,put,1.3203,0.01,2.93,1.47,26,75,-0.6271,23.18,26.727,278.73,market
2026-06-26,SNAP,2026-07-31,35,6.0,4.41,0.0,put,1.0664,0.01,3.5,1.755,47,50,-0.7742,13.94,29.25,305.04,market
2026-06-26,ROKU,2026-07-17,21,45.0,135.4,66.77,put,2.7373,0.0,2.13,0.939,0,1,-0.0222,91.21,2.086,36.26,bs_fallback
2026-06-26,ROKU,2026-07-17,21,50.0,135.4,63.07,put,2.4961,0.0,2.13,0.939,1,4,-0.0245,91.46,1.877,32.63,bs_fallback
2026-06-26,ROKU,2026-07-17,21,55.0,135.4,59.38,put,1.7891,0.0,0.55,0.231,10,33,-0.0102,97.07,0.42,7.3,bs_fallback
2026-06-26,ROKU,2026-07-17,21,60.0,135.4,55.69,put,0.5,0.0,0.0,0.0,1,0,-0.0,100.0,0.0,0.0,bs_fallback
2026-06-26,ROKU,2026-07-17,21,65.0,135.4,51.99,put,1.2422,0.0,0.15,0.06,1,21,-0.0044,98.99,0.093,1.61,bs_fallback
2026-06-26,ROKU,2026-07-17,21,70.0,135.4,48.3,put,1.7339,0.0,2.13,0.94,2,43,-0.0358,91.7,1.342,23.33,bs_fallback
2026-06-26,ROKU,2026-07-17,21,75.0,135.4,44.61,put,1.2861,0.0,0.75,0.319,2,257,-0.0188,96.16,0.426,7.4,bs_fallback
2026-06-26,ROKU,2026-07-17,21,80.0,135.4,40.92,put,0.7656,0.0,0.03,0.011,5,726,-0.0015,99.74,0.014,0.24,bs_fallback
2026-06-26,ROKU,2026-07-17,21,85.0,135.4,37.22,put,1.2925,0.0,2.13,0.941,2,219,-0.0478,91.25,1.107,19.24,bs_fallback
2026-06-26,ROKU,2026-07-17,21,90.0,135.4,33.53,put,0.625,0.0,0.04,0.015,3,163,-0.0024,99.62,0.017,0.29,bs_fallback
2026-06-26,ROKU,2026-07-17,21,95.0,135.4,29.84,put,1.0352,0.0,2.13,0.941,3,689,-0.059,90.57,0.991,17.22,bs_fallback
2026-06-26,ROKU,2026-07-17,21,100.0,135.4,26.14,put,0.541,0.0,0.06,0.047,2,658,-0.0077,98.91,0.047,0.81,bs_fallback
2026-06-26,ROKU,2026-07-17,21,105.0,135.4,22.45,put,0.6445,0.0,0.86,0.367,1,392,-0.0409,94.36,0.35,6.08,bs_fallback
2026-06-26,ROKU,2026-07-17,21,110.0,135.4,18.76,put,0.4043,0.0,0.08,0.062,26,810,-0.0132,98.31,0.057,0.99,bs_fallback
2026-06-26,ROKU,2026-07-17,21,115.0,135.4,15.07,put,0.3457,0.0,0.11,0.087,4,756,-0.0204,97.52,0.075,1.31,bs_fallback
2026-06-26,ROKU,2026-07-17,21,120.0,135.4,11.37,put,0.2637,0.04,0.1,0.07,6,295,-0.0235,97.28,0.058,1.01,market
2026-06-26,ROKU,2026-07-17,21,125.0,135.4,7.68,put,0.2568,0.0,0.4,0.332,22,325,-0.0846,90.54,0.265,4.61,bs_fallback
2026-06-26,ROKU,2026-07-17,21,130.0,135.4,3.99,put,0.2783,0.1,1.54,0.82,7,491,-0.2463,73.22,0.631,10.96,market
2026-06-26,ROKU,2026-07-17,21,135.0,135.4,0.3,put,0.3511,0.66,4.45,2.555,52,619,-0.4557,51.08,1.893,32.9,market
2026-06-26,ROKU,2026-07-17,21,140.0,135.4,0.0,put,0.2748,4.2,6.45,5.325,8,170,-0.6665,30.99,3.804,66.11,market
2026-06-26,ROKU,2026-07-17,21,145.0,135.4,0.0,put,0.4209,8.25,11.8,10.025,1,39,-0.7256,24.18,6.914,120.17,market
2026-06-26,ROKU,2026-07-17,21,150.0,135.4,0.0,put,0.4922,12.85,16.5,14.675,2,2,-0.7835,18.35,9.783,170.04,market
2026-06-26,ROKU,2026-07-17,21,155.0,135.4,0.0,put,0.5815,17.75,21.5,19.625,11,0,-0.8102,15.43,12.661,220.07,market
2026-06-26,ROKU,2026-07-17,21,160.0,135.4,0.0,put,0.6636,22.5,26.5,24.5,5,0,-0.8292,13.34,15.313,266.15,market
2026-06-26,ROKU,2026-07-17,21,165.0,135.4,0.0,put,0.74,27.5,31.5,29.5,1,0,-0.8435,11.77,17.879,310.75,market
2026-06-26,ROKU,2026-07-17,21,170.0,135.4,0.0,put,1.771,45.7,48.35,47.025,1,0,-0.6242,22.92,27.662,480.79,market
2026-06-26,ROKU,2026-07-24,28,70.0,135.4,48.3,put,1.5103,0.0,2.13,0.96,0,1,-0.0363,91.58,1.371,17.88,bs_fallback
2026-06-26,ROKU,2026-07-24,28,75.0,135.4,44.61,put,1.374,0.0,2.13,0.959,1,1,-0.0398,91.5,1.278,16.67,bs_fallback
2026-06-26,ROKU,2026-07-24,28,80.0,135.4,40.92,put,1.2466,0.0,2.13,0.959,0,1,-0.0438,91.35,1.199,15.63,bs_fallback
2026-06-26,ROKU,2026-07-24,28,100.0,135.4,26.14,put,0.5264,0.0,0.13,0.108,5,483,-0.0147,97.89,0.108,1.4,bs_fallback
2026-06-26,ROKU,2026-07-24,28,105.0,135.4,22.45,put,0.6958,0.0,2.14,0.957,0,8,-0.0755,89.31,0.911,11.88,bs_fallback
2026-06-26,ROKU,2026-07-24,28,109.0,135.4,19.5,put,0.6167,0.0,2.14,0.956,10,11,-0.0842,88.62,0.877,11.44,bs_fallback
2026-06-26,ROKU,2026-07-24,28,110.0,135.4,18.76,put,0.5977,0.0,2.15,0.959,2,5,-0.0868,88.4,0.872,11.37,bs_fallback
2026-06-26,ROKU,2026-07-24,28,112.0,135.4,17.28,put,0.5596,0.0,2.16,0.964,1,1,-0.0923,87.93,0.861,11.22,bs_fallback
2026-06-26,ROKU,2026-07-24,28,113.0,135.4,16.54,put,0.5486,0.0,1.14,1.017,39,49,-0.0983,87.28,0.9,11.74,bs_fallback
2026-06-26,ROKU,2026-07-24,28,114.0,135.4,15.81,put,0.5212,0.0,2.17,0.966,0,10,-0.0985,87.41,0.847,11.04,bs_fallback
2026-06-26,ROKU,2026-07-24,28,115.0,135.4,15.07,put,0.3682,0.0,0.32,0.269,17,20,-0.0455,94.39,0.234,3.05,bs_fallback
2026-06-26,ROKU,2026-07-24,28,118.0,135.4,12.85,put,0.5706,0.0,2.21,2.018,0,2,-0.1651,79.27,1.71,22.29,bs_fallback
2026-06-26,ROKU,2026-07-24,28,119.0,135.4,12.11,put,0.5493,0.0,2.22,2.027,0,3,-0.1711,78.75,1.703,22.2,bs_fallback
2026-06-26,ROKU,2026-07-24,28,120.0,135.4,11.37,put,0.3247,0.0,0.51,0.433,64,43,-0.0763,90.99,0.361,4.71,bs_fallback
2026-06-26,ROKU,2026-07-24,28,122.0,135.4,9.9,put,0.4688,0.0,2.08,1.888,0,1,-0.1848,77.85,1.548,20.18,bs_fallback
2026-06-26,ROKU,2026-07-24,28,125.0,135.4,7.68,put,0.3037,0.0,1.05,0.917,3,21,-0.1497,82.99,0.734,9.56,bs_fallback
2026-06-26,ROKU,2026-07-24,28,127.0,135.4,6.2,put,0.3949,0.0,2.56,2.333,0,5,-0.2497,71.43,1.837,23.94,bs_fallback
2026-06-26,ROKU,2026-07-24,28,129.0,135.4,4.73,put,0.2406,0.0,1.25,1.086,15,68,-0.2068,77.36,0.842,10.98,bs_fallback
2026-06-26,ROKU,2026-07-24,28,130.0,135.4,3.99,put,0.2784,0.5,2.0,1.25,1,65,-0.2689,70.5,0.962,12.53,market
2026-06-26,ROKU,2026-07-24,28,131.0,135.4,3.25,put,0.3301,0.0,3.05,2.785,5,25,-0.3267,63.97,2.126,27.72,bs_fallback
2026-06-26,ROKU,2026-07-24,28,132.0,135.4,2.51,put,0.3167,0.0,3.25,2.972,108,58,-0.3529,61.4,2.252,29.35,bs_fallback
2026-06-26,ROKU,2026-07-24,28,133.0,135.4,1.77,put,0.2704,0.21,2.99,1.6,1,40,-0.3717,59.97,1.203,15.68,market
2026-06-26,ROKU,2026-07-24,28,134.0,135.4,1.03,put,0.2982,0.79,3.85,2.32,124,63,-0.4154,55.21,1.731,22.57,market
2026-06-26,ROKU,2026-07-24,28,135.0,135.4,0.3,put,0.3091,1.36,4.5,2.93,2,40,-0.4514,51.46,2.17,28.29,market
2026-06-26,ROKU,2026-07-24,28,136.0,135.4,0.0,put,0.2881,1.25,4.7,2.975,1,16,-0.487,48.12,2.188,28.52,market
2026-06-26,ROKU,2026-07-24,28,137.0,135.4,0.0,put,0.2843,1.71,5.2,3.455,5,8,-0.5244,44.44,2.522,32.87,market
2026-06-26,ROKU,2026-07-24,28,138.0,135.4,0.0,put,0.2815,2.36,5.75,4.055,5,14,-0.5619,40.76,2.938,38.3,market
2026-06-26,ROKU,2026-07-24,28,140.0,135.4,0.0,put,0.293,3.8,7.2,5.5,1,19,-0.627,34.27,3.929,51.21,market
2026-06-26,ROKU,2026-07-24,28,141.0,135.4,0.0,put,0.2975,4.6,7.95,6.275,1,37,-0.6569,31.33,4.45,58.01,market
2026-06-26,ROKU,2026-07-24,28,142.0,135.4,0.0,put,0.2964,5.4,8.65,7.025,12,6,-0.6886,28.3,4.947,64.49,market
2026-06-26,ROKU,2026-07-24,28,145.0,135.4,0.0,put,0.3547,8.4,11.65,10.025,8,4,-0.7287,23.97,6.914,90.13,market
2026-06-26,ROKU,2026-07-24,28,150.0,135.4,0.0,put,0.4331,12.6,16.55,14.575,1,0,-0.7769,18.9,9.717,126.66,market
2026-06-26,ROKU,2026-07-24,28,160.0,135.4,0.0,put,0.5779,22.55,26.5,24.525,0,0,-0.8261,13.59,15.328,199.81,market
2026-06-26,ROKU,2026-07-24,28,165.0,135.4,0.0,put,0.6499,27.55,31.55,29.55,0,0,-0.8382,12.16,17.909,233.46,market
2026-06-26,ROKU,2026-07-24,28,170.0,135.4,0.0,put,0.7068,32.5,36.5,34.5,0,0,-0.852,10.73,20.294,264.55,market
2026-06-26,ROKU,2026-07-31,35,70.0,135.4,48.3,put,0.9629,0.0,0.3,0.129,0,1,-0.0087,98.12,0.185,1.93,bs_fallback
2026-06-26,ROKU,2026-07-31,35,75.0,135.4,44.61,put,1.2358,0.0,2.15,0.978,0,1,-0.0403,91.38,1.303,13.59,bs_fallback
2026-06-26,ROKU,2026-07-31,35,80.0,135.4,40.92,put,1.1221,0.0,2.16,0.98,1,2,-0.0444,91.22,1.225,12.78,bs_fallback
2026-06-26,ROKU,2026-07-31,35,90.0,135.4,33.53,put,0.9136,0.0,2.19,0.991,0,1,-0.0546,90.64,1.101,11.48,bs_fallback
2026-06-26,ROKU,2026-07-31,35,95.0,135.4,29.84,put,0.8159,0.0,2.2,0.994,0,1,-0.0608,90.24,1.046,10.91,bs_fallback
2026-06-26,ROKU,2026-07-31,35,100.0,135.4,26.14,put,0.7227,0.0,2.22,1.0,1,1,-0.0684,89.69,1.0,10.43,bs_fallback
2026-06-26,ROKU,2026-07-31,35,105.0,135.4,22.45,put,0.6323,0.0,2.24,1.006,1,8,-0.0777,88.97,0.958,9.99,bs_fallback
2026-06-26,ROKU,2026-07-31,35,109.0,135.4,19.5,put,0.562,0.0,2.26,1.012,0,0,-0.0868,88.23,0.929,9.69,bs_fallback
2026-06-26,ROKU,2026-07-31,35,110.0,135.4,18.76,put,0.5442,0.0,2.26,1.011,1,7,-0.0892,88.04,0.919,9.59,bs_fallback
2026-06-26,ROKU,2026-07-31,35,113.0,135.4,16.54,put,0.6194,0.0,2.28,2.089,39,40,-0.1437,80.84,1.849,19.28,bs_fallback
2026-06-26,ROKU,2026-07-31,35,116.0,135.4,14.33,put,0.5606,0.0,2.3,2.102,0,3,-0.1574,79.72,1.812,18.89,bs_fallback
2026-06-26,ROKU,2026-07-31,35,118.0,135.4,12.85,put,0.523,0.0,2.33,2.127,2,1,-0.1685,78.76,1.802,18.8,bs_fallback
2026-06-26,ROKU,2026-07-31,35,119.0,135.4,12.11,put,0.5044,0.0,2.35,2.143,1,4,-0.1748,78.21,1.801,18.78,bs_fallback
2026-06-26,ROKU,2026-07-31,35,120.0,135.4,11.37,put,0.3576,0.0,1.03,0.902,69,45,-0.1172,85.96,0.752,7.84,bs_fallback
2026-06-26,ROKU,2026-07-31,35,123.0,135.4,9.16,put,0.4332,0.0,2.48,2.256,102,3,-0.2065,75.32,1.834,19.13,bs_fallback
2026-06-26,ROKU,2026-07-31,35,125.0,135.4,7.68,put,0.4004,0.0,2.6,2.363,1,4,-0.2281,73.28,1.89,19.71,bs_fallback
2026-06-26,ROKU,2026-07-31,35,126.0,135.4,6.94,put,0.3884,0.0,2.73,2.481,3,3,-0.2425,71.83,1.969,20.54,bs_fallback
2026-06-26,ROKU,2026-07-31,35,130.0,135.4,3.99,put,0.3429,0.0,3.4,3.101,3,6,-0.3151,64.63,2.385,24.87,bs_fallback
2026-06-26,ROKU,2026-07-31,35,132.0,135.4,2.51,put,0.3306,0.27,4.0,2.135,1,12,-0.3645,59.64,1.617,16.87,market
2026-06-26,ROKU,2026-07-31,35,135.0,135.4,0.3,put,0.3189,1.5,5.2,3.35,8,9,-0.4491,51.16,2.481,25.88,market
2026-06-26,ROKU,2026-07-31,35,137.0,135.4,0.0,put,0.3144,2.46,6.2,4.33,1,1,-0.5091,45.22,3.161,32.96,market
2026-06-26,ROKU,2026-07-31,35,138.0,135.4,0.0,put,0.3185,3.1,6.85,4.975,8,9,-0.5378,42.33,3.605,37.6,market
2026-06-26,ROKU,2026-07-31,35,140.0,135.4,0.0,put,0.3219,4.25,8.15,6.2,2,39,-0.5938,36.81,4.429,46.18,market
2026-06-26,ROKU,2026-07-31,35,145.0,135.4,0.0,put,0.3501,8.2,12.1,10.15,1,1,-0.7031,26.05,7.0,73.0,market
2026-06-26,ROKU,2026-07-31,35,150.0,135.4,0.0,put,0.4006,12.75,16.7,14.725,15,0,-0.7657,19.8,9.817,102.37,market
2026-06-26,ROKU,2026-07-31,35,160.0,135.4,0.0,put,0.5188,22.55,26.5,24.525,0,0,-0.8235,13.79,15.328,159.85,market
2026-06-26,ROKU,2026-07-31,35,165.0,135.4,0.0,put,0.5784,27.55,31.5,29.525,0,0,-0.8383,12.17,17.894,186.61,market
2026-06-26,MARA,2026-07-17,21,3.0,14.54,79.37,put,4.3984,0.0,0.41,0.185,1,1,-0.0214,83.43,6.167,107.19,bs_fallback
2026-06-26,MARA,2026-07-17,21,4.0,14.54,72.49,put,2.0,0.0,0.01,0.004,4,16,-0.0017,99.3,0.096,1.66,bs_fallback
2026-06-26,MARA,2026-07-17,21,5.0,14.54,65.61,put,1.9688,0.0,0.04,0.016,5,27,-0.0062,97.88,0.317,5.52,bs_fallback
2026-06-26,MARA,2026-07-17,21,6.0,14.54,58.73,put,2.1563,0.0,0.19,0.083,2,599,-0.0241,92.76,1.376,23.91,bs_fallback
2026-06-26,MARA,2026-07-17,21,7.0,14.54,51.86,put,1.9844,0.0,0.28,0.125,7,988,-0.0376,90.39,1.787,31.05,bs_fallback
2026-06-26,MARA,2026-07-17,21,8.0,14.54,44.98,put,1.3516,0.01,0.09,0.05,100,5283,-0.022,95.45,0.625,10.86,market
2026-06-26,MARA,2026-07-17,21,9.0,14.54,38.1,put,1.2578,0.03,0.15,0.09,130,1401,-0.04,92.63,1.0,17.38,market
2026-06-26,MARA,2026-07-17,21,10.0,14.54,31.22,put,0.9961,0.07,0.09,0.08,283,3454,-0.0447,92.78,0.8,13.9,market
2026-06-26,MARA,2026-07-17,21,11.0,14.54,24.35,put,0.9492,0.14,0.19,0.165,151,2902,-0.0882,86.95,1.5,26.07,market
2026-06-26,MARA,2026-07-17,21,12.0,14.54,17.47,put,0.8945,0.28,0.33,0.305,3324,7192,-0.1549,78.84,2.542,44.18,market
2026-06-26,MARA,2026-07-17,21,13.0,14.54,10.59,put,0.8633,0.52,0.58,0.55,1636,11583,-0.2552,67.4,4.231,73.53,market
2026-06-26,MARA,2026-07-17,21,14.0,14.54,3.71,put,0.8535,0.9,0.98,0.94,222,2628,-0.3816,53.85,6.714,116.7,market
2026-06-26,MARA,2026-07-17,21,15.0,14.54,0.0,put,0.8945,1.41,1.66,1.535,76,1905,-0.5098,40.55,10.233,177.87,market
2026-06-26,MARA,2026-07-17,21,16.0,14.54,0.0,put,0.8691,2.0,2.31,2.155,19,389,-0.6334,29.14,13.469,234.1,market
2026-06-26,MARA,2026-07-17,21,17.0,14.54,0.0,put,0.8809,2.7,3.15,2.925,2,150,-0.7326,20.28,17.206,299.05,market
2026-06-26,MARA,2026-07-17,21,18.0,14.54,0.0,put,0.873,3.2,4.3,3.75,1,129,-0.8162,13.34,20.833,362.1,market
2026-06-26,MARA,2026-07-17,21,19.0,14.54,0.0,put,0.8164,4.05,5.15,4.6,2,32,-0.895,7.36,24.211,420.8,market
2026-06-26,MARA,2026-07-17,21,20.0,14.54,0.0,put,1.3633,5.25,6.7,5.975,1,16,-0.7889,12.93,29.875,519.26,market
2026-06-26,MARA,2026-07-17,21,21.0,14.54,0.0,put,0.8711,5.2,7.85,6.525,7,1,-0.9496,3.21,31.071,540.05,market
2026-06-26,MARA,2026-07-17,21,24.0,14.54,0.0,put,1.6523,8.1,11.6,9.85,4,2,-0.8552,7.28,41.042,713.34,market
2026-06-26,MARA,2026-07-17,21,25.0,14.54,0.0,put,1.3633,8.65,12.55,10.6,2,31,-0.9312,3.5,42.4,736.95,market
2026-06-26,MARA,2026-07-24,28,8.0,14.54,44.98,put,1.4648,0.0,0.29,0.131,1,5,-0.046,89.96,1.642,21.4,bs_fallback
2026-06-26,MARA,2026-07-24,28,8.5,14.54,41.54,put,1.5781,0.0,0.54,0.248,1,9,-0.0728,84.58,2.918,38.04,bs_fallback
2026-06-26,MARA,2026-07-24,28,9.0,14.54,38.1,put,1.168,0.0,0.24,0.109,45,50,-0.0488,90.87,1.206,15.72,bs_fallback
2026-06-26,MARA,2026-07-24,28,9.5,14.54,34.66,put,1.0703,0.03,0.22,0.125,1,274,-0.0551,90.33,1.316,17.15,market
2026-06-26,MARA,2026-07-24,28,10.0,14.54,31.22,put,0.9531,0.09,0.15,0.12,103,759,-0.0589,90.33,1.2,15.64,market
2026-06-26,MARA,2026-07-24,28,10.5,14.54,27.79,put,0.9531,0.11,0.25,0.18,32,5051,-0.0838,86.77,1.714,22.35,market
2026-06-26,MARA,2026-07-24,28,11.0,14.54,24.35,put,0.9453,0.18,0.33,0.255,108,153,-0.1129,82.88,2.318,30.22,market
2026-06-26,MARA,2026-07-24,28,11.5,14.54,20.91,put,0.9121,0.2,0.45,0.325,30,144,-0.1423,79.31,2.826,36.84,market
2026-06-26,MARA,2026-07-24,28,12.0,14.54,17.47,put,0.8984,0.39,0.47,0.43,174,378,-0.181,74.62,3.583,46.71,market
2026-06-26,MARA,2026-07-24,28,12.5,14.54,14.03,put,0.8936,0.53,0.61,0.57,79,189,-0.2266,69.24,4.56,59.44,market
2026-06-26,MARA,2026-07-24,28,13.0,14.54,10.59,put,0.8877,0.69,0.78,0.735,88,433,-0.2763,63.61,5.654,73.7,market
2026-06-26,MARA,2026-07-24,28,13.5,14.54,7.15,put,0.9473,0.88,1.17,1.025,29,179,-0.3341,56.6,7.593,98.97,market
2026-06-26,MARA,2026-07-24,28,14.0,14.54,3.71,put,0.8828,1.09,1.23,1.16,18,100,-0.3849,51.92,8.286,108.01,market
2026-06-26,MARA,2026-07-24,28,14.5,14.54,0.28,put,0.9121,1.34,1.59,1.465,62,54,-0.4394,46.01,10.103,131.71,market
2026-06-26,MARA,2026-07-24,28,15.0,14.54,0.0,put,0.9199,1.62,1.91,1.765,4,125,-0.4919,40.73,11.767,153.39,market
2026-06-26,MARA,2026-07-24,28,15.5,14.54,0.0,put,0.8887,1.92,2.13,2.025,1,20,-0.5482,35.67,13.065,170.31,market
2026-06-26,MARA,2026-07-24,28,16.0,14.54,0.0,put,0.834,2.07,2.48,2.275,14,38,-0.6111,30.39,14.219,185.35,market
2026-06-26,MARA,2026-07-24,28,17.0,14.54,0.0,put,0.8496,2.53,3.55,3.04,2,287,-0.702,22.2,17.882,233.11,market
2026-06-26,MARA,2026-07-24,28,17.5,14.54,0.0,put,0.9141,3.1,3.95,3.525,5,5,-0.7225,19.95,20.143,262.58,market
2026-06-26,MARA,2026-07-31,35,9.5,14.54,34.66,put,1.082,0.0,0.4,0.183,4,5,-0.0732,86.8,1.927,20.09,bs_fallback
2026-06-26,MARA,2026-07-31,35,10.0,14.54,31.22,put,0.9531,0.12,0.24,0.18,27,62,-0.0761,87.22,1.8,18.77,market
2026-06-26,MARA,2026-07-31,35,10.5,14.54,27.79,put,1.0449,0.08,0.6,0.34,5,23,-0.1185,80.48,3.238,33.77,market
2026-06-26,MARA,2026-07-31,35,11.0,14.54,24.35,put,1.0293,0.22,0.65,0.435,61,132,-0.1469,76.76,3.955,41.24,market
2026-06-26,MARA,2026-07-31,35,11.5,14.54,20.91,put,0.9648,0.33,0.65,0.49,51,46,-0.1709,74.27,4.261,44.43,market
2026-06-26,MARA,2026-07-31,35,12.0,14.54,17.47,put,0.9688,0.42,0.86,0.64,38,169,-0.2101,69.36,5.333,55.62,market
2026-06-26,MARA,2026-07-31,35,12.5,14.54,14.03,put,1.0117,0.47,1.28,0.875,10,56,-0.2564,63.35,7.0,73.0,market
2026-06-26,MARA,2026-07-31,35,13.0,14.54,10.59,put,0.9375,0.54,1.37,0.955,29,267,-0.2921,60.14,7.346,76.61,market
2026-06-26,MARA,2026-07-31,35,13.5,14.54,7.15,put,0.96,0.69,1.73,1.21,151,444,-0.3393,54.66,8.963,93.47,market
2026-06-26,MARA,2026-07-31,35,14.0,14.54,3.71,put,0.9014,0.95,1.75,1.35,121,3096,-0.385,50.53,9.643,100.56,market
2026-06-26,MARA,2026-07-31,35,14.5,14.54,0.28,put,0.9268,1.37,1.95,1.66,14,110,-0.4326,45.34,11.448,119.39,market
2026-06-26,MARA,2026-07-31,35,15.0,14.54,0.0,put,1.1895,0.95,3.9,2.425,6,80,-0.4552,39.91,16.167,168.6,market
2026-06-26,MARA,2026-07-31,35,15.5,14.54,0.0,put,0.8691,1.72,2.59,2.155,3,16,-0.5339,36.16,13.903,144.99,market
2026-06-26,MARA,2026-07-31,35,16.0,14.54,0.0,put,0.9072,2.06,3.05,2.555,35,159,-0.5726,32.13,15.969,166.53,market
2026-06-26,MARA,2026-07-31,35,16.5,14.54,0.0,put,0.8398,2.18,3.4,2.79,2,9,-0.6322,27.5,16.909,176.34,market
2026-06-26,MARA,2026-07-31,35,17.0,14.54,0.0,put,0.5801,1.84,3.7,2.77,30,52,-0.7745,17.53,16.294,169.92,market
2026-06-26,MARA,2026-07-31,35,25.0,14.54,0.0,put,1.6895,8.75,11.25,10.0,2,1,-0.7779,9.88,40.0,417.14,market
2026-06-26,JPM,2026-07-17,21,150.0,329.05,54.41,put,1.0547,0.0,0.04,0.014,1,21,-0.0006,99.86,0.009,0.16,bs_fallback
2026-06-26,JPM,2026-07-17,21,160.0,329.05,51.38,put,1.1055,0.0,0.15,0.058,2,135,-0.0021,99.53,0.036,0.63,bs_fallback
2026-06-26,JPM,2026-07-17,21,165.0,329.05,49.86,put,1.167,0.0,0.35,0.139,1,69,-0.0044,99.03,0.084,1.47,bs_fallback
2026-06-26,JPM,2026-07-17,21,170.0,329.05,48.34,put,1.0176,0.0,0.15,0.057,1,54,-0.0023,99.53,0.034,0.59,bs_fallback
2026-06-26,JPM,2026-07-17,21,175.0,329.05,46.82,put,0.9766,0.0,0.15,0.058,1,33,-0.0024,99.52,0.033,0.57,bs_fallback
2026-06-26,JPM,2026-07-17,21,180.0,329.05,45.3,put,1.0313,0.0,0.35,0.139,1,48,-0.005,99.0,0.077,1.35,bs_fallback
2026-06-26,JPM,2026-07-17,21,185.0,329.05,43.78,put,0.9805,0.0,0.33,0.13,6,65,-0.005,99.04,0.07,1.22,bs_fallback
2026-06-26,JPM,2026-07-17,21,190.0,329.05,42.26,put,0.8848,0.0,0.2,0.077,28,83,-0.0034,99.37,0.04,0.7,bs_fallback
2026-06-26,JPM,2026-07-17,21,195.0,329.05,40.74,put,0.9873,0.0,0.67,0.274,69,31,-0.0096,98.23,0.14,2.44,bs_fallback
2026-06-26,JPM,2026-07-17,21,200.0,329.05,39.22,put,0.9619,0.0,0.76,0.312,9,2691,-0.0111,98.01,0.156,2.72,bs_fallback
2026-06-26,JPM,2026-07-17,21,205.0,329.05,37.7,put,1.0906,0.0,2.14,0.915,36,24,-0.0255,95.44,0.446,7.76,bs_fallback
2026-06-26,JPM,2026-07-17,21,210.0,329.05,36.18,put,0.7188,0.0,0.16,0.062,3,69,-0.0034,99.44,0.029,0.51,bs_fallback
2026-06-26,JPM,2026-07-17,21,215.0,329.05,34.66,put,0.9966,0.0,2.15,0.919,3,74,-0.0279,95.28,0.427,7.43,bs_fallback
2026-06-26,JPM,2026-07-17,21,220.0,329.05,33.14,put,0.7817,0.0,0.67,0.273,1,259,-0.012,98.07,0.124,2.16,bs_fallback
2026-06-26,JPM,2026-07-17,21,225.0,329.05,31.62,put,0.8272,0.0,1.31,0.548,3,171,-0.0212,96.65,0.244,4.24,bs_fallback
2026-06-26,JPM,2026-07-17,21,230.0,329.05,30.1,put,0.5664,0.0,0.12,0.045,1,283,-0.0032,99.52,0.02,0.34,bs_fallback
2026-06-26,JPM,2026-07-17,21,235.0,329.05,28.58,put,0.5059,0.0,0.07,0.026,108,460,-0.0021,99.69,0.011,0.19,bs_fallback
2026-06-26,JPM,2026-07-17,21,240.0,329.05,27.06,put,0.6128,0.03,0.52,0.275,6,994,-0.0125,98.18,0.115,1.99,market
2026-06-26,JPM,2026-07-17,21,245.0,329.05,25.54,put,0.5332,0.0,0.31,0.122,3,1020,-0.0084,98.82,0.05,0.86,bs_fallback
2026-06-26,JPM,2026-07-17,21,250.0,329.05,24.02,put,0.561,0.06,0.62,0.34,17,2062,-0.0166,97.7,0.136,2.36,market
2026-06-26,JPM,2026-07-17,21,255.0,329.05,22.5,put,0.5,0.02,0.47,0.245,5,763,-0.0136,98.17,0.096,1.67,market
2026-06-26,JPM,2026-07-17,21,260.0,329.05,20.98,put,0.4497,0.0,0.19,0.149,5,1757,-0.0118,98.45,0.057,1.0,bs_fallback
2026-06-26,JPM,2026-07-17,21,265.0,329.05,19.47,put,0.4741,0.05,0.42,0.235,8,2229,-0.0235,96.94,0.089,1.54,market
2026-06-26,JPM,2026-07-17,21,270.0,329.05,17.95,put,0.4053,0.05,0.26,0.155,22,1937,-0.0173,97.81,0.057,1.0,market
2026-06-26,JPM,2026-07-17,21,275.0,329.05,16.43,put,0.4082,0.17,0.44,0.305,24,1321,-0.028,96.51,0.111,1.93,market
2026-06-26,JPM,2026-07-17,21,280.0,329.05,14.91,put,0.3689,0.31,0.41,0.36,75,1597,-0.0287,96.5,0.129,2.23,market
2026-06-26,JPM,2026-07-17,21,285.0,329.05,13.39,put,0.3672,0.41,0.65,0.53,48,11374,-0.0438,94.74,0.186,3.23,market
2026-06-26,JPM,2026-07-17,21,290.0,329.05,11.87,put,0.3538,0.5,0.87,0.685,34,2409,-0.0588,93.06,0.236,4.11,market
2026-06-26,JPM,2026-07-17,21,295.0,329.05,10.35,put,0.3503,0.75,1.3,1.025,69,2365,-0.0844,90.18,0.347,6.04,market
2026-06-26,JPM,2026-07-17,21,300.0,329.05,8.83,put,0.3231,1.16,1.5,1.33,106,2979,-0.1023,88.31,0.443,7.71,market
2026-06-26,JPM,2026-07-17,21,305.0,329.05,7.31,put,0.3322,1.71,2.45,2.08,28,1425,-0.1518,82.87,0.682,11.85,market
2026-06-26,JPM,2026-07-17,21,310.0,329.05,5.79,put,0.3162,2.11,3.15,2.63,303,2054,-0.1943,78.41,0.848,14.75,market
2026-06-26,JPM,2026-07-17,21,315.0,329.05,4.27,put,0.3058,3.3,4.2,3.75,232,2143,-0.2512,72.49,1.19,20.69,market
2026-06-26,JPM,2026-07-17,21,320.0,329.05,2.75,put,0.309,4.55,5.95,5.25,203,1214,-0.3256,64.73,1.641,28.52,market
2026-06-26,JPM,2026-07-17,21,325.0,329.05,1.23,put,0.3106,6.35,8.05,7.2,74,1233,-0.4043,56.66,2.215,38.51,market
2026-06-26,JPM,2026-07-17,21,330.0,329.05,0.0,put,0.3059,8.7,10.35,9.525,174,576,-0.4854,48.53,2.886,50.17,market
2026-06-26,JPM,2026-07-17,21,335.0,329.05,0.0,put,0.3185,11.45,13.6,12.525,82,530,-0.563,40.71,3.739,64.98,market
2026-06-26,JPM,2026-07-17,21,340.0,329.05,0.0,put,0.3216,14.5,16.9,15.7,22,352,-0.6363,33.52,4.618,80.26,market
2026-06-26,JPM,2026-07-17,21,345.0,329.05,0.0,put,0.34,18.7,20.95,19.825,6,96,-0.693,27.9,5.746,99.88,market
2026-06-26,JPM,2026-07-17,21,350.0,329.05,0.0,put,0.3622,22.7,25.3,24.0,52,126,-0.7369,23.55,6.857,119.18,market
2026-06-26,JPM,2026-07-17,21,355.0,329.05,0.0,put,0.397,26.5,30.1,28.3,4,35,-0.764,20.77,7.972,138.56,market
2026-06-26,JPM,2026-07-17,21,360.0,329.05,0.0,put,0.4136,31.5,34.55,33.025,2,2,-0.796,17.7,9.174,159.45,market
2026-06-26,JPM,2026-07-17,21,365.0,329.05,0.0,put,0.4442,36.0,39.4,37.7,1,2,-0.814,15.88,10.329,179.52,market
2026-06-26,JPM,2026-07-17,21,370.0,329.05,0.0,put,0.0,0.0,0.0,39.887,2,0,-1.0,0.0,10.78,187.37,bs_fallback
2026-06-26,JPM,2026-07-17,21,375.0,329.05,0.0,put,0.0,0.0,0.0,44.873,1,0,-1.0,0.0,11.966,207.98,bs_fallback
2026-06-26,JPM,2026-07-17,21,380.0,329.05,0.0,put,0.0,0.0,0.0,49.858,2,0,-1.0,0.0,13.121,228.05,bs_fallback
2026-06-26,JPM,2026-07-17,21,385.0,329.05,0.0,put,1.2761,76.1,79.55,77.825,2,0,-0.637,25.57,20.214,351.34,market
2026-06-26,JPM,2026-07-17,21,390.0,329.05,0.0,put,1.1958,77.15,81.25,79.2,0,0,-0.6697,23.4,20.308,352.97,market
2026-06-26,JPM,2026-07-17,21,405.0,329.05,0.0,put,1.3104,92.2,96.2,94.2,0,0,-0.6895,20.93,23.259,404.27,market
2026-06-26,JPM,2026-07-17,21,410.0,329.05,0.0,put,1.4462,100.25,103.9,102.075,0,0,-0.6745,21.21,24.896,432.72,market
2026-06-26,JPM,2026-07-24,28,225.0,329.05,31.62,put,0.79,0.0,2.17,0.946,6,73,-0.0312,95.0,0.42,5.48,bs_fallback
2026-06-26,JPM,2026-07-24,28,230.0,329.05,30.1,put,0.6541,0.0,1.0,0.423,0,42,-0.0184,97.18,0.184,2.4,bs_fallback
2026-06-26,JPM,2026-07-24,28,235.0,329.05,28.58,put,0.5342,0.0,0.37,0.15,11,123,-0.0088,98.7,0.064,0.83,bs_fallback
2026-06-26,JPM,2026-07-24,28,240.0,329.05,27.06,put,0.5903,0.0,1.04,0.44,7,6,-0.0209,96.94,0.183,2.39,bs_fallback
2026-06-26,JPM,2026-07-24,28,245.0,329.05,25.54,put,0.5984,0.0,1.55,0.664,1,2,-0.0297,95.73,0.271,3.53,bs_fallback
2026-06-26,JPM,2026-07-24,28,250.0,329.05,24.02,put,0.6074,0.0,2.25,0.977,1,14,-0.0409,94.2,0.391,5.1,bs_fallback
2026-06-26,JPM,2026-07-24,28,255.0,329.05,22.5,put,0.573,0.0,2.28,0.99,42,11,-0.0436,93.96,0.388,5.06,bs_fallback
2026-06-26,JPM,2026-07-24,28,260.0,329.05,20.98,put,0.478,0.0,0.64,0.54,32,76,-0.0305,95.92,0.208,2.71,bs_fallback
2026-06-26,JPM,2026-07-24,28,265.0,329.05,19.47,put,0.468,0.0,0.82,0.698,42,45,-0.0388,94.9,0.263,3.43,bs_fallback
2026-06-26,JPM,2026-07-24,28,270.0,329.05,17.95,put,0.4097,0.1,0.61,0.355,1,80,-0.0334,95.73,0.131,1.71,market
2026-06-26,JPM,2026-07-24,28,275.0,329.05,16.43,put,0.391,0.15,0.72,0.435,10,22,-0.0404,94.93,0.158,2.06,market
2026-06-26,JPM,2026-07-24,28,280.0,329.05,14.91,put,0.3457,0.04,0.6,0.32,4,47,-0.0381,95.33,0.114,1.49,market
2026-06-26,JPM,2026-07-24,28,285.0,329.05,13.39,put,0.3521,0.44,1.0,0.72,2,107,-0.0591,92.85,0.253,3.29,market
2026-06-26,JPM,2026-07-24,28,290.0,329.05,11.87,put,0.3484,0.47,1.42,0.945,1,63,-0.0812,90.33,0.326,4.25,market
2026-06-26,JPM,2026-07-24,28,295.0,329.05,10.35,put,0.3315,0.74,1.74,1.24,25,174,-0.1008,88.21,0.42,5.48,market
2026-06-26,JPM,2026-07-24,28,300.0,329.05,8.83,put,0.3238,1.28,2.33,1.805,47,551,-0.1317,84.82,0.602,7.84,market
2026-06-26,JPM,2026-07-24,28,305.0,329.05,7.31,put,0.3204,1.68,3.2,2.44,23,85,-0.1729,80.34,0.8,10.43,market
2026-06-26,JPM,2026-07-24,28,310.0,329.05,5.79,put,0.2902,2.7,3.55,3.125,121,293,-0.2033,77.33,1.008,13.14,market
2026-06-26,JPM,2026-07-24,28,315.0,329.05,4.27,put,0.3001,3.9,5.25,4.575,75,762,-0.27,70.18,1.452,18.93,market
2026-06-26,JPM,2026-07-24,28,320.0,329.05,2.75,put,0.3041,5.3,7.15,6.225,64,95,-0.3377,63.1,1.945,25.36,market
2026-06-26,JPM,2026-07-24,28,325.0,329.05,1.23,put,0.2911,6.95,8.8,7.875,40,297,-0.4046,56.39,2.423,31.59,market
2026-06-26,JPM,2026-07-24,28,330.0,329.05,0.0,put,0.2907,9.05,11.25,10.15,35,58,-0.4792,48.87,3.076,40.09,market
2026-06-26,JPM,2026-07-24,28,335.0,329.05,0.0,put,0.2967,11.9,14.3,13.1,23,78,-0.5518,41.59,3.91,50.98,market
2026-06-26,JPM,2026-07-24,28,350.0,329.05,0.0,put,0.3287,22.5,25.7,24.1,2,8,-0.7225,24.78,6.886,89.76,market
2026-06-26,JPM,2026-07-24,28,355.0,329.05,0.0,put,0.344,27.0,30.05,28.525,2,22,-0.7608,21.07,8.035,104.74,market
2026-06-26,JPM,2026-07-24,28,365.0,329.05,0.0,put,0.4028,36.1,39.8,37.95,6,8,-0.7993,17.08,10.397,135.54,market
2026-06-26,JPM,2026-07-31,35,205.0,329.05,37.7,put,0.854,0.0,2.16,0.953,0,1,-0.0262,95.31,0.465,4.85,bs_fallback
2026-06-26,JPM,2026-07-31,35,225.0,329.05,31.62,put,0.7109,0.0,2.2,0.966,9,41,-0.0316,94.93,0.429,4.48,bs_fallback
2026-06-26,JPM,2026-07-31,35,230.0,329.05,30.1,put,0.6775,0.0,2.22,0.975,0,42,-0.0333,94.79,0.424,4.42,bs_fallback
2026-06-26,JPM,2026-07-31,35,235.0,329.05,28.58,put,0.6443,0.0,2.24,0.981,0,10,-0.0351,94.65,0.417,4.35,bs_fallback
2026-06-26,JPM,2026-07-31,35,240.0,329.05,27.06,put,0.6118,0.0,2.26,0.99,0,2,-0.0371,94.48,0.412,4.3,bs_fallback
2026-06-26,JPM,2026-07-31,35,250.0,329.05,24.02,put,0.5491,0.0,2.33,1.016,0,10,-0.0419,94.05,0.406,4.24,bs_fallback
2026-06-26,JPM,2026-07-31,35,260.0,329.05,20.98,put,0.4534,0.04,0.85,0.445,4,29,-0.0374,94.97,0.171,1.78,market
2026-06-26,JPM,2026-07-31,35,265.0,329.05,19.47,put,0.4231,0.16,0.85,0.505,16,4,-0.0397,94.77,0.191,1.99,market
2026-06-26,JPM,2026-07-31,35,270.0,329.05,17.95,put,0.3921,0.16,0.84,0.5,10,3,-0.0419,94.61,0.185,1.93,market
2026-06-26,JPM,2026-07-31,35,275.0,329.05,16.43,put,0.3831,0.19,1.08,0.635,16,3,-0.0534,93.24,0.231,2.41,market
2026-06-26,JPM,2026-07-31,35,280.0,329.05,14.91,put,0.3508,0.5,1.06,0.78,1,8,-0.0566,93.0,0.279,2.91,market
2026-06-26,JPM,2026-07-31,35,285.0,329.05,13.39,put,0.3363,0.71,1.29,1.0,12,13,-0.0697,91.53,0.351,3.66,market
2026-06-26,JPM,2026-07-31,35,290.0,329.05,11.87,put,0.3335,1.05,1.79,1.42,210,44,-0.0932,88.84,0.49,5.11,market
2026-06-26,JPM,2026-07-31,35,295.0,329.05,10.35,put,0.3213,1.17,2.23,1.7,5,21,-0.1159,86.35,0.576,6.01,market
2026-06-26,JPM,2026-07-31,35,300.0,329.05,8.83,put,0.3103,1.61,2.81,2.21,5,22,-0.1446,83.24,0.737,7.68,market
2026-06-26,JPM,2026-07-31,35,305.0,329.05,7.31,put,0.2983,1.97,3.5,2.735,26,44,-0.1788,79.6,0.897,9.35,market
2026-06-26,JPM,2026-07-31,35,310.0,329.05,5.79,put,0.286,3.2,4.35,3.775,11,67,-0.2201,75.28,1.218,12.7,market
2026-06-26,JPM,2026-07-31,35,315.0,329.05,4.27,put,0.2862,4.4,5.85,5.125,4,42,-0.2773,69.22,1.627,16.97,market
2026-06-26,JPM,2026-07-31,35,320.0,329.05,2.75,put,0.2846,6.1,7.6,6.85,8,223,-0.3391,62.81,2.141,22.32,market
2026-06-26,JPM,2026-07-31,35,325.0,329.05,1.23,put,0.2799,7.75,9.55,8.65,3,24,-0.4046,56.16,2.662,27.76,market
2026-06-26,JPM,2026-07-31,35,330.0,329.05,0.0,put,0.2791,10.0,12.0,11.0,6,60,-0.474,49.16,3.333,34.76,market
2026-06-26,JPM,2026-07-31,35,335.0,329.05,0.0,put,0.2823,12.3,14.95,13.625,9,50,-0.5424,42.31,4.067,42.41,market
2026-06-26,JPM,2026-07-31,35,340.0,329.05,0.0,put,0.2951,15.65,18.6,17.125,8,6,-0.6026,36.26,5.037,52.53,market
2026-06-26,BAC,2026-07-17,21,25.0,57.88,56.81,put,1.25,0.0,0.02,0.008,4,654,-0.0015,99.61,0.033,0.58,bs_fallback
2026-06-26,BAC,2026-07-17,21,30.0,57.88,48.17,put,0.9063,0.0,0.01,0.003,5,2402,-0.0008,99.83,0.01,0.18,bs_fallback
2026-06-26,BAC,2026-07-17,21,35.0,57.88,39.53,put,0.7656,0.0,0.02,0.007,160,3073,-0.0022,99.61,0.021,0.36,bs_fallback
2026-06-26,BAC,2026-07-17,21,36.0,57.88,37.8,put,0.8047,0.0,0.05,0.019,1,35,-0.0051,99.13,0.053,0.92,bs_fallback
2026-06-26,BAC,2026-07-17,21,37.0,57.88,36.07,put,0.7656,0.0,0.05,0.02,0,10,-0.0055,99.09,0.053,0.92,bs_fallback
2026-06-26,BAC,2026-07-17,21,38.0,57.88,34.35,put,0.7422,0.0,0.06,0.024,1,72,-0.0068,98.9,0.063,1.1,bs_fallback
2026-06-26,BAC,2026-07-17,21,39.0,57.88,32.62,put,0.7969,0.0,0.15,0.062,2,165,-0.0148,97.64,0.158,2.75,bs_fallback
2026-06-26,BAC,2026-07-17,21,40.0,57.88,30.89,put,0.6445,0.0,0.05,0.02,1,8676,-0.0065,99.01,0.049,0.85,bs_fallback
2026-06-26,BAC,2026-07-17,21,41.0,57.88,29.16,put,0.5859,0.01,0.03,0.02,1,525,-0.0055,99.19,0.049,0.85,market
2026-06-26,BAC,2026-07-17,21,42.0,57.88,27.44,put,0.915,0.0,0.76,0.334,2,693,-0.0566,91.38,0.796,13.83,bs_fallback
2026-06-26,BAC,2026-07-17,21,43.0,57.88,25.71,put,0.7637,0.0,0.45,0.193,3,600,-0.0418,93.9,0.449,7.81,bs_fallback
2026-06-26,BAC,2026-07-17,21,44.0,57.88,23.98,put,0.9014,0.0,1.15,0.514,2,543,-0.0823,87.97,1.168,20.3,bs_fallback
2026-06-26,BAC,2026-07-17,21,45.0,57.88,22.25,put,0.5195,0.03,0.06,0.045,79,14360,-0.0176,97.62,0.1,1.74,market
2026-06-26,BAC,2026-07-17,21,46.0,57.88,20.53,put,0.5527,0.0,0.26,0.109,60,836,-0.0343,95.43,0.237,4.12,bs_fallback
2026-06-26,BAC,2026-07-17,21,47.0,57.88,18.8,put,0.4414,0.05,0.06,0.055,93,1720,-0.0203,97.39,0.117,2.03,market
2026-06-26,BAC,2026-07-17,21,48.0,57.88,17.07,put,0.416,0.06,0.07,0.065,98,2350,-0.0253,96.82,0.135,2.35,market
2026-06-26,BAC,2026-07-17,21,49.0,57.88,15.34,put,0.3867,0.07,0.08,0.075,131,1497,-0.0305,96.25,0.153,2.66,market
2026-06-26,BAC,2026-07-17,21,50.0,57.88,13.61,put,0.3623,0.08,0.1,0.09,491,22717,-0.0392,95.29,0.18,3.13,market
2026-06-26,BAC,2026-07-17,21,52.5,57.88,9.3,put,0.3106,0.18,0.2,0.19,116,8781,-0.0829,90.51,0.362,6.29,market
2026-06-26,BAC,2026-07-17,21,55.0,57.88,4.98,put,0.2813,0.46,0.52,0.49,719,12125,-0.2024,77.8,0.891,15.48,market
2026-06-26,BAC,2026-07-17,21,57.5,57.88,0.66,put,0.2607,1.23,1.29,1.26,210,3225,-0.4276,54.78,2.191,38.09,market
2026-06-26,BAC,2026-07-17,21,60.0,57.88,0.0,put,0.2493,2.55,2.74,2.645,21,789,-0.6997,27.98,4.408,76.62,market
2026-06-26,BAC,2026-07-17,21,62.5,57.88,0.0,put,0.2822,4.55,4.9,4.725,3,2,-0.855,13.01,7.56,131.4,market
2026-06-26,BAC,2026-07-17,21,65.0,57.88,0.0,put,0.7944,5.2,9.15,7.175,2,0,-0.6909,24.54,11.038,191.86,market
2026-06-26,BAC,2026-07-17,21,70.0,57.88,0.0,put,0.7544,12.0,14.1,13.05,10,0,-0.8275,13.02,18.643,324.03,market
2026-06-26,BAC,2026-07-17,21,75.0,57.88,0.0,put,0.5078,15.2,19.15,17.175,2,0,-0.9795,1.52,22.9,398.02,market
2026-06-26,BAC,2026-07-24,28,40.0,57.88,30.89,put,0.6172,0.0,0.1,0.042,1,1,-0.0116,98.21,0.105,1.36,bs_fallback
2026-06-26,BAC,2026-07-24,28,41.0,57.88,29.16,put,0.9883,0.0,1.4,0.637,0,1,-0.0792,87.22,1.553,20.24,bs_fallback
2026-06-26,BAC,2026-07-24,28,42.0,57.88,27.44,put,0.8955,0.0,1.2,0.543,1,1,-0.076,88.19,1.293,16.85,bs_fallback
2026-06-26,BAC,2026-07-24,28,43.0,57.88,25.71,put,0.8823,0.0,1.4,0.636,1,0,-0.0879,86.64,1.479,19.29,bs_fallback
2026-06-26,BAC,2026-07-24,28,44.0,57.88,23.98,put,0.6074,0.0,0.4,0.173,5,22,-0.0412,94.16,0.394,5.14,bs_fallback
2026-06-26,BAC,2026-07-24,28,45.0,57.88,22.25,put,0.5273,0.0,0.14,0.12,2,48,-0.0342,95.32,0.267,3.48,bs_fallback
2026-06-26,BAC,2026-07-24,28,46.0,57.88,20.53,put,0.4199,0.05,0.06,0.055,630,2,-0.0194,97.44,0.12,1.56,market
2026-06-26,BAC,2026-07-24,28,47.0,57.88,18.8,put,0.3965,0.06,0.07,0.065,735,33,-0.0235,96.97,0.138,1.8,market
2026-06-26,BAC,2026-07-24,28,48.0,57.88,17.07,put,0.3789,0.07,0.09,0.08,200,2,-0.0306,96.14,0.167,2.17,market
2026-06-26,BAC,2026-07-24,28,49.0,57.88,15.34,put,0.3506,0.08,0.1,0.09,440,139,-0.0357,95.6,0.184,2.39,market
2026-06-26,BAC,2026-07-24,28,50.0,57.88,13.61,put,0.3281,0.1,0.12,0.11,40,94,-0.0448,94.6,0.22,2.87,market
2026-06-26,BAC,2026-07-24,28,51.0,57.88,11.89,put,0.3115,0.13,0.16,0.145,12,30,-0.0601,92.89,0.284,3.71,market
2026-06-26,BAC,2026-07-24,28,52.0,57.88,10.16,put,0.2979,0.17,0.22,0.195,2,78,-0.0828,90.38,0.375,4.89,market
2026-06-26,BAC,2026-07-24,28,53.0,57.88,8.43,put,0.2915,0.24,0.33,0.285,2,92,-0.1192,86.39,0.538,7.01,market
2026-06-26,BAC,2026-07-24,28,54.0,57.88,6.7,put,0.2847,0.35,0.48,0.415,283,172,-0.1665,81.31,0.769,10.02,market
2026-06-26,BAC,2026-07-24,28,55.0,57.88,4.98,put,0.2749,0.52,0.67,0.595,92,151,-0.224,75.26,1.082,14.1,market
2026-06-26,BAC,2026-07-24,28,56.0,57.88,3.25,put,0.2583,0.76,0.88,0.82,44,1420,-0.2908,68.42,1.464,19.09,market
2026-06-26,BAC,2026-07-24,28,57.0,57.88,1.52,put,0.2639,1.08,1.3,1.19,172,200,-0.3826,58.92,2.088,27.21,market
2026-06-26,BAC,2026-07-24,28,58.0,57.88,0.0,put,0.2671,1.5,1.8,1.65,249,715,-0.4757,49.48,2.845,37.08,market
2026-06-26,BAC,2026-07-24,28,59.0,57.88,0.0,put,0.2573,2.0,2.31,2.155,6,68,-0.5712,40.1,3.653,47.61,market
2026-06-26,BAC,2026-07-24,28,60.0,57.88,0.0,put,0.24,2.65,2.87,2.76,32,67,-0.6737,30.27,4.6,59.96,market
2026-06-26,BAC,2026-07-24,28,66.0,57.88,0.0,put,0.7336,6.2,10.15,8.175,0,0,-0.7004,23.31,12.386,161.47,market
2026-06-26,BAC,2026-07-24,28,67.0,57.88,0.0,put,0.7647,8.2,11.1,9.65,2,0,-0.7146,21.81,14.403,187.75,market
2026-06-26,BAC,2026-07-31,35,43.0,57.88,25.71,put,0.7119,0.0,0.95,0.428,1,1,-0.0694,89.61,0.995,10.38,bs_fallback
2026-06-26,BAC,2026-07-31,35,44.0,57.88,23.98,put,0.5752,0.0,0.51,0.225,3,2,-0.0489,93.02,0.511,5.33,bs_fallback
2026-06-26,BAC,2026-07-31,35,45.0,57.88,22.25,put,0.4356,0.03,0.09,0.06,1,12,-0.0245,96.67,0.133,1.39,market
2026-06-26,BAC,2026-07-31,35,46.0,57.88,20.53,put,0.418,0.03,0.11,0.07,10,3,-0.0303,95.97,0.152,1.59,market
2026-06-26,BAC,2026-07-31,35,47.0,57.88,18.8,put,0.3857,0.06,0.11,0.085,25,8,-0.0327,95.76,0.181,1.89,market
2026-06-26,BAC,2026-07-31,35,48.0,57.88,17.07,put,0.3711,0.06,0.14,0.1,3,5,-0.042,94.66,0.208,2.17,market
2026-06-26,BAC,2026-07-31,35,49.0,57.88,15.34,put,0.3477,0.08,0.16,0.12,1,16,-0.0499,93.79,0.245,2.55,market
2026-06-26,BAC,2026-07-31,35,50.0,57.88,13.61,put,0.3301,0.11,0.2,0.155,1,30,-0.063,92.33,0.31,3.23,market
2026-06-26,BAC,2026-07-31,35,51.0,57.88,11.89,put,0.3164,0.15,0.26,0.205,1,53,-0.0823,90.17,0.402,4.19,market
2026-06-26,BAC,2026-07-31,35,52.0,57.88,10.16,put,0.3027,0.2,0.34,0.27,2,29,-0.1073,87.43,0.519,5.41,market
2026-06-26,BAC,2026-07-31,35,53.0,57.88,8.43,put,0.293,0.29,0.46,0.375,12,70,-0.1425,83.6,0.708,7.38,market
2026-06-26,BAC,2026-07-31,35,54.0,57.88,6.7,put,0.2817,0.42,0.61,0.515,3,46,-0.1857,79.01,0.954,9.95,market
2026-06-26,BAC,2026-07-31,35,55.0,57.88,4.98,put,0.271,0.62,0.81,0.715,30,118,-0.2397,73.35,1.3,13.56,market
2026-06-26,BAC,2026-07-31,35,56.0,57.88,3.25,put,0.2595,0.89,1.06,0.975,26,68,-0.3048,66.65,1.741,18.16,market
2026-06-26,BAC,2026-07-31,35,57.0,57.88,1.52,put,0.2568,1.21,1.44,1.325,4,49,-0.3849,58.44,2.325,24.24,market
2026-06-26,BAC,2026-07-31,35,58.0,57.88,0.0,put,0.2686,1.55,2.01,1.78,39,57,-0.4704,49.65,3.069,32.0,market
2026-06-26,BAC,2026-07-31,35,59.0,57.88,0.0,put,0.2481,2.05,2.43,2.24,10,30,-0.5591,41.08,3.797,39.59,market
2026-06-26,BAC,2026-07-31,35,60.0,57.88,0.0,put,0.2507,2.73,3.1,2.915,4,5,-0.6416,32.98,4.858,50.67,market
2026-06-26,BAC,2026-07-31,35,67.0,57.88,0.0,put,0.6943,7.25,11.15,9.2,2,0,-0.7091,22.19,13.731,143.2,market
2026-06-26,GS,2026-07-17,21,440.0,1019.61,56.85,put,1.2207,0.0,0.3,0.113,2,145,-0.0012,99.69,0.026,0.44,bs_fallback
2026-06-26,GS,2026-07-17,21,450.0,1019.61,55.87,put,1.0586,0.0,0.08,0.028,1,59,-0.0004,99.91,0.006,0.11,bs_fallback
2026-06-26,GS,2026-07-17,21,460.0,1019.61,54.88,put,1.3901,0.0,1.54,0.621,14,33,-0.0052,98.71,0.135,2.35,bs_fallback
2026-06-26,GS,2026-07-17,21,470.0,1019.61,53.9,put,0.5,0.0,0.0,0.0,6,0,-0.0,100.0,0.0,0.0,bs_fallback
2026-06-26,GS,2026-07-17,21,480.0,1019.61,52.92,put,1.5281,0.0,4.3,1.808,2,24,-0.0123,96.99,0.377,6.55,bs_fallback
2026-06-26,GS,2026-07-17,21,490.0,1019.61,51.94,put,1.4956,0.0,4.4,1.851,1,5,-0.0129,96.93,0.378,6.57,bs_fallback
2026-06-26,GS,2026-07-17,21,500.0,1019.61,50.96,put,1.3079,0.0,2.1,0.858,2,29,-0.0074,98.32,0.172,2.98,bs_fallback
2026-06-26,GS,2026-07-17,21,520.0,1019.61,49.0,put,1.3809,0.0,4.3,1.808,1,34,-0.0136,96.97,0.348,6.04,bs_fallback
2026-06-26,GS,2026-07-17,21,540.0,1019.61,47.04,put,1.165,0.0,1.93,0.786,1,69,-0.0077,98.4,0.146,2.53,bs_fallback
2026-06-26,GS,2026-07-17,21,560.0,1019.61,45.08,put,0.7891,0.0,0.08,0.028,2,62,-0.0005,99.9,0.005,0.09,bs_fallback
2026-06-26,GS,2026-07-17,21,580.0,1019.61,43.12,put,1.1793,0.0,4.3,1.808,10,37,-0.0159,96.88,0.312,5.42,bs_fallback
2026-06-26,GS,2026-07-17,21,600.0,1019.61,41.15,put,0.7383,0.0,0.14,0.051,7,287,-0.001,99.83,0.008,0.15,bs_fallback
2026-06-26,GS,2026-07-17,21,620.0,1019.61,39.19,put,1.0576,0.0,4.35,1.83,2,76,-0.0179,96.75,0.295,5.13,bs_fallback
2026-06-26,GS,2026-07-17,21,640.0,1019.61,37.23,put,0.9983,0.0,4.35,1.829,1,47,-0.0189,96.69,0.286,4.97,bs_fallback
2026-06-26,GS,2026-07-17,21,660.0,1019.61,35.27,put,0.8296,0.0,1.95,0.793,1,127,-0.0107,98.22,0.12,2.09,bs_fallback
2026-06-26,GS,2026-07-17,21,665.0,1019.61,34.78,put,0.9282,0.0,4.4,1.85,1,1,-0.0205,96.57,0.278,4.84,bs_fallback
2026-06-26,GS,2026-07-17,21,670.0,1019.61,34.29,put,0.9142,0.0,4.4,1.851,1,7,-0.0208,96.55,0.276,4.8,bs_fallback
2026-06-26,GS,2026-07-17,21,675.0,1019.61,33.8,put,0.9001,0.0,4.4,1.851,1,2,-0.0211,96.53,0.274,4.77,bs_fallback
2026-06-26,GS,2026-07-17,21,680.0,1019.61,33.31,put,0.8862,0.0,4.4,1.851,8,60,-0.0214,96.51,0.272,4.73,bs_fallback
2026-06-26,GS,2026-07-17,21,685.0,1019.61,32.82,put,0.8723,0.0,4.4,1.85,1,33,-0.0217,96.49,0.27,4.69,bs_fallback
2026-06-26,GS,2026-07-17,21,690.0,1019.61,32.33,put,0.7727,0.0,2.3,0.941,20,76,-0.0134,97.88,0.136,2.37,bs_fallback
2026-06-26,GS,2026-07-17,21,695.0,1019.61,31.84,put,0.7656,0.0,2.41,0.988,20,83,-0.0141,97.78,0.142,2.47,bs_fallback
2026-06-26,GS,2026-07-17,21,700.0,1019.61,31.35,put,0.7231,0.0,1.84,0.744,1,190,-0.0116,98.21,0.106,1.85,bs_fallback
2026-06-26,GS,2026-07-17,21,705.0,1019.61,30.86,put,0.821,0.0,4.5,1.893,2,50,-0.0235,96.32,0.269,4.67,bs_fallback
2026-06-26,GS,2026-07-17,21,710.0,1019.61,30.37,put,0.8076,0.0,4.5,1.894,1,51,-0.0239,96.3,0.267,4.64,bs_fallback
2026-06-26,GS,2026-07-17,21,715.0,1019.61,29.88,put,0.7942,0.0,4.5,1.894,1,88,-0.0242,96.27,0.265,4.6,bs_fallback
2026-06-26,GS,2026-07-17,21,720.0,1019.61,29.38,put,0.7809,0.0,4.5,1.894,4,68,-0.0246,96.24,0.263,4.57,bs_fallback
2026-06-26,GS,2026-07-17,21,725.0,1019.61,28.89,put,0.769,0.0,4.55,1.914,3,71,-0.0252,96.18,0.264,4.59,bs_fallback
2026-06-26,GS,2026-07-17,21,730.0,1019.61,28.4,put,0.7559,0.0,4.55,1.914,44,349,-0.0256,96.15,0.262,4.56,bs_fallback
2026-06-26,GS,2026-07-17,21,735.0,1019.61,27.91,put,0.7443,0.0,4.6,1.937,17,46,-0.0263,96.08,0.264,4.58,bs_fallback
2026-06-26,GS,2026-07-17,21,740.0,1019.61,27.42,put,0.7311,0.0,4.6,1.935,193,252,-0.0267,96.05,0.262,4.55,bs_fallback
2026-06-26,GS,2026-07-17,21,745.0,1019.61,26.93,put,0.7195,0.0,4.65,1.957,258,295,-0.0274,95.98,0.263,4.57,bs_fallback
2026-06-26,GS,2026-07-17,21,750.0,1019.61,26.44,put,0.7065,0.0,4.65,1.958,10,159,-0.0278,95.94,0.261,4.54,bs_fallback
2026-06-26,GS,2026-07-17,21,755.0,1019.61,25.95,put,0.6949,0.0,4.7,1.978,1,190,-0.0285,95.88,0.262,4.55,bs_fallback
2026-06-26,GS,2026-07-17,21,760.0,1019.61,25.46,put,0.6821,0.0,4.7,1.979,1,158,-0.029,95.83,0.26,4.53,bs_fallback
2026-06-26,GS,2026-07-17,21,765.0,1019.61,24.97,put,0.6195,0.0,3.05,1.259,1,73,-0.0213,96.98,0.165,2.86,bs_fallback
2026-06-26,GS,2026-07-17,21,770.0,1019.61,24.48,put,0.5576,0.2,1.59,0.895,5,141,-0.0143,98.0,0.116,2.02,market
2026-06-26,GS,2026-07-17,21,775.0,1019.61,23.99,put,0.5761,0.0,2.5,1.023,1,373,-0.019,97.36,0.132,2.29,bs_fallback
2026-06-26,GS,2026-07-17,21,780.0,1019.61,23.5,put,0.5295,0.0,1.67,0.669,15,229,-0.0141,98.07,0.086,1.49,bs_fallback
2026-06-26,GS,2026-07-17,21,785.0,1019.61,23.01,put,0.6211,0.0,4.8,2.021,120,253,-0.0322,95.54,0.257,4.47,bs_fallback
2026-06-26,GS,2026-07-17,21,790.0,1019.61,22.52,put,0.6085,0.0,4.8,2.021,2,160,-0.0328,95.49,0.256,4.45,bs_fallback
2026-06-26,GS,2026-07-17,21,795.0,1019.61,22.03,put,0.5898,0.0,4.55,1.91,5,418,-0.0322,95.62,0.24,4.18,bs_fallback
2026-06-26,GS,2026-07-17,21,800.0,1019.61,21.54,put,0.5635,0.35,3.65,2.0,17,428,-0.0298,95.98,0.25,4.35,market
2026-06-26,GS,2026-07-17,21,805.0,1019.61,21.05,put,0.5144,0.0,2.72,1.114,18,40,-0.0227,96.97,0.138,2.4,bs_fallback
2026-06-26,GS,2026-07-17,21,810.0,1019.61,20.56,put,0.5577,0.0,2.38,2.001,8,148,-0.0353,95.3,0.247,4.29,bs_fallback
2026-06-26,GS,2026-07-17,21,815.0,1019.61,20.07,put,0.5104,0.12,1.68,0.9,3,153,-0.0278,96.34,0.11,1.92,market
2026-06-26,GS,2026-07-17,21,820.0,1019.61,19.58,put,0.5153,0.1,2.0,1.05,9,477,-0.0323,95.77,0.128,2.23,market
2026-06-26,GS,2026-07-17,21,825.0,1019.61,19.09,put,0.52,0.15,2.36,1.255,84,113,-0.0372,95.14,0.152,2.64,market
2026-06-26,GS,2026-07-17,21,830.0,1019.61,18.6,put,0.5125,0.35,2.47,1.41,1,135,-0.0393,94.91,0.17,2.95,market
2026-06-26,GS,2026-07-17,21,835.0,1019.61,18.11,put,0.5056,0.22,2.6,1.41,47,236,-0.0417,94.63,0.169,2.93,market
2026-06-26,GS,2026-07-17,21,840.0,1019.61,17.62,put,0.4984,0.29,2.73,1.51,89,195,-0.0441,94.36,0.18,3.12,market
2026-06-26,GS,2026-07-17,21,845.0,1019.61,17.13,put,0.4916,0.33,2.88,1.605,100,140,-0.0468,94.04,0.19,3.3,market
2026-06-26,GS,2026-07-17,21,850.0,1019.61,16.63,put,0.4441,1.25,2.0,1.625,3,251,-0.0369,95.37,0.191,3.32,market
2026-06-26,GS,2026-07-17,21,855.0,1019.61,16.14,put,0.4796,0.58,3.25,1.915,46,91,-0.0533,93.3,0.224,3.89,market
2026-06-26,GS,2026-07-17,21,860.0,1019.61,15.65,put,0.4483,1.46,2.71,2.085,24,151,-0.0481,94.02,0.242,4.21,market
2026-06-26,GS,2026-07-17,21,865.0,1019.61,15.16,put,0.4494,1.81,3.1,2.455,37,129,-0.0541,93.3,0.284,4.93,market
2026-06-26,GS,2026-07-17,21,870.0,1019.61,14.67,put,0.4401,1.68,3.2,2.44,425,130,-0.0567,93.02,0.28,4.87,market
2026-06-26,GS,2026-07-17,21,875.0,1019.61,14.18,put,0.4291,1.76,3.25,2.505,19,207,-0.0588,92.82,0.286,4.98,market
2026-06-26,GS,2026-07-17,21,880.0,1019.61,13.69,put,0.4396,1.9,4.05,2.975,7,483,-0.0699,91.48,0.338,5.88,market
2026-06-26,GS,2026-07-17,21,885.0,1019.61,13.2,put,0.4371,2.83,4.45,3.64,14,138,-0.0763,90.75,0.411,7.15,market
2026-06-26,GS,2026-07-17,21,890.0,1019.61,12.71,put,0.4362,2.68,4.95,3.815,25,110,-0.0839,89.88,0.429,7.45,market
2026-06-26,GS,2026-07-17,21,895.0,1019.61,12.22,put,0.424,3.1,5.0,4.05,11,85,-0.0868,89.6,0.453,7.87,market
2026-06-26,GS,2026-07-17,21,900.0,1019.61,11.73,put,0.4195,3.35,5.4,4.375,80,641,-0.0936,88.85,0.486,8.45,market
2026-06-26,GS,2026-07-17,21,905.0,1019.61,11.24,put,0.4155,3.8,5.85,4.825,33,153,-0.1011,88.01,0.533,9.27,market
2026-06-26,GS,2026-07-17,21,910.0,1019.61,10.75,put,0.4117,4.25,6.35,5.3,23,75,-0.1093,87.1,0.582,10.12,market
2026-06-26,GS,2026-07-17,21,915.0,1019.61,10.26,put,0.4166,4.3,7.35,5.825,2,172,-0.1226,85.59,0.637,11.06,market
2026-06-26,GS,2026-07-17,21,920.0,1019.61,9.77,put,0.4102,5.1,7.8,6.45,13,222,-0.1306,84.73,0.701,12.19,market
2026-06-26,GS,2026-07-17,21,925.0,1019.61,9.28,put,0.4074,5.65,8.5,7.075,3063,2735,-0.1412,83.57,0.765,13.29,market
2026-06-26,GS,2026-07-17,21,930.0,1019.61,8.79,put,0.4005,5.5,9.0,7.25,18,66,-0.1502,82.62,0.78,13.55,market
2026-06-26,GS,2026-07-17,21,935.0,1019.61,8.3,put,0.3963,6.2,9.7,7.95,21,76,-0.1613,81.44,0.85,14.78,market
2026-06-26,GS,2026-07-17,21,940.0,1019.61,7.81,put,0.4118,7.9,11.8,9.85,45,167,-0.1836,78.9,1.048,18.21,market
2026-06-26,GS,2026-07-17,21,945.0,1019.61,7.32,put,0.3962,8.65,11.85,10.25,74,156,-0.1901,78.3,1.085,18.85,market
2026-06-26,GS,2026-07-17,21,950.0,1019.61,6.83,put,0.3735,9.3,11.4,10.35,282,691,-0.1932,78.13,1.089,18.94,market
2026-06-26,GS,2026-07-17,21,955.0,1019.61,6.34,put,0.3957,10.15,14.3,12.225,40,88,-0.2214,74.94,1.28,22.25,market
2026-06-26,GS,2026-07-17,21,960.0,1019.61,5.85,put,0.3891,11.45,15.15,13.3,20,234,-0.2348,73.55,1.385,24.08,market
2026-06-26,GS,2026-07-17,21,965.0,1019.61,5.36,put,0.391,12.3,16.75,14.525,22,166,-0.2532,71.59,1.505,26.16,market
2026-06-26,GS,2026-07-17,21,970.0,1019.61,4.87,put,0.3887,13.75,18.1,15.925,2,77,-0.2701,69.82,1.642,28.54,market
2026-06-26,GS,2026-07-17,21,975.0,1019.61,4.38,put,0.3819,14.75,19.15,16.95,11,76,-0.2859,68.22,1.738,30.22,market
2026-06-26,GS,2026-07-17,21,980.0,1019.61,3.88,put,0.3784,16.5,20.55,18.525,9,238,-0.3038,66.38,1.89,32.86,market
2026-06-26,GS,2026-07-17,21,985.0,1019.61,3.39,put,0.381,17.05,22.6,19.825,4,86,-0.3245,64.19,2.013,34.98,market
2026-06-26,GS,2026-07-17,21,990.0,1019.61,2.9,put,0.3792,18.7,24.35,21.525,10,197,-0.3442,62.18,2.174,37.79,market
2026-06-26,GS,2026-07-17,21,995.0,1019.61,2.41,put,0.3753,20.45,26.0,23.225,5,68,-0.3638,60.19,2.334,40.57,market
2026-06-26,GS,2026-07-17,21,1000.0,1019.61,1.92,put,0.3585,22.3,26.5,24.4,220,1221,-0.3812,58.56,2.44,42.41,market
2026-06-26,GS,2026-07-17,21,1020.0,1019.61,0.0,put,0.3661,31.45,36.75,34.1,112,268,-0.4712,49.38,3.343,58.11,market
2026-06-26,GS,2026-07-17,21,1040.0,1019.61,0.0,put,0.3575,40.9,47.15,44.025,66,194,-0.5614,40.51,4.233,73.58,market
2026-06-26,GS,2026-07-17,21,1060.0,1019.61,0.0,put,0.3673,53.4,61.0,57.2,42,420,-0.6422,32.55,5.396,93.79,market
2026-06-26,GS,2026-07-17,21,1080.0,1019.61,0.0,put,0.37,68.4,75.6,72.0,14,117,-0.7162,25.45,6.667,115.87,market
2026-06-26,GS,2026-07-17,21,1100.0,1019.61,0.0,put,0.3736,84.3,91.5,87.9,13,99,-0.7793,19.5,7.991,138.89,market
2026-06-26,GS,2026-07-17,21,1120.0,1019.61,0.0,put,0.3803,102.45,108.6,105.525,1,57,-0.8295,14.84,9.422,163.76,market
2026-06-26,GS,2026-07-17,21,1140.0,1019.61,0.0,put,0.3948,119.7,126.85,123.275,15,16,-0.8645,11.59,10.814,187.95,market
2026-06-26,GS,2026-07-17,21,1160.0,1019.61,0.0,put,0.4192,138.5,146.0,142.25,8,31,-0.8857,9.6,12.263,213.14,market
2026-06-26,GS,2026-07-17,21,1180.0,1019.61,0.0,put,0.4353,157.95,165.0,161.475,2,36,-0.9065,7.72,13.684,237.85,market
2026-06-26,GS,2026-07-17,21,1200.0,1019.61,0.0,put,0.4452,177.55,184.0,180.775,7,17,-0.9258,6.03,15.065,261.84,market
2026-06-26,GS,2026-07-17,21,1220.0,1019.61,0.0,put,0.4471,197.35,203.0,200.175,2,11,-0.9444,4.46,16.408,285.18,market
2026-06-26,GS,2026-07-17,21,1240.0,1019.61,0.0,put,0.4243,217.25,221.75,219.5,2,2,-0.9674,2.59,17.702,307.67,market
2026-06-26,GS,2026-07-17,21,1260.0,1019.61,0.0,put,0.4604,237.3,241.9,239.6,0,0,-0.9668,2.58,19.016,330.51,market
2026-06-26,GS,2026-07-17,21,1270.0,1019.61,0.0,put,0.5506,247.25,253.75,250.5,1,0,-0.9424,4.39,19.724,342.83,market
2026-06-26,GS,2026-07-17,21,1280.0,1019.61,0.0,put,0.488,257.3,261.9,259.6,2,0,-0.9685,2.4,20.281,352.51,market
2026-06-26,GS,2026-07-17,21,1290.0,1019.61,0.0,put,0.5016,267.3,271.9,269.6,0,0,-0.9693,2.32,20.899,363.25,market
2026-06-26,GS,2026-07-17,21,1300.0,1019.61,0.0,put,0.5149,277.3,281.9,279.6,2,2,-0.9701,2.25,21.508,373.82,market
2026-06-26,GS,2026-07-17,21,1310.0,1019.61,0.0,put,0.5281,287.25,291.9,289.575,2,0,-0.9708,2.17,22.105,384.21,market
2026-06-26,GS,2026-07-17,21,1320.0,1019.61,0.0,put,0.6332,297.3,304.0,300.65,2,0,-0.9458,3.95,22.777,395.88,market
2026-06-26,GS,2026-07-17,21,1350.0,1019.61,0.0,put,0.6756,327.25,334.0,330.625,0,0,-0.9488,3.63,24.491,425.67,market
2026-06-26,GS,2026-07-17,21,1360.0,1019.61,0.0,put,0.6038,337.3,342.1,339.7,0,0,-0.9711,2.06,24.978,434.14,market
2026-06-26,GS,2026-07-17,21,1410.0,1019.61,0.0,put,0.6647,387.3,392.1,389.7,0,0,-0.9735,1.81,27.638,480.38,market
2026-06-26,GS,2026-07-24,28,530.0,1019.61,48.02,put,1.1721,0.0,4.3,1.86,0,2,-0.0143,96.89,0.351,4.57,bs_fallback
2026-06-26,GS,2026-07-24,28,550.0,1019.61,46.06,put,1.1127,0.0,4.3,1.859,1,1,-0.015,96.86,0.338,4.41,bs_fallback
2026-06-26,GS,2026-07-24,28,560.0,1019.61,45.08,put,1.0837,0.0,4.3,1.859,2,3,-0.0154,96.85,0.332,4.33,bs_fallback
2026-06-26,GS,2026-07-24,28,570.0,1019.61,44.1,put,1.0571,0.0,4.35,1.879,1,1,-0.0159,96.8,0.33,4.3,bs_fallback
2026-06-26,GS,2026-07-24,28,580.0,1019.61,43.12,put,1.0291,0.0,4.35,1.879,1,1,-0.0164,96.79,0.324,4.22,bs_fallback
2026-06-26,GS,2026-07-24,28,590.0,1019.61,42.13,put,1.0015,0.0,4.35,1.878,1,1,-0.0168,96.77,0.318,4.15,bs_fallback
2026-06-26,GS,2026-07-24,28,600.0,1019.61,41.15,put,0.9744,0.0,4.35,1.878,1,1,-0.0173,96.74,0.313,4.08,bs_fallback
2026-06-26,GS,2026-07-24,28,610.0,1019.61,40.17,put,0.9475,0.0,4.35,1.877,1,1,-0.0177,96.72,0.308,4.01,bs_fallback
2026-06-26,GS,2026-07-24,28,620.0,1019.61,39.19,put,0.9229,0.0,4.4,1.897,1,1,-0.0184,96.66,0.306,3.99,bs_fallback
2026-06-26,GS,2026-07-24,28,630.0,1019.61,38.21,put,0.8969,0.0,4.4,1.897,1,1,-0.0189,96.63,0.301,3.93,bs_fallback
2026-06-26,GS,2026-07-24,28,645.0,1019.61,36.74,put,0.8585,0.0,4.4,1.896,0,1,-0.0197,96.59,0.294,3.83,bs_fallback
2026-06-26,GS,2026-07-24,28,710.0,1019.61,30.37,put,0.7062,0.0,4.6,1.977,0,1,-0.0245,96.18,0.278,3.63,bs_fallback
2026-06-26,GS,2026-07-24,28,730.0,1019.61,28.4,put,0.61,0.0,2.92,1.23,11,19,-0.0185,97.23,0.169,2.2,bs_fallback
2026-06-26,GS,2026-07-24,28,735.0,1019.61,27.91,put,0.6035,0.0,3.05,1.287,0,14,-0.0195,97.11,0.175,2.28,bs_fallback
2026-06-26,GS,2026-07-24,28,740.0,1019.61,27.42,put,0.6418,0.0,4.8,2.061,0,10,-0.0278,95.87,0.279,3.63,bs_fallback
2026-06-26,GS,2026-07-24,28,745.0,1019.61,26.93,put,0.5836,0.0,3.1,1.307,0,2,-0.0204,97.02,0.175,2.29,bs_fallback
2026-06-26,GS,2026-07-24,28,750.0,1019.61,26.44,put,0.6202,0.0,4.85,2.081,4,3,-0.029,95.77,0.278,3.62,bs_fallback
2026-06-26,GS,2026-07-24,28,755.0,1019.61,25.95,put,0.5769,0.0,3.6,1.526,0,4,-0.0236,96.6,0.202,2.63,bs_fallback
2026-06-26,GS,2026-07-24,28,765.0,1019.61,24.97,put,0.5853,0.0,4.8,2.055,1,40,-0.0303,95.68,0.269,3.5,bs_fallback
2026-06-26,GS,2026-07-24,28,785.0,1019.61,23.01,put,0.541,0.0,4.8,2.05,0,1,-0.0325,95.51,0.261,3.4,bs_fallback
2026-06-26,GS,2026-07-24,28,790.0,1019.61,22.52,put,0.5383,0.75,2.6,1.675,0,13,-0.035,95.18,0.212,2.76,market
2026-06-26,GS,2026-07-24,28,795.0,1019.61,22.03,put,0.5301,0.01,2.67,1.34,25,29,-0.0364,95.03,0.169,2.2,market
2026-06-26,GS,2026-07-24,28,800.0,1019.61,21.54,put,0.5252,0.01,2.83,1.42,10,10,-0.0386,94.75,0.177,2.31,market
2026-06-26,GS,2026-07-24,28,810.0,1019.61,20.56,put,0.5109,0.01,3.05,1.53,0,2,-0.0423,94.32,0.189,2.46,market
2026-06-26,GS,2026-07-24,28,815.0,1019.61,20.07,put,0.4456,0.01,1.7,0.855,1,1,-0.0282,96.28,0.105,1.37,market
2026-06-26,GS,2026-07-24,28,820.0,1019.61,19.58,put,0.497,0.01,3.3,1.655,4,1,-0.0465,93.84,0.202,2.63,market
2026-06-26,GS,2026-07-24,28,825.0,1019.61,19.09,put,0.4474,0.17,2.22,1.195,6,2,-0.0358,95.33,0.145,1.89,market
2026-06-26,GS,2026-07-24,28,830.0,1019.61,18.6,put,0.4883,0.29,3.75,2.02,1,4,-0.0529,93.08,0.243,3.17,market
2026-06-26,GS,2026-07-24,28,840.0,1019.61,17.62,put,0.4727,0.55,4.0,2.275,99,65,-0.0576,92.56,0.271,3.53,market
2026-06-26,GS,2026-07-24,28,845.0,1019.61,17.13,put,0.4719,0.71,4.4,2.555,0,22,-0.0628,91.94,0.302,3.94,market
2026-06-26,GS,2026-07-24,28,850.0,1019.61,16.63,put,0.4485,0.94,3.95,2.445,1,1,-0.0597,92.41,0.288,3.75,market
2026-06-26,GS,2026-07-24,28,860.0,1019.61,15.65,put,0.4492,1.3,4.9,3.1,3,1,-0.072,90.94,0.36,4.7,market
2026-06-26,GS,2026-07-24,28,870.0,1019.61,14.67,put,0.4475,1.76,5.9,3.83,0,7,-0.0848,89.42,0.44,5.74,market
2026-06-26,GS,2026-07-24,28,875.0,1019.61,14.18,put,0.4435,2.03,6.3,4.165,1,6,-0.0905,88.78,0.476,6.21,market
2026-06-26,GS,2026-07-24,28,880.0,1019.61,13.69,put,0.4332,2.32,6.4,4.36,11,6,-0.0935,88.48,0.495,6.46,market
2026-06-26,GS,2026-07-24,28,885.0,1019.61,13.2,put,0.4349,2.65,7.15,4.9,6,34,-0.1025,87.43,0.554,7.22,market
2026-06-26,GS,2026-07-24,28,890.0,1019.61,12.71,put,0.4286,3.3,7.5,5.4,12,35,-0.1081,86.82,0.607,7.91,market
2026-06-26,GS,2026-07-24,28,895.0,1019.61,12.22,put,0.4245,3.95,8.0,5.975,2,2,-0.1151,86.05,0.668,8.7,market
2026-06-26,GS,2026-07-24,28,900.0,1019.61,11.73,put,0.424,3.7,8.75,6.225,6,14,-0.1242,85.0,0.692,9.02,market
2026-06-26,GS,2026-07-24,28,905.0,1019.61,11.24,put,0.421,4.2,9.4,6.8,3,14,-0.1327,84.06,0.751,9.79,market
2026-06-26,GS,2026-07-24,28,910.0,1019.61,10.75,put,0.3963,4.65,8.65,6.65,3,9,-0.1301,84.52,0.731,9.53,market
2026-06-26,GS,2026-07-24,28,915.0,1019.61,10.26,put,0.4169,5.25,10.95,8.1,0,4,-0.1519,81.94,0.885,11.54,market
2026-06-26,GS,2026-07-24,28,920.0,1019.61,9.77,put,0.4107,5.9,11.5,8.7,4,17,-0.1601,81.07,0.946,12.33,market
2026-06-26,GS,2026-07-24,28,925.0,1019.61,9.28,put,0.3833,6.65,10.5,8.575,4,7,-0.1571,81.6,0.927,12.08,market
2026-06-26,GS,2026-07-24,28,930.0,1019.61,8.79,put,0.3849,7.35,11.65,9.5,1,4,-0.1705,80.11,1.022,13.32,market
2026-06-26,GS,2026-07-24,28,935.0,1019.61,8.3,put,0.4052,8.0,14.4,11.2,1,9,-0.1943,77.33,1.198,15.61,market
2026-06-26,GS,2026-07-24,28,940.0,1019.61,7.81,put,0.4012,8.95,15.3,12.125,4,6,-0.2056,76.13,1.29,16.81,market
2026-06-26,GS,2026-07-24,28,945.0,1019.61,7.32,put,0.3994,10.05,16.45,13.25,4,10,-0.2186,74.74,1.402,18.28,market
2026-06-26,GS,2026-07-24,28,950.0,1019.61,6.83,put,0.3968,10.7,17.6,14.15,2,9,-0.2317,73.35,1.489,19.42,market
2026-06-26,GS,2026-07-24,28,955.0,1019.61,6.34,put,0.3958,11.75,18.95,15.35,24,14,-0.246,71.82,1.607,20.95,market
2026-06-26,GS,2026-07-24,28,960.0,1019.61,5.85,put,0.3939,13.05,20.3,16.675,19,17,-0.2605,70.29,1.737,22.64,market
2026-06-26,GS,2026-07-24,28,965.0,1019.61,5.36,put,0.3892,14.05,21.45,17.75,20,19,-0.2742,68.87,1.839,23.98,market
2026-06-26,GS,2026-07-24,28,970.0,1019.61,4.87,put,0.386,15.75,22.8,19.275,14,17,-0.2891,67.33,1.987,25.9,market
2026-06-26,GS,2026-07-24,28,975.0,1019.61,4.38,put,0.3844,16.8,24.4,20.6,14,15,-0.3052,65.65,2.113,27.54,market
2026-06-26,GS,2026-07-24,28,980.0,1019.61,3.88,put,0.373,18.7,25.05,21.875,44,45,-0.3184,64.39,2.232,29.1,market
2026-06-26,GS,2026-07-24,28,985.0,1019.61,3.39,put,0.38,20.45,27.7,24.075,15,27,-0.3383,62.25,2.444,31.86,market
2026-06-26,GS,2026-07-24,28,990.0,1019.61,2.9,put,0.3614,22.2,27.7,24.95,25,32,-0.3509,61.13,2.52,32.85,market
2026-06-26,GS,2026-07-24,28,995.0,1019.61,2.41,put,0.3734,23.1,31.1,27.1,46,32,-0.3726,58.77,2.724,35.5,market
2026-06-26,GS,2026-07-24,28,1000.0,1019.61,1.92,put,0.3551,25.55,31.25,28.4,39,42,-0.3876,57.43,2.84,37.02,market
2026-06-26,GS,2026-07-24,28,1005.0,1019.61,1.43,put,0.3616,27.0,34.25,30.625,2,30,-0.4081,55.26,3.047,39.72,market
2026-06-26,GS,2026-07-24,28,1010.0,1019.61,0.94,put,0.3579,29.05,36.2,32.625,1,92,-0.4271,53.37,3.23,42.11,market
2026-06-26,GS,2026-07-24,28,1015.0,1019.61,0.45,put,0.3592,31.9,38.8,35.35,24,16,-0.4468,51.37,3.483,45.4,market
2026-06-26,GS,2026-07-24,28,1020.0,1019.61,0.0,put,0.363,34.0,41.8,37.9,10,34,-0.4663,49.36,3.716,48.44,market
2026-06-26,GS,2026-07-24,28,1025.0,1019.61,0.0,put,0.3625,36.45,44.4,40.425,4,11,-0.4857,47.43,3.944,51.41,market
2026-06-26,GS,2026-07-24,28,1030.0,1019.61,0.0,put,0.3551,39.0,46.3,42.65,4,45,-0.506,45.49,4.141,53.98,market
2026-06-26,GS,2026-07-24,28,1035.0,1019.61,0.0,put,0.3625,41.7,50.0,45.85,23,17,-0.5242,43.6,4.43,57.75,market
2026-06-26,GS,2026-07-24,28,1040.0,1019.61,0.0,put,0.3595,44.55,52.6,48.575,9,27,-0.544,41.68,4.671,60.89,market
2026-06-26,GS,2026-07-24,28,1045.0,1019.61,0.0,put,0.3473,47.5,54.25,50.875,13,10,-0.5666,39.59,4.868,63.46,market
2026-06-26,GS,2026-07-24,28,1050.0,1019.61,0.0,put,0.3613,50.6,58.95,54.775,3,3,-0.5813,38.01,5.217,68.0,market
2026-06-26,GS,2026-07-24,28,1055.0,1019.61,0.0,put,0.3599,53.85,62.0,57.925,2,2,-0.6002,36.18,5.491,71.57,market
2026-06-26,GS,2026-07-24,28,1060.0,1019.61,0.0,put,0.3572,57.0,65.0,61.0,4,24,-0.6196,34.33,5.755,75.02,market
2026-06-26,GS,2026-07-24,28,1065.0,1019.61,0.0,put,0.3535,60.5,68.0,64.25,3,10,-0.6393,32.47,6.033,78.64,market
2026-06-26,GS,2026-07-24,28,1075.0,1019.61,0.0,put,0.3562,67.6,75.3,71.45,3,2,-0.6729,29.23,6.647,86.64,market
2026-06-26,GS,2026-07-24,28,1080.0,1019.61,0.0,put,0.3549,71.05,78.8,74.925,5,8,-0.6905,27.57,6.937,90.44,market
2026-06-26,GS,2026-07-24,28,1085.0,1019.61,0.0,put,0.3434,74.8,81.4,78.1,5,7,-0.7142,25.44,7.198,93.83,market
2026-06-26,GS,2026-07-24,28,1090.0,1019.61,0.0,put,0.3518,78.65,86.0,82.325,1,10,-0.7248,24.37,7.553,98.46,market
2026-06-26,GS,2026-07-24,28,1100.0,1019.61,0.0,put,0.3542,86.55,94.0,90.275,2,40,-0.7535,21.67,8.207,106.98,market
2026-06-26,GS,2026-07-24,28,1105.0,1019.61,0.0,put,0.3543,90.65,98.0,94.325,2,1,-0.7677,20.34,8.536,111.28,market
2026-06-26,GS,2026-07-24,28,1110.0,1019.61,0.0,put,0.3537,95.0,102.0,98.5,2,1,-0.782,19.03,8.874,115.68,market
2026-06-26,GS,2026-07-24,28,1120.0,1019.61,0.0,put,0.363,103.3,111.0,107.15,2,2,-0.8011,17.2,9.567,124.71,market
2026-06-26,GS,2026-07-24,28,1130.0,1019.61,0.0,put,0.3706,112.2,120.0,116.1,0,1,-0.8194,15.49,10.274,133.93,market
2026-06-26,GS,2026-07-24,28,1140.0,1019.61,0.0,put,0.3617,121.0,128.0,124.5,2,3,-0.8475,13.01,10.921,142.36,market
2026-06-26,GS,2026-07-24,28,1150.0,1019.61,0.0,put,0.3805,130.1,138.0,134.05,1,3,-0.8538,12.34,11.657,151.95,market
2026-06-26,GS,2026-07-24,28,1160.0,1019.61,0.0,put,0.3825,139.7,147.0,143.35,2,4,-0.8705,10.85,12.358,161.09,market
2026-06-26,GS,2026-07-24,28,1180.0,1019.61,0.0,put,0.3989,158.6,166.0,162.3,2,5,-0.8911,8.97,13.754,179.3,market
2026-06-26,GS,2026-07-24,28,1200.0,1019.61,0.0,put,0.4108,177.95,185.0,181.475,2,3,-0.9101,7.28,15.123,197.14,market
2026-06-26,GS,2026-07-24,28,1210.0,1019.61,0.0,put,0.4026,187.7,194.0,190.85,0,1,-0.9258,5.98,15.773,205.61,market
2026-06-26,GS,2026-07-24,28,1280.0,1019.61,0.0,put,0.4913,257.25,263.7,260.475,2,0,-0.9424,4.35,20.35,265.27,market
2026-06-26,GS,2026-07-24,28,1290.0,1019.61,0.0,put,0.5132,267.3,274.0,270.65,2,0,-0.9402,4.47,20.981,273.5,market
2026-06-26,GS,2026-07-24,28,1330.0,1019.61,0.0,put,0.5594,307.3,313.85,310.575,2,0,-0.9466,3.85,23.352,304.4,market
2026-06-26,GS,2026-07-24,28,1340.0,1019.61,0.0,put,0.5764,317.3,324.0,320.65,2,0,-0.9461,3.86,23.929,311.93,market
2026-06-26,GS,2026-07-31,35,730.0,1019.61,28.4,put,0.5479,0.0,2.93,1.244,22,11,-0.0186,97.21,0.17,1.78,bs_fallback
2026-06-26,GS,2026-07-31,35,745.0,1019.61,26.93,put,0.5658,0.0,4.8,2.07,0,2,-0.0283,95.83,0.278,2.9,bs_fallback
2026-06-26,GS,2026-07-31,35,755.0,1019.61,25.95,put,0.5454,0.0,4.8,2.066,0,4,-0.0293,95.75,0.274,2.85,bs_fallback
2026-06-26,GS,2026-07-31,35,765.0,1019.61,24.97,put,0.5504,0.0,3.05,2.647,112,39,-0.036,94.83,0.346,3.61,bs_fallback
2026-06-26,GS,2026-07-31,35,770.0,1019.61,24.48,put,0.4789,0.26,1.6,0.93,40,8,-0.0228,96.8,0.121,1.26,market
2026-06-26,GS,2026-07-31,35,775.0,1019.61,23.99,put,0.5203,0.01,2.79,1.4,40,9,-0.0349,95.07,0.181,1.88,market
2026-06-26,GS,2026-07-31,35,780.0,1019.61,23.5,put,0.5262,0.01,3.25,1.63,0,9,-0.0396,94.43,0.209,2.18,market
2026-06-26,GS,2026-07-31,35,785.0,1019.61,23.01,put,0.5223,0.01,3.45,1.73,0,12,-0.0421,94.13,0.22,2.3,market
2026-06-26,GS,2026-07-31,35,790.0,1019.61,22.52,put,0.5151,0.01,3.55,1.78,0,6,-0.0437,93.94,0.225,2.35,market
2026-06-26,GS,2026-07-31,35,795.0,1019.61,22.03,put,0.5001,0.01,3.4,1.705,25,42,-0.0431,94.07,0.214,2.24,market
2026-06-26,GS,2026-07-31,35,800.0,1019.61,21.54,put,0.5031,0.01,3.85,1.93,0,14,-0.0479,93.44,0.241,2.52,market
2026-06-26,GS,2026-07-31,35,805.0,1019.61,21.05,put,0.4969,0.01,4.0,2.005,0,7,-0.0501,93.19,0.249,2.6,market
2026-06-26,GS,2026-07-31,35,810.0,1019.61,20.56,put,0.4865,0.03,4.0,2.015,0,10,-0.051,93.11,0.249,2.59,market
2026-06-26,GS,2026-07-31,35,815.0,1019.61,20.07,put,0.4826,0.01,4.25,2.13,1,5,-0.0542,92.73,0.261,2.73,market
2026-06-26,GS,2026-07-31,35,820.0,1019.61,19.58,put,0.476,0.13,4.4,2.265,0,7,-0.0565,92.47,0.276,2.88,market
2026-06-26,GS,2026-07-31,35,825.0,1019.61,19.09,put,0.4716,0.26,4.65,2.455,0,15,-0.0598,92.08,0.298,3.1,market
2026-06-26,GS,2026-07-31,35,830.0,1019.61,18.6,put,0.4657,0.41,4.85,2.63,2,12,-0.0628,91.74,0.317,3.3,market
2026-06-26,GS,2026-07-31,35,835.0,1019.61,18.11,put,0.4619,0.56,5.15,2.855,38,6,-0.0666,91.29,0.342,3.57,market
2026-06-26,GS,2026-07-31,35,840.0,1019.61,17.62,put,0.4565,0.73,5.4,3.065,99,73,-0.0701,90.89,0.365,3.81,market
2026-06-26,GS,2026-07-31,35,845.0,1019.61,17.13,put,0.4562,0.92,5.9,3.41,44,9,-0.0757,90.2,0.404,4.21,market
2026-06-26,GS,2026-07-31,35,850.0,1019.61,16.63,put,0.4512,1.63,6.2,3.915,34,24,-0.0798,89.74,0.461,4.8,market
2026-06-26,GS,2026-07-31,35,855.0,1019.61,16.14,put,0.4468,1.8,6.55,4.175,50,18,-0.0843,89.21,0.488,5.09,market
2026-06-26,GS,2026-07-31,35,860.0,1019.61,15.65,put,0.4421,2.0,6.9,4.45,52,15,-0.089,88.69,0.517,5.4,market
2026-06-26,GS,2026-07-31,35,865.0,1019.61,15.16,put,0.4397,2.07,7.4,4.735,1,7,-0.0949,88.0,0.547,5.71,market
2026-06-26,GS,2026-07-31,35,870.0,1019.61,14.67,put,0.4016,3.6,5.9,4.75,10,1,-0.0843,89.48,0.546,5.69,market
2026-06-26,GS,2026-07-31,35,875.0,1019.61,14.18,put,0.4229,2.6,7.75,5.175,2,2,-0.102,87.27,0.591,6.17,market
2026-06-26,GS,2026-07-31,35,885.0,1019.61,13.2,put,0.4186,3.3,8.95,6.125,6,1,-0.1162,85.65,0.692,7.22,market
2026-06-26,GS,2026-07-31,35,895.0,1019.61,12.22,put,0.4087,3.95,9.9,6.925,14,11,-0.129,84.25,0.774,8.07,market
2026-06-26,GS,2026-07-31,35,900.0,1019.61,11.73,put,0.3754,4.45,8.4,6.425,53,7,-0.1205,85.46,0.714,7.44,market
2026-06-26,GS,2026-07-31,35,910.0,1019.61,10.75,put,0.3787,7.05,10.35,8.7,17,1,-0.1424,82.95,0.956,9.97,market
2026-06-26,GS,2026-07-31,35,915.0,1019.61,10.26,put,0.406,6.3,13.55,9.925,26,1,-0.168,79.85,1.085,11.31,market
2026-06-26,GS,2026-07-31,35,920.0,1019.61,9.77,put,0.392,6.95,13.45,10.2,17,5,-0.1718,79.55,1.109,11.56,market
2026-06-26,GS,2026-07-31,35,925.0,1019.61,9.28,put,0.3989,7.7,15.2,11.45,20,6,-0.187,77.8,1.238,12.91,market
2026-06-26,GS,2026-07-31,35,935.0,1019.61,8.3,put,0.3815,10.1,16.05,13.075,30,7,-0.2024,76.27,1.398,14.58,market
2026-06-26,GS,2026-07-31,35,940.0,1019.61,7.81,put,0.3922,10.7,18.4,14.55,28,36,-0.2208,74.16,1.548,16.14,market
2026-06-26,GS,2026-07-31,35,945.0,1019.61,7.32,put,0.3757,11.75,18.15,14.95,37,36,-0.2258,73.77,1.582,16.5,market
2026-06-26,GS,2026-07-31,35,950.0,1019.61,6.83,put,0.3841,12.65,20.45,16.55,6,36,-0.2437,71.75,1.742,18.17,market
2026-06-26,GS,2026-07-31,35,955.0,1019.61,6.34,put,0.38,14.1,21.55,17.825,16,3,-0.2559,70.48,1.866,19.46,market
2026-06-26,GS,2026-07-31,35,960.0,1019.61,5.85,put,0.3657,14.5,21.6,18.05,7,2,-0.264,69.77,1.88,19.61,market
2026-06-26,GS,2026-07-31,35,965.0,1019.61,5.36,put,0.377,16.2,24.5,20.35,2,13,-0.284,67.52,2.109,21.99,market
2026-06-26,GS,2026-07-31,35,970.0,1019.61,4.87,put,0.3717,17.8,25.65,21.725,1,24,-0.2972,66.18,2.24,23.36,market
2026-06-26,GS,2026-07-31,35,975.0,1019.61,4.38,put,0.3676,19.35,27.0,23.175,4,19,-0.3113,64.74,2.377,24.79,market
2026-06-26,GS,2026-07-31,35,980.0,1019.61,3.88,put,0.3536,21.0,27.25,24.125,1,11,-0.3226,63.72,2.462,25.67,market
2026-06-26,GS,2026-07-31,35,985.0,1019.61,3.39,put,0.3636,22.6,30.4,26.5,8,4,-0.3425,61.52,2.69,28.06,market
2026-06-26,GS,2026-07-31,35,990.0,1019.61,2.9,put,0.3557,24.0,31.5,27.75,6,3,-0.3571,60.1,2.803,29.23,market
2026-06-26,GS,2026-07-31,35,995.0,1019.61,2.41,put,0.3474,26.05,32.6,29.325,5,5,-0.3724,58.63,2.947,30.74,market
2026-06-26,GS,2026-07-31,35,1000.0,1019.61,1.92,put,0.3617,28.0,36.6,32.3,2,39,-0.3927,56.36,3.23,33.68,market
2026-06-26,GS,2026-07-31,35,1005.0,1019.61,1.43,put,0.3437,30.05,36.65,33.35,2,8,-0.4075,55.07,3.318,34.61,market
2026-06-26,GS,2026-07-31,35,1010.0,1019.61,0.94,put,0.3541,32.25,40.35,36.3,1,47,-0.4266,53.0,3.594,37.48,market
2026-06-26,GS,2026-07-31,35,1015.0,1019.61,0.45,put,0.3554,35.3,43.0,39.15,4,22,-0.4444,51.19,3.857,40.22,market
2026-06-26,GS,2026-07-31,35,1020.0,1019.61,0.0,put,0.3489,37.0,44.75,40.875,4,53,-0.4622,49.47,4.007,41.79,market
2026-06-26,GS,2026-07-31,35,1025.0,1019.61,0.0,put,0.3535,40.0,48.0,44.0,15,30,-0.4799,47.64,4.293,44.77,market
2026-06-26,GS,2026-07-31,35,1030.0,1019.61,0.0,put,0.332,42.1,48.0,45.05,11,53,-0.5002,45.88,4.374,45.61,market
2026-06-26,GS,2026-07-31,35,1035.0,1019.61,0.0,put,0.349,45.0,53.0,49.0,98,32,-0.516,44.11,4.734,49.37,market
2026-06-26,GS,2026-07-31,35,1040.0,1019.61,0.0,put,0.3496,48.0,56.0,52.0,3,8,-0.5337,42.36,5.0,52.14,market
2026-06-26,GS,2026-07-31,35,1050.0,1019.61,0.0,put,0.3448,54.0,61.5,57.75,36,70,-0.5702,38.84,5.5,57.36,market
2026-06-26,GS,2026-07-31,35,1055.0,1019.61,0.0,put,0.3474,57.0,65.0,61.0,3,11,-0.5866,37.21,5.782,60.3,market
2026-06-26,GS,2026-07-31,35,1060.0,1019.61,0.0,put,0.3445,60.0,67.9,63.95,1,13,-0.6049,35.47,6.033,62.92,market
2026-06-26,GS,2026-07-31,35,1065.0,1019.61,0.0,put,0.3366,63.3,70.3,66.8,11,7,-0.6254,33.58,6.272,65.41,market
2026-06-26,GS,2026-07-31,35,1070.0,1019.61,0.0,put,0.3444,67.0,74.65,70.825,2,10,-0.6384,32.25,6.619,69.03,market
2026-06-26,GS,2026-07-31,35,1075.0,1019.61,0.0,put,0.3431,70.35,78.0,74.175,9,28,-0.6553,30.65,6.9,71.96,market
2026-06-26,GS,2026-07-31,35,1080.0,1019.61,0.0,put,0.3443,74.0,81.7,77.85,64,14,-0.6706,29.18,7.208,75.17,market
2026-06-26,GS,2026-07-31,35,1085.0,1019.61,0.0,put,0.3466,77.45,85.6,81.525,1,23,-0.6847,27.82,7.514,78.36,market
2026-06-26,GS,2026-07-31,35,1090.0,1019.61,0.0,put,0.3424,81.25,88.85,85.05,16,20,-0.7024,26.19,7.803,81.37,market
2026-06-26,GS,2026-07-31,35,1095.0,1019.61,0.0,put,0.344,85.25,92.8,89.025,1,11,-0.7162,24.89,8.13,84.79,market
2026-06-26,GS,2026-07-31,35,1100.0,1019.61,0.0,put,0.3474,89.1,97.0,93.05,2,7,-0.7281,23.74,8.459,88.22,market
2026-06-26,GS,2026-07-31,35,1105.0,1019.61,0.0,put,0.34,93.15,100.15,96.65,1,5,-0.7472,22.03,8.747,91.21,market
2026-06-26,GS,2026-07-31,35,1110.0,1019.61,0.0,put,0.3489,97.15,105.0,101.075,2,3,-0.7542,21.3,9.106,94.96,market
2026-06-26,GS,2026-07-31,35,1140.0,1019.61,0.0,put,0.3505,122.75,130.0,126.375,6,3,-0.8238,14.95,11.086,115.61,market
2026-06-26,GS,2026-07-31,35,1160.0,1019.61,0.0,put,0.3579,140.75,148.0,144.375,2,2,-0.8566,11.98,12.446,129.8,market
2026-06-26,GS,2026-07-31,35,1165.0,1019.61,0.0,put,0.366,145.6,153.0,149.3,2,3,-0.8593,11.69,12.815,133.65,market
2026-06-26,GS,2026-07-31,35,1170.0,1019.61,0.0,put,0.359,150.2,157.0,153.6,2,3,-0.8726,10.56,13.128,136.91,market
2026-06-26,GS,2026-07-31,35,1175.0,1019.61,0.0,put,0.3668,154.85,162.0,158.425,2,5,-0.8749,10.32,13.483,140.61,market
2026-06-26,GS,2026-07-31,35,1180.0,1019.61,0.0,put,0.3744,159.55,167.0,163.275,11,7,-0.8771,10.09,13.837,144.3,market
2026-06-26,GS,2026-07-31,35,1190.0,1019.61,0.0,put,0.3728,169.0,176.0,172.5,4,3,-0.8924,8.77,14.496,151.17,market
2026-06-26,GS,2026-07-31,35,1320.0,1019.61,0.0,put,0.4952,297.3,304.0,300.65,2,0,-0.9425,4.19,22.777,237.53,market
2026-06-26,GS,2026-07-31,35,1340.0,1019.61,0.0,put,0.5145,317.25,323.9,320.575,2,0,-0.9458,3.88,23.924,249.49,market
2026-06-26,GS,2026-07-31,35,1360.0,1019.61,0.0,put,0.5391,337.3,344.0,340.65,1,0,-0.9467,3.75,25.048,261.21,market
2026-06-26,GS,2026-07-31,35,1390.0,1019.61,0.0,put,0.5566,367.3,373.55,370.425,0,0,-0.9539,3.17,26.649,277.91,market
2026-06-26,MS,2026-07-17,21,90.0,212.03,57.55,put,1.9932,0.0,2.13,0.925,2,7,-0.0208,94.05,1.028,17.86,bs_fallback
2026-06-26,MS,2026-07-17,21,95.0,212.03,55.2,put,1.1641,0.0,0.06,0.022,1,11,-0.0012,99.7,0.024,0.41,bs_fallback
2026-06-26,MS,2026-07-17,21,100.0,212.03,52.84,put,1.2441,0.0,0.2,0.079,1,60,-0.0037,99.13,0.079,1.37,bs_fallback
2026-06-26,MS,2026-07-17,21,105.0,212.03,50.48,put,1.6704,0.0,2.13,0.925,1,13,-0.0249,94.07,0.881,15.31,bs_fallback
2026-06-26,MS,2026-07-17,21,110.0,212.03,48.12,put,1.3574,0.0,0.93,0.391,6,30,-0.0144,96.87,0.355,6.17,bs_fallback
2026-06-26,MS,2026-07-17,21,115.0,212.03,45.76,put,1.167,0.0,0.52,0.214,79,110,-0.0097,98.01,0.186,3.24,bs_fallback
2026-06-26,MS,2026-07-17,21,120.0,212.03,43.4,put,0.8906,0.0,0.1,0.039,8,52,-0.0027,99.49,0.032,0.56,bs_fallback
2026-06-26,MS,2026-07-17,21,125.0,212.03,41.05,put,0.9473,0.0,0.3,0.12,88,152,-0.0071,98.69,0.096,1.67,bs_fallback
2026-06-26,MS,2026-07-17,21,130.0,212.03,38.69,put,1.2212,0.0,2.13,0.925,2,546,-0.0339,93.74,0.712,12.37,bs_fallback
2026-06-26,MS,2026-07-17,21,135.0,212.03,36.33,put,1.021,0.0,1.2,0.51,1,768,-0.024,95.84,0.378,6.57,bs_fallback
2026-06-26,MS,2026-07-17,21,140.0,212.03,33.97,put,1.0647,0.0,2.14,0.931,1,222,-0.0388,93.43,0.665,11.55,bs_fallback
2026-06-26,MS,2026-07-17,21,145.0,212.03,31.61,put,0.7051,0.0,0.3,0.12,1,225,-0.0094,98.53,0.083,1.44,bs_fallback
2026-06-26,MS,2026-07-17,21,150.0,212.03,29.26,put,0.6328,0.0,0.25,0.099,4,795,-0.0088,98.69,0.066,1.15,bs_fallback
2026-06-26,MS,2026-07-17,21,155.0,212.03,26.9,put,0.6074,0.0,0.35,0.14,10,1726,-0.0125,98.2,0.09,1.57,bs_fallback
2026-06-26,MS,2026-07-17,21,160.0,212.03,24.54,put,0.6314,0.0,0.78,0.325,5,582,-0.0254,96.43,0.203,3.53,bs_fallback
2026-06-26,MS,2026-07-17,21,165.0,212.03,22.18,put,0.5464,0.0,0.3,0.246,2,1285,-0.0227,96.93,0.149,2.59,bs_fallback
2026-06-26,MS,2026-07-17,21,170.0,212.03,19.82,put,0.5293,0.12,0.45,0.285,15,786,-0.0339,95.54,0.168,2.91,market
2026-06-26,MS,2026-07-17,21,175.0,212.03,17.46,put,0.4912,0.21,0.55,0.38,4,745,-0.0434,94.46,0.217,3.77,market
2026-06-26,MS,2026-07-17,21,180.0,212.03,15.11,put,0.4551,0.4,0.69,0.545,34,1138,-0.0569,92.95,0.303,5.26,market
2026-06-26,MS,2026-07-17,21,185.0,212.03,12.75,put,0.4155,0.69,0.85,0.77,135,1044,-0.074,91.1,0.416,7.23,market
2026-06-26,MS,2026-07-17,21,190.0,212.03,10.39,put,0.4078,1.02,1.39,1.205,34,1076,-0.1151,86.47,0.634,11.02,market
2026-06-26,MS,2026-07-17,21,195.0,212.03,8.03,put,0.3895,1.72,2.04,1.88,31,952,-0.1651,81.06,0.964,16.76,market
2026-06-26,MS,2026-07-17,21,200.0,212.03,5.67,put,0.3859,2.5,3.2,2.85,110,1105,-0.2393,73.1,1.425,24.77,market
2026-06-26,MS,2026-07-17,21,210.0,212.03,0.96,put,0.3665,5.8,6.6,6.2,297,1840,-0.4262,53.91,2.952,51.32,market
2026-06-26,MS,2026-07-17,21,220.0,212.03,0.0,put,0.3625,10.9,12.3,11.6,69,2524,-0.636,33.19,5.273,91.65,market
2026-06-26,MS,2026-07-17,21,230.0,212.03,0.0,put,0.3489,18.1,19.7,18.9,45,488,-0.8148,16.36,8.217,142.83,market
2026-06-26,MS,2026-07-17,21,240.0,212.03,0.0,put,0.3989,27.0,29.05,28.025,31,124,-0.8882,9.46,11.677,202.96,market
2026-06-26,MS,2026-07-17,21,250.0,212.03,0.0,put,0.5115,36.05,39.25,37.65,4,25,-0.8958,8.37,15.06,261.76,market
2026-06-26,MS,2026-07-17,21,260.0,212.03,0.0,put,0.6243,45.85,49.5,47.675,2,1,-0.8976,7.81,18.337,318.71,market
2026-06-26,MS,2026-07-24,28,175.0,212.03,17.46,put,0.5256,0.0,2.62,1.156,0,1,-0.0782,89.83,0.66,8.61,bs_fallback
2026-06-26,MS,2026-07-24,28,180.0,212.03,15.11,put,0.4985,0.25,1.65,0.95,1,1,-0.0998,87.39,0.528,6.88,market
2026-06-26,MS,2026-07-24,28,185.0,212.03,12.75,put,0.4183,0.0,1.43,1.257,0,19,-0.1024,87.54,0.68,8.86,bs_fallback
2026-06-26,MS,2026-07-24,28,190.0,212.03,10.39,put,0.4187,0.71,2.25,1.48,5,26,-0.1499,82.15,0.779,10.15,market
2026-06-26,MS,2026-07-24,28,195.0,212.03,8.03,put,0.3698,1.33,2.53,1.93,13,17,-0.1824,78.92,0.99,12.9,market
2026-06-26,MS,2026-07-24,28,200.0,212.03,5.67,put,0.3516,3.0,3.5,3.25,3,23,-0.2458,72.26,1.625,21.18,market
2026-06-26,MS,2026-07-24,28,205.0,212.03,3.32,put,0.345,4.55,5.05,4.8,4,26,-0.3297,63.5,2.341,30.52,market
2026-06-26,MS,2026-07-24,28,210.0,212.03,0.96,put,0.3616,6.5,7.6,7.05,13,277,-0.4268,53.36,3.357,43.76,market
2026-06-26,MS,2026-07-24,28,215.0,212.03,0.0,put,0.3829,8.9,10.75,9.825,4,19,-0.5167,44.12,4.57,59.57,market
2026-06-26,MS,2026-07-24,28,220.0,212.03,0.0,put,0.3535,11.7,13.15,12.425,5,19,-0.6136,34.95,5.648,73.62,market
2026-06-26,MS,2026-07-24,28,225.0,212.03,0.0,put,0.3722,14.2,17.05,15.625,13,19,-0.6869,27.75,6.944,90.53,market
2026-06-26,MS,2026-07-31,35,180.0,212.03,15.11,put,0.4966,0.5,2.3,1.4,0,3,-0.1204,84.6,0.778,8.11,market
2026-06-26,MS,2026-07-31,35,185.0,212.03,12.75,put,0.4463,1.1,2.43,1.765,1,33,-0.1377,82.95,0.954,9.95,market
2026-06-26,MS,2026-07-31,35,190.0,212.03,10.39,put,0.417,1.44,2.95,2.195,1,35,-0.1707,79.45,1.155,12.05,market
2026-06-26,MS,2026-07-31,35,195.0,212.03,8.03,put,0.4021,1.56,3.9,2.73,3,2,-0.2197,74.17,1.4,14.6,market
2026-06-26,MS,2026-07-31,35,200.0,212.03,5.67,put,0.3828,3.5,5.0,4.25,10,8,-0.2768,68.22,2.125,22.16,market
2026-06-26,MS,2026-07-31,35,205.0,212.03,3.32,put,0.3661,4.8,6.45,5.625,3,39,-0.3459,61.14,2.744,28.61,market
2026-06-26,MS,2026-07-31,35,215.0,212.03,0.0,put,0.3494,9.35,10.9,10.125,3,13,-0.512,44.5,4.709,49.11,market
2026-06-26,MS,2026-07-31,35,220.0,212.03,0.0,put,0.3723,12.05,14.55,13.3,7,8,-0.5874,36.84,6.045,63.05,market
2026-06-26,MS,2026-07-31,35,225.0,212.03,0.0,put,0.3679,15.9,17.85,16.875,6,8,-0.6635,29.6,7.5,78.21,market
2026-06-26,MS,2026-07-31,35,240.0,212.03,0.0,put,0.4007,27.5,30.4,28.95,2,1,-0.8154,15.34,12.062,125.79,market
2026-06-26,C,2026-07-17,21,30.0,141.76,78.84,put,1.9375,0.0,0.01,0.003,2,2182,-0.0002,99.91,0.01,0.18,bs_fallback
2026-06-26,C,2026-07-17,21,32.5,141.76,77.07,put,2.2891,0.0,0.1,0.04,1,45,-0.0015,99.21,0.122,2.13,bs_fallback
2026-06-26,C,2026-07-17,21,35.0,141.76,75.31,put,1.9375,0.0,0.03,0.012,1,878,-0.0006,99.73,0.033,0.57,bs_fallback
2026-06-26,C,2026-07-17,21,37.5,141.76,73.55,put,2.0703,0.0,0.1,0.039,2,1013,-0.0017,99.26,0.105,1.83,bs_fallback
2026-06-26,C,2026-07-17,21,40.0,141.76,71.78,put,1.9688,0.0,0.1,0.039,2,138,-0.0017,99.28,0.096,1.68,bs_fallback
2026-06-26,C,2026-07-17,21,42.5,141.76,70.02,put,1.8828,0.0,0.1,0.04,1,888,-0.0019,99.28,0.093,1.62,bs_fallback
2026-06-26,C,2026-07-17,21,45.0,141.76,68.26,put,1.7969,0.0,0.1,0.04,5,1560,-0.002,99.29,0.088,1.53,bs_fallback
2026-06-26,C,2026-07-17,21,47.5,141.76,66.49,put,1.7109,0.0,0.1,0.038,1,924,-0.002,99.32,0.081,1.41,bs_fallback
2026-06-26,C,2026-07-17,21,50.0,141.76,64.73,put,1.6406,0.0,0.1,0.04,1,1927,-0.0022,99.3,0.08,1.39,bs_fallback
2026-06-26,C,2026-07-17,21,52.5,141.76,62.97,put,1.5625,0.0,0.1,0.039,1,1562,-0.0022,99.33,0.074,1.28,bs_fallback
2026-06-26,C,2026-07-17,21,55.0,141.76,61.2,put,1.4922,0.0,0.1,0.038,5,11304,-0.0023,99.33,0.07,1.21,bs_fallback
2026-06-26,C,2026-07-17,21,57.5,141.76,59.44,put,1.6602,0.0,0.34,0.14,2,1165,-0.0067,98.1,0.243,4.23,bs_fallback
2026-06-26,C,2026-07-17,21,60.0,141.76,57.67,put,1.3672,0.0,0.1,0.04,6,6579,-0.0026,99.32,0.066,1.15,bs_fallback
2026-06-26,C,2026-07-17,21,62.5,141.76,55.91,put,1.3047,0.0,0.1,0.039,5,645,-0.0027,99.32,0.063,1.09,bs_fallback
2026-06-26,C,2026-07-17,21,65.0,141.76,54.15,put,1.2461,0.0,0.1,0.039,1,578,-0.0028,99.32,0.06,1.05,bs_fallback
2026-06-26,C,2026-07-17,21,67.5,141.76,52.38,put,1.1875,0.0,0.1,0.038,1,1388,-0.0029,99.33,0.057,0.99,bs_fallback
2026-06-26,C,2026-07-17,21,70.0,141.76,50.62,put,1.0547,0.0,0.05,0.019,2,603,-0.0017,99.63,0.027,0.47,bs_fallback
2026-06-26,C,2026-07-17,21,72.5,141.76,48.86,put,0.9219,0.0,0.02,0.007,1,1759,-0.0008,99.83,0.01,0.17,bs_fallback
2026-06-26,C,2026-07-17,21,75.0,141.76,47.09,put,1.0195,0.0,0.09,0.035,2,6191,-0.0031,99.37,0.047,0.81,bs_fallback
2026-06-26,C,2026-07-17,21,77.5,141.76,45.33,put,0.9844,0.0,0.1,0.04,2,911,-0.0036,99.29,0.051,0.89,bs_fallback
2026-06-26,C,2026-07-17,21,80.0,141.76,43.57,put,0.8828,0.0,0.06,0.023,10,1340,-0.0024,99.55,0.028,0.49,bs_fallback
2026-06-26,C,2026-07-17,21,82.5,141.76,41.8,put,1.4522,0.0,2.14,0.944,45,173,-0.0412,91.75,1.144,19.89,bs_fallback
2026-06-26,C,2026-07-17,21,85.0,141.76,40.04,put,0.8438,0.0,0.1,0.039,1,2772,-0.0041,99.27,0.046,0.8,bs_fallback
2026-06-26,C,2026-07-17,21,87.5,141.76,38.28,put,0.7031,0.0,0.03,0.011,9,337,-0.0015,99.74,0.012,0.22,bs_fallback
2026-06-26,C,2026-07-17,21,90.0,141.76,36.51,put,0.6641,0.0,0.03,0.011,14,1469,-0.0016,99.74,0.012,0.21,bs_fallback
2026-06-26,C,2026-07-17,21,92.5,141.76,34.75,put,0.6484,0.0,0.04,0.015,2,256,-0.0022,99.64,0.016,0.29,bs_fallback
2026-06-26,C,2026-07-17,21,95.0,141.76,32.99,put,0.625,0.0,0.05,0.019,1,1023,-0.0029,99.55,0.02,0.35,bs_fallback
2026-06-26,C,2026-07-17,21,97.5,141.76,31.22,put,0.5859,0.0,0.05,0.018,6,3477,-0.0029,99.55,0.019,0.33,bs_fallback
2026-06-26,C,2026-07-17,21,100.0,141.76,29.46,put,0.5977,0.02,0.08,0.05,18,3350,-0.0058,99.14,0.05,0.87,market
2026-06-26,C,2026-07-17,21,105.0,141.76,25.93,put,0.5547,0.01,0.15,0.08,129,8884,-0.0095,98.65,0.076,1.32,market
2026-06-26,C,2026-07-17,21,110.0,141.76,22.4,put,0.5371,0.0,0.17,0.139,11,1751,-0.0199,97.3,0.127,2.2,bs_fallback
2026-06-26,C,2026-07-17,21,115.0,141.76,18.88,put,0.4463,0.09,0.15,0.12,18,3377,-0.0209,97.3,0.104,1.81,market
2026-06-26,C,2026-07-17,21,120.0,141.76,15.35,put,0.4111,0.17,0.27,0.22,12,2231,-0.0385,95.25,0.183,3.19,market
2026-06-26,C,2026-07-17,21,125.0,141.76,11.82,put,0.3804,0.39,0.51,0.45,126,2767,-0.0727,91.39,0.36,6.26,market
2026-06-26,C,2026-07-17,21,130.0,141.76,8.3,put,0.3516,0.86,0.97,0.915,216,4668,-0.135,84.59,0.704,12.23,market
2026-06-26,C,2026-07-17,21,135.0,141.76,4.77,put,0.3301,1.73,1.88,1.805,135,1664,-0.2441,73.03,1.337,23.24,market
2026-06-26,C,2026-07-17,21,140.0,141.76,1.24,put,0.3135,3.2,3.5,3.35,3493,2221,-0.4044,56.62,2.393,41.59,market
2026-06-26,C,2026-07-17,21,145.0,141.76,0.0,put,0.3054,5.6,6.1,5.85,67,1351,-0.592,37.99,4.034,70.12,market
2026-06-26,C,2026-07-17,21,150.0,141.76,0.0,put,0.3134,8.95,9.75,9.35,4,413,-0.7504,22.63,6.233,108.34,market
2026-06-26,C,2026-07-17,21,155.0,141.76,0.0,put,0.335,13.0,14.1,13.55,1,3,-0.8497,13.23,8.742,151.94,market
2026-06-26,C,2026-07-17,21,165.0,141.76,0.0,put,0.6106,21.4,25.1,23.25,1,0,-0.8273,13.78,14.091,244.91,market
2026-06-26,C,2026-07-17,21,170.0,141.76,0.0,put,0.6853,26.45,30.1,28.275,0,0,-0.8427,12.1,16.632,289.09,market
2026-06-26,C,2026-07-17,21,175.0,141.76,0.0,put,0.7554,31.5,35.1,33.3,0,0,-0.8545,10.8,19.029,330.73,market
2026-06-26,C,2026-07-24,28,90.0,141.76,36.51,put,1.0928,0.0,2.14,0.961,0,1,-0.0479,91.35,1.068,13.92,bs_fallback
2026-06-26,C,2026-07-24,28,100.0,141.76,29.46,put,0.6846,0.0,0.64,0.275,61,61,-0.0253,96.13,0.275,3.58,bs_fallback
2026-06-26,C,2026-07-24,28,105.0,141.76,25.93,put,0.6074,0.0,0.67,0.287,74,37,-0.0293,95.75,0.273,3.56,bs_fallback
2026-06-26,C,2026-07-24,28,110.0,141.76,22.4,put,0.5337,0.0,0.71,0.303,6,58,-0.0347,95.23,0.276,3.59,bs_fallback
2026-06-26,C,2026-07-24,28,115.0,141.76,18.88,put,0.4541,0.07,0.35,0.21,18,56,-0.0395,94.85,0.183,2.38,market
2026-06-26,C,2026-07-24,28,117.0,141.76,17.47,put,0.4356,0.1,0.4,0.25,12,39,-0.0462,94.09,0.214,2.79,market
2026-06-26,C,2026-07-24,28,118.0,141.76,16.76,put,0.4268,0.13,0.43,0.28,2,2,-0.0501,93.64,0.237,3.09,market
2026-06-26,C,2026-07-24,28,119.0,141.76,16.06,put,0.4194,0.13,0.47,0.3,3,1,-0.0551,93.08,0.252,3.29,market
2026-06-26,C,2026-07-24,28,120.0,141.76,15.35,put,0.4114,0.18,0.51,0.345,2,53,-0.0602,92.5,0.287,3.75,market
2026-06-26,C,2026-07-24,28,121.0,141.76,14.64,put,0.4043,0.21,0.56,0.385,0,1,-0.0663,91.81,0.318,4.15,market
2026-06-26,C,2026-07-24,28,122.0,141.76,13.94,put,0.3984,0.25,0.62,0.435,1,31,-0.0735,90.99,0.357,4.65,market
2026-06-26,C,2026-07-24,28,123.0,141.76,13.23,put,0.3865,0.41,0.65,0.53,1,3,-0.0785,90.46,0.431,5.62,market
2026-06-26,C,2026-07-24,28,124.0,141.76,12.53,put,0.3728,0.48,0.67,0.575,2,4,-0.083,90.01,0.464,6.04,market
2026-06-26,C,2026-07-24,28,125.0,141.76,11.82,put,0.3865,0.55,0.89,0.72,4,166,-0.103,87.65,0.576,7.51,market
2026-06-26,C,2026-07-24,28,126.0,141.76,11.12,put,0.3545,0.66,0.78,0.72,1,0,-0.0988,88.3,0.571,7.45,market
2026-06-26,C,2026-07-24,28,127.0,141.76,10.41,put,0.3523,0.74,0.9,0.82,1,9,-0.1122,86.81,0.646,8.42,market
2026-06-26,C,2026-07-24,28,128.0,141.76,9.71,put,0.3574,0.85,1.1,0.975,1,2,-0.1314,84.63,0.762,9.93,market
2026-06-26,C,2026-07-24,28,129.0,141.76,9.0,put,0.3586,0.97,1.29,1.13,2,4,-0.1497,82.6,0.876,11.42,market
2026-06-26,C,2026-07-24,28,130.0,141.76,8.3,put,0.3577,1.15,1.48,1.315,5,123,-0.1679,80.6,1.012,13.19,market
2026-06-26,C,2026-07-24,28,131.0,141.76,7.59,put,0.3523,1.28,1.64,1.46,1,50,-0.1848,78.8,1.115,14.53,market
2026-06-26,C,2026-07-24,28,132.0,141.76,6.88,put,0.3472,1.46,1.82,1.64,1,2,-0.2033,76.84,1.242,16.2,market
2026-06-26,C,2026-07-24,28,133.0,141.76,6.18,put,0.344,1.62,2.04,1.83,2,29,-0.2244,74.6,1.376,17.94,market
2026-06-26,C,2026-07-24,28,134.0,141.76,5.47,put,0.3283,1.88,2.12,2.0,6,29,-0.2398,73.1,1.493,19.46,market
2026-06-26,C,2026-07-24,28,135.0,141.76,4.77,put,0.3296,1.98,2.44,2.21,7,53,-0.2667,70.25,1.637,21.34,market
2026-06-26,C,2026-07-24,28,136.0,141.76,4.06,put,0.3346,2.33,2.84,2.585,41,31,-0.2962,67.1,1.901,24.78,market
2026-06-26,C,2026-07-24,28,137.0,141.76,3.36,put,0.3187,2.66,2.97,2.815,9,20,-0.3176,65.03,2.055,26.79,market
2026-06-26,C,2026-07-24,28,138.0,141.76,2.65,put,0.3284,2.84,3.5,3.17,6,33,-0.3508,61.5,2.297,29.94,market
2026-06-26,C,2026-07-24,28,139.0,141.76,1.95,put,0.324,3.35,3.85,3.6,99,27,-0.3795,58.59,2.59,33.76,market
2026-06-26,C,2026-07-24,28,140.0,141.76,1.24,put,0.3113,3.65,4.1,3.875,179,568,-0.4081,55.82,2.768,36.08,market
2026-06-26,C,2026-07-24,28,141.0,141.76,0.54,put,0.3065,4.15,4.5,4.325,11,16,-0.44,52.63,3.067,39.99,market
2026-06-26,C,2026-07-24,28,142.0,141.76,0.0,put,0.3027,4.5,4.95,4.725,3,44,-0.4731,49.35,3.327,43.38,market
2026-06-26,C,2026-07-24,28,143.0,141.76,0.0,put,0.3097,5.05,5.6,5.325,25,39,-0.5056,46.03,3.724,48.54,market
2026-06-26,C,2026-07-24,28,144.0,141.76,0.0,put,0.3082,5.45,6.15,5.8,149,174,-0.5383,42.8,4.028,52.5,market
2026-06-26,C,2026-07-24,28,145.0,141.76,0.0,put,0.3015,6.05,6.65,6.35,247,77,-0.5726,39.5,4.379,57.09,market
2026-06-26,C,2026-07-24,28,146.0,141.76,0.0,put,0.3024,6.6,7.3,6.95,7,57,-0.6042,36.39,4.76,62.05,market
2026-06-26,C,2026-07-24,28,147.0,141.76,0.0,put,0.3081,7.15,8.05,7.6,7,4,-0.6322,33.61,5.17,67.4,market
2026-06-26,C,2026-07-24,28,148.0,141.76,0.0,put,0.3087,7.8,8.75,8.275,10,1,-0.6614,30.79,5.591,72.89,market
2026-06-26,C,2026-07-24,28,155.0,141.76,0.0,put,0.3225,13.25,14.4,13.825,1,1,-0.8191,15.83,8.919,116.27,market
2026-06-26,C,2026-07-31,35,100.0,141.76,29.46,put,0.6309,0.0,0.74,0.321,61,61,-0.0282,95.67,0.321,3.35,bs_fallback
2026-06-26,C,2026-07-31,35,105.0,141.76,25.93,put,0.5601,0.0,0.77,0.333,0,37,-0.0325,95.27,0.317,3.31,bs_fallback
2026-06-26,C,2026-07-31,35,110.0,141.76,22.4,put,0.4639,0.03,0.3,0.165,12,44,-0.0307,95.8,0.15,1.56,market
2026-06-26,C,2026-07-31,35,115.0,141.76,18.88,put,0.4321,0.16,0.46,0.31,12,82,-0.0478,93.73,0.27,2.81,market
2026-06-26,C,2026-07-31,35,120.0,141.76,15.35,put,0.3965,0.39,0.68,0.535,1,23,-0.0725,90.91,0.446,4.65,market
2026-06-26,C,2026-07-31,35,121.0,141.76,14.64,put,0.3857,0.45,0.71,0.58,1,2,-0.077,90.42,0.479,5.0,market
2026-06-26,C,2026-07-31,35,122.0,141.76,13.94,put,0.3931,0.41,0.88,0.645,1,1,-0.0912,88.72,0.529,5.51,market
2026-06-26,C,2026-07-31,35,123.0,141.76,13.23,put,0.3882,0.43,0.97,0.7,2,0,-0.1001,87.71,0.569,5.93,market
2026-06-26,C,2026-07-31,35,124.0,141.76,12.53,put,0.3709,0.66,0.96,0.81,8,4,-0.103,87.49,0.653,6.81,market
2026-06-26,C,2026-07-31,35,125.0,141.76,11.82,put,0.3778,0.59,1.17,0.88,12,120,-0.12,85.5,0.704,7.34,market
2026-06-26,C,2026-07-31,35,127.0,141.76,10.41,put,0.361,0.96,1.34,1.15,1,3,-0.1395,83.41,0.906,9.44,market
2026-06-26,C,2026-07-31,35,128.0,141.76,9.71,put,0.3565,1.07,1.48,1.275,2,2,-0.153,81.95,0.996,10.39,market
2026-06-26,C,2026-07-31,35,130.0,141.76,8.3,put,0.3435,1.42,1.75,1.585,6,50,-0.1808,78.99,1.219,12.71,market
2026-06-26,C,2026-07-31,35,132.0,141.76,6.88,put,0.3363,1.8,2.15,1.975,2,4,-0.2168,75.14,1.496,15.6,market
2026-06-26,C,2026-07-31,35,133.0,141.76,6.18,put,0.335,2.03,2.41,2.22,1,1,-0.2379,72.88,1.669,17.41,market
2026-06-26,C,2026-07-31,35,134.0,141.76,5.47,put,0.3348,2.26,2.71,2.485,1,22,-0.2608,70.45,1.854,19.34,market
2026-06-26,C,2026-07-31,35,135.0,141.76,4.77,put,0.3318,2.4,2.99,2.695,2,173,-0.2831,68.11,1.996,20.82,market
2026-06-26,C,2026-07-31,35,136.0,141.76,4.06,put,0.3262,2.8,3.25,3.025,2,9,-0.3055,65.82,2.224,23.2,market
2026-06-26,C,2026-07-31,35,137.0,141.76,3.36,put,0.3246,3.1,3.6,3.35,3,283,-0.3308,63.2,2.445,25.5,market
2026-06-26,C,2026-07-31,35,138.0,141.76,2.65,put,0.3156,3.3,3.85,3.575,2,13,-0.3546,60.85,2.591,27.02,market
2026-06-26,C,2026-07-31,35,139.0,141.76,1.95,put,0.3198,3.8,4.35,4.075,10,36,-0.3834,57.82,2.932,30.57,market
2026-06-26,C,2026-07-31,35,140.0,141.76,1.24,put,0.3195,4.0,4.8,4.4,13,1011,-0.4113,54.99,3.143,32.78,market
2026-06-26,C,2026-07-31,35,141.0,141.76,0.54,put,0.3034,4.5,5.0,4.75,2,3,-0.4383,52.44,3.369,35.13,market
2026-06-26,C,2026-07-31,35,142.0,141.76,0.0,put,0.314,4.9,5.7,5.3,2,3,-0.4679,49.33,3.732,38.92,market
2026-06-26,C,2026-07-31,35,144.0,141.76,0.0,put,0.3107,5.85,6.75,6.3,5,60,-0.5259,43.6,4.375,45.62,market
2026-06-26,C,2026-07-31,35,145.0,141.76,0.0,put,0.308,6.5,7.3,6.9,45,66,-0.5553,40.74,4.759,49.63,market
2026-06-26,C,2026-07-31,35,146.0,141.76,0.0,put,0.3095,7.1,7.95,7.525,1,11,-0.583,38.0,5.154,53.75,market
2026-06-26,C,2026-07-31,35,147.0,141.76,0.0,put,0.3095,7.4,8.6,8.0,50,57,-0.6106,35.32,5.442,56.75,market
2026-06-26,C,2026-07-31,35,148.0,141.76,0.0,put,0.3079,8.0,9.25,8.625,10,10,-0.6383,32.66,5.828,60.77,market
2026-06-26,C,2026-07-31,35,149.0,141.76,0.0,put,0.3109,8.7,10.0,9.35,5,7,-0.6625,30.3,6.275,65.44,market
2026-06-26,C,2026-07-31,35,160.0,141.76,0.0,put,0.3328,17.6,19.2,18.4,0,0,-0.8592,11.91,11.5,119.93,market
2026-06-26,WFC,2026-07-17,21,42.5,83.86,49.32,put,1.1641,0.0,0.1,0.039,1,3,-0.0049,98.94,0.092,1.61,bs_fallback
2026-06-26,WFC,2026-07-17,21,45.0,83.86,46.34,put,0.9063,0.0,0.02,0.008,1,93,-0.0014,99.72,0.017,0.3,bs_fallback
2026-06-26,WFC,2026-07-17,21,47.5,83.86,43.36,put,1.1797,0.0,0.34,0.143,4,90,-0.0154,96.98,0.301,5.22,bs_fallback
2026-06-26,WFC,2026-07-17,21,50.0,83.86,40.38,put,0.7891,0.0,0.03,0.011,1,230,-0.0022,99.6,0.022,0.38,bs_fallback
2026-06-26,WFC,2026-07-17,21,55.0,83.86,34.41,put,0.7109,0.01,0.05,0.03,4,206,-0.005,99.19,0.055,0.95,market
2026-06-26,WFC,2026-07-17,21,60.0,83.86,28.45,put,0.6875,0.01,0.2,0.105,4,8880,-0.0166,97.53,0.175,3.04,market
2026-06-26,WFC,2026-07-17,21,65.0,83.86,22.49,put,0.5664,0.03,0.24,0.135,3,7153,-0.0247,96.63,0.208,3.61,market
2026-06-26,WFC,2026-07-17,21,67.5,83.86,19.51,put,0.4766,0.05,0.11,0.08,12,1904,-0.0238,96.9,0.119,2.06,market
2026-06-26,WFC,2026-07-17,21,70.0,83.86,16.53,put,0.4395,0.11,0.16,0.135,55,3313,-0.0364,95.43,0.193,3.35,market
2026-06-26,WFC,2026-07-17,21,72.5,83.86,13.55,put,0.4102,0.16,0.26,0.21,41,4073,-0.0596,92.78,0.29,5.03,market
2026-06-26,WFC,2026-07-17,21,75.0,83.86,10.57,put,0.3833,0.29,0.43,0.36,38,14078,-0.0982,88.49,0.48,8.34,market
2026-06-26,WFC,2026-07-17,21,77.5,83.86,7.58,put,0.3848,0.55,0.86,0.705,40,4174,-0.1757,79.94,0.91,15.81,market
2026-06-26,WFC,2026-07-17,21,80.0,83.86,4.6,put,0.3428,1.08,1.24,1.16,114,5103,-0.2581,71.46,1.45,25.2,market
2026-06-26,WFC,2026-07-17,21,82.5,83.86,1.62,put,0.3235,1.88,2.01,1.945,23,2818,-0.3872,58.28,2.358,40.98,market
2026-06-26,WFC,2026-07-17,21,85.0,83.86,0.0,put,0.3318,3.0,3.35,3.175,167,2639,-0.5373,43.12,3.735,64.92,market
2026-06-26,WFC,2026-07-17,21,87.5,83.86,0.0,put,0.3286,4.35,4.95,4.65,47,1212,-0.6784,29.39,5.314,92.37,market
2026-06-26,WFC,2026-07-17,21,90.0,83.86,0.0,put,0.3413,6.2,6.95,6.575,30,597,-0.7844,19.25,7.306,126.98,market
2026-06-26,WFC,2026-07-17,21,92.5,83.86,0.0,put,0.3569,8.35,9.15,8.75,36,99,-0.8574,12.41,9.459,164.41,market
2026-06-26,WFC,2026-07-17,21,95.0,83.86,0.0,put,0.3965,10.65,11.55,11.1,10,20,-0.8913,9.2,11.684,203.08,market
2026-06-26,WFC,2026-07-17,21,97.5,83.86,0.0,put,0.7466,11.65,15.55,13.6,1,12,-0.7691,18.01,13.949,242.44,market
2026-06-26,WFC,2026-07-17,21,100.0,83.86,0.0,put,0.4932,13.75,16.5,15.125,1,0,-0.9199,6.39,15.125,262.89,market
2026-06-26,WFC,2026-07-17,21,105.0,83.86,0.0,put,0.9441,19.15,23.05,21.1,0,0,-0.807,13.71,20.095,349.27,market
2026-06-26,WFC,2026-07-17,21,110.0,83.86,0.0,put,1.0513,24.15,28.0,26.075,0,0,-0.826,11.69,23.705,412.01,market
2026-06-26,WFC,2026-07-17,21,115.0,83.86,0.0,put,1.1577,29.15,33.0,31.075,0,0,-0.8384,10.28,27.022,469.66,market
2026-06-26,WFC,2026-07-17,21,120.0,83.86,0.0,put,1.2564,34.15,38.0,36.075,0,0,-0.8482,9.17,30.063,522.51,market
2026-06-26,WFC,2026-07-17,21,135.0,83.86,0.0,put,1.5156,49.15,53.0,51.075,0,0,-0.8686,6.9,37.833,657.58,market
2026-06-26,WFC,2026-07-17,21,140.0,83.86,0.0,put,0.7188,54.15,58.15,56.15,0,0,-0.9979,0.12,40.107,697.1,market
2026-06-26,WFC,2026-07-17,21,145.0,83.86,0.0,put,1.6655,59.15,63.0,61.075,0,0,-0.8777,5.9,42.121,732.1,market
2026-06-26,WFC,2026-07-24,28,67.0,83.86,20.1,put,0.4824,0.03,0.21,0.12,0,1,-0.0379,94.97,0.179,2.33,market
2026-06-26,WFC,2026-07-24,28,68.0,83.86,18.91,put,0.4609,0.05,0.22,0.135,2,22,-0.0413,94.61,0.199,2.59,market
2026-06-26,WFC,2026-07-24,28,70.0,83.86,16.53,put,0.4238,0.12,0.26,0.19,7,17,-0.0515,93.48,0.271,3.54,market
2026-06-26,WFC,2026-07-24,28,71.0,83.86,15.34,put,0.4102,0.15,0.3,0.225,1,156,-0.0599,92.54,0.317,4.13,market
2026-06-26,WFC,2026-07-24,28,72.0,83.86,14.14,put,0.4014,0.13,0.36,0.245,23,4,-0.0719,91.16,0.34,4.44,market
2026-06-26,WFC,2026-07-24,28,73.0,83.86,12.95,put,0.3892,0.17,0.42,0.295,1,2,-0.0844,89.77,0.404,5.27,market
2026-06-26,WFC,2026-07-24,28,74.0,83.86,11.76,put,0.3984,0.23,0.59,0.41,0,2,-0.1106,86.72,0.554,7.22,market
2026-06-26,WFC,2026-07-24,28,75.0,83.86,10.57,put,0.3718,0.31,0.61,0.46,7,10,-0.1204,85.77,0.613,8.0,market
2026-06-26,WFC,2026-07-24,28,76.0,83.86,9.37,put,0.3628,0.4,0.73,0.565,1,1,-0.1428,83.33,0.743,9.69,market
2026-06-26,WFC,2026-07-24,28,77.0,83.86,8.18,put,0.3357,0.55,0.76,0.655,4,3,-0.1573,81.93,0.851,11.09,market
2026-06-26,WFC,2026-07-24,28,78.0,83.86,6.99,put,0.3274,0.7,0.92,0.81,20,19,-0.1877,78.69,1.038,13.54,market
2026-06-26,WFC,2026-07-24,28,79.0,83.86,5.8,put,0.3418,0.87,1.28,1.075,21,38,-0.2362,73.36,1.361,17.74,market
2026-06-26,WFC,2026-07-24,28,80.0,83.86,4.6,put,0.3337,1.12,1.52,1.32,6,42,-0.2751,69.32,1.65,21.51,market
2026-06-26,WFC,2026-07-24,28,81.0,83.86,3.41,put,0.3452,1.53,1.97,1.75,1,35,-0.3261,63.88,2.16,28.16,market
2026-06-26,WFC,2026-07-24,28,82.0,83.86,2.22,put,0.3317,1.87,2.25,2.06,3,11,-0.37,59.48,2.512,32.75,market
2026-06-26,WFC,2026-07-24,28,83.0,83.86,1.03,put,0.3059,2.27,2.46,2.365,16,189,-0.4171,54.96,2.849,37.14,market
2026-06-26,WFC,2026-07-24,28,84.0,83.86,0.0,put,0.3211,2.72,3.1,2.91,4,22,-0.4726,49.2,3.464,45.16,market
2026-06-26,WFC,2026-07-24,28,85.0,83.86,0.0,put,0.3211,3.05,3.65,3.35,1,7,-0.5256,43.91,3.941,51.38,market
2026-06-26,WFC,2026-07-31,35,69.0,83.86,17.72,put,0.4238,0.07,0.32,0.195,0,1,-0.0561,92.74,0.283,2.95,market
2026-06-26,WFC,2026-07-31,35,70.0,83.86,16.53,put,0.4102,0.1,0.36,0.23,79,46,-0.0638,91.87,0.329,3.43,market
2026-06-26,WFC,2026-07-31,35,71.0,83.86,15.34,put,0.4102,0.13,0.46,0.295,2,159,-0.079,90.06,0.415,4.33,market
2026-06-26,WFC,2026-07-31,35,72.0,83.86,14.14,put,0.3887,0.18,0.48,0.33,20,403,-0.0858,89.37,0.458,4.78,market
2026-06-26,WFC,2026-07-31,35,74.0,83.86,11.76,put,0.3723,0.3,0.67,0.485,1,2,-0.1182,85.74,0.655,6.83,market
2026-06-26,WFC,2026-07-31,35,75.0,83.86,10.57,put,0.3494,0.4,0.7,0.55,5,16,-0.1291,84.67,0.733,7.65,market
2026-06-26,WFC,2026-07-31,35,77.0,83.86,8.18,put,0.3494,0.68,1.1,0.89,1,12,-0.1875,78.2,1.156,12.05,market
2026-06-26,WFC,2026-07-31,35,78.0,83.86,6.99,put,0.3428,0.82,1.3,1.06,1,91,-0.2175,75.0,1.359,14.17,market
2026-06-26,WFC,2026-07-31,35,79.0,83.86,5.8,put,0.3372,1.05,1.54,1.295,2,1,-0.2514,71.41,1.639,17.09,market
2026-06-26,WFC,2026-07-31,35,80.0,83.86,4.6,put,0.3311,1.28,1.81,1.545,5,23,-0.2885,67.55,1.931,20.14,market
2026-06-26,WFC,2026-07-31,35,81.0,83.86,3.41,put,0.3274,1.57,2.14,1.855,1,3,-0.3299,63.26,2.29,23.88,market
2026-06-26,WFC,2026-07-31,35,83.0,83.86,1.03,put,0.3218,2.32,2.95,2.635,5,32,-0.4202,54.05,3.175,33.11,market
2026-06-26,WFC,2026-07-31,35,84.0,83.86,0.0,put,0.3073,2.83,3.3,3.065,2,29,-0.4679,49.41,3.649,38.05,market
2026-06-26,WFC,2026-07-31,35,85.0,83.86,0.0,put,0.3168,3.2,3.95,3.575,72,16,-0.5158,44.52,4.206,43.86,market
2026-06-26,WFC,2026-07-31,35,86.0,83.86,0.0,put,0.3123,3.8,4.5,4.15,128,125,-0.5646,39.77,4.826,50.32,market
2026-06-26,WFC,2026-07-31,35,87.0,83.86,0.0,put,0.313,4.35,5.15,4.75,85,85,-0.6108,35.26,5.46,56.94,market
2026-06-26,SCHW,2026-07-17,21,50.0,90.67,44.85,put,1.7451,0.0,2.13,0.953,4,19,-0.0507,88.87,1.907,33.14,bs_fallback
2026-06-26,SCHW,2026-07-17,21,55.0,90.67,39.34,put,1.5132,0.0,2.14,0.958,1,5,-0.0586,88.57,1.742,30.28,bs_fallback
2026-06-26,SCHW,2026-07-17,21,60.0,90.67,33.83,put,1.1973,0.0,1.56,0.692,1,7,-0.0558,90.39,1.154,20.06,bs_fallback
2026-06-26,SCHW,2026-07-17,21,65.0,90.67,28.31,put,0.6211,0.0,0.12,0.048,1,34,-0.01,98.53,0.073,1.28,bs_fallback
2026-06-26,SCHW,2026-07-17,21,70.0,90.67,22.8,put,0.5469,0.0,0.22,0.09,2,1047,-0.0197,97.31,0.128,2.23,bs_fallback
2026-06-26,SCHW,2026-07-17,21,75.0,90.67,17.28,put,0.4707,0.05,0.2,0.125,5,989,-0.039,95.05,0.167,2.9,market
2026-06-26,SCHW,2026-07-17,21,77.5,90.67,14.53,put,0.4277,0.05,0.26,0.155,1,49,-0.0538,93.4,0.2,3.48,market
2026-06-26,SCHW,2026-07-17,21,80.0,90.67,11.77,put,0.3828,0.13,0.34,0.235,16967,1169,-0.0748,91.13,0.294,5.11,market
2026-06-26,SCHW,2026-07-17,21,82.5,90.67,9.01,put,0.3345,0.21,0.44,0.325,17,3121,-0.1051,87.95,0.394,6.85,market
2026-06-26,SCHW,2026-07-17,21,85.0,90.67,6.25,put,0.2954,0.52,0.65,0.585,17123,5574,-0.1617,82.03,0.688,11.96,market
2026-06-26,SCHW,2026-07-17,21,87.5,90.67,3.5,put,0.2791,1.07,1.17,1.12,249,1526,-0.2716,70.58,1.28,22.25,market
2026-06-26,SCHW,2026-07-17,21,90.0,90.67,0.74,put,0.2942,1.94,2.28,2.11,70,2405,-0.4281,54.4,2.344,40.75,market
2026-06-26,SCHW,2026-07-17,21,92.5,90.67,0.0,put,0.3169,3.15,3.85,3.5,3,3681,-0.5742,39.63,3.784,65.77,market
2026-06-26,SCHW,2026-07-17,21,95.0,90.67,0.0,put,0.3496,4.75,5.8,5.275,7,640,-0.6844,28.64,5.553,96.51,market
2026-06-26,SCHW,2026-07-17,21,97.5,90.67,0.0,put,0.3911,6.8,8.0,7.4,1,172,-0.757,21.47,7.59,131.92,market
2026-06-26,SCHW,2026-07-17,21,100.0,90.67,0.0,put,0.4321,9.3,10.3,9.8,25,755,-0.8066,16.63,9.8,170.33,market
2026-06-26,SCHW,2026-07-17,21,105.0,90.67,0.0,put,0.0,11.8,12.9,12.35,113,0,-1.0,0.0,11.762,204.43,market
2026-06-26,SCHW,2026-07-17,21,110.0,90.67,0.0,put,0.6602,18.7,21.8,20.25,2,0,-0.8693,10.0,18.409,319.97,market
2026-06-26,SCHW,2026-07-17,21,115.0,90.67,0.0,put,1.0415,24.85,28.75,26.8,0,0,-0.7925,14.35,23.304,405.05,market
2026-06-26,SCHW,2026-07-24,28,65.0,90.67,28.31,put,0.8848,0.0,1.61,0.725,0,1,-0.0673,89.46,1.116,14.54,bs_fallback
2026-06-26,SCHW,2026-07-24,28,70.0,90.67,22.8,put,0.5723,0.0,0.59,0.255,0,4,-0.0413,94.26,0.365,4.76,bs_fallback
2026-06-26,SCHW,2026-07-24,28,75.0,90.67,17.28,put,0.5283,0.01,0.59,0.3,112,183,-0.0814,89.43,0.4,5.21,market
2026-06-26,SCHW,2026-07-24,28,76.0,90.67,16.18,put,0.5029,0.01,0.6,0.305,0,20,-0.0863,88.97,0.401,5.23,market
2026-06-26,SCHW,2026-07-24,28,80.0,90.67,11.77,put,0.4448,0.2,0.89,0.545,1,15,-0.1337,83.79,0.681,8.88,market
2026-06-26,SCHW,2026-07-24,28,81.0,90.67,10.67,put,0.4356,0.17,1.02,0.595,3,15,-0.1522,81.76,0.735,9.58,market
2026-06-26,SCHW,2026-07-24,28,83.0,90.67,8.46,put,0.4194,0.38,1.35,0.865,2,14,-0.1971,76.91,1.042,13.59,market
2026-06-26,SCHW,2026-07-24,28,84.0,90.67,7.36,put,0.3416,0.56,1.02,0.79,10,23,-0.1852,78.84,0.94,12.26,market
2026-06-26,SCHW,2026-07-24,28,85.0,90.67,6.25,put,0.3367,1.04,1.23,1.135,7,17,-0.2176,75.4,1.335,17.41,market
2026-06-26,SCHW,2026-07-24,28,86.0,90.67,5.15,put,0.3479,1.32,1.61,1.465,21,76,-0.2621,70.55,1.703,22.21,market
2026-06-26,SCHW,2026-07-24,28,87.0,90.67,4.05,put,0.3301,1.58,1.78,1.68,8,84,-0.2947,67.3,1.931,25.17,market
2026-06-26,SCHW,2026-07-24,28,88.0,90.67,2.94,put,0.3386,1.91,2.23,2.07,10,28,-0.3422,62.27,2.352,30.66,market
2026-06-26,SCHW,2026-07-24,28,89.0,90.67,1.84,put,0.3296,2.17,2.56,2.365,3,68,-0.3854,57.93,2.657,34.64,market
2026-06-26,SCHW,2026-07-24,28,90.0,90.67,0.74,put,0.3867,2.52,3.6,3.06,4,60,-0.437,52.05,3.4,44.32,market
2026-06-26,SCHW,2026-07-24,28,91.0,90.67,0.0,put,0.3853,2.9,4.1,3.5,1,308,-0.478,47.95,3.846,50.14,market
2026-06-26,SCHW,2026-07-24,28,92.0,90.67,0.0,put,0.3848,3.05,4.65,3.85,1,104,-0.5189,43.88,4.185,54.55,market
2026-06-26,SCHW,2026-07-24,28,93.0,90.67,0.0,put,0.3904,3.6,5.3,4.45,10,12,-0.5577,40.0,4.785,62.38,market
2026-06-26,SCHW,2026-07-24,28,94.0,90.67,0.0,put,0.3923,4.2,5.95,5.075,1,11,-0.5957,36.28,5.399,70.38,market
2026-06-26,SCHW,2026-07-24,28,95.0,90.67,0.0,put,0.3958,5.1,6.65,5.875,1,3,-0.6315,32.8,6.184,80.62,market
2026-06-26,SCHW,2026-07-31,35,75.0,90.67,17.28,put,0.5034,0.02,0.73,0.375,112,183,-0.0924,87.9,0.5,5.21,market
2026-06-26,SCHW,2026-07-31,35,80.0,90.67,11.77,put,0.4021,0.26,0.91,0.585,1,43,-0.1343,83.69,0.731,7.63,market
2026-06-26,SCHW,2026-07-31,35,83.0,90.67,8.46,put,0.4111,0.38,1.64,1.01,1,2,-0.2131,74.8,1.217,12.69,market
2026-06-26,SCHW,2026-07-31,35,84.0,90.67,7.36,put,0.3729,0.86,1.58,1.22,1,5,-0.2234,74.07,1.452,15.15,market
2026-06-26,SCHW,2026-07-31,35,85.0,90.67,6.25,put,0.3821,1.14,1.96,1.55,1,26,-0.2593,70.1,1.824,19.02,market
2026-06-26,SCHW,2026-07-31,35,86.0,90.67,5.15,put,0.3757,1.42,2.23,1.825,0,30,-0.2898,66.91,2.122,22.13,market
2026-06-26,SCHW,2026-07-31,35,87.0,90.67,4.05,put,0.3845,1.71,2.69,2.2,1,33,-0.3275,62.84,2.529,26.37,market
2026-06-26,SCHW,2026-07-31,35,88.0,90.67,2.94,put,0.3801,2.06,3.05,2.555,4,76,-0.3619,59.32,2.903,30.28,market
2026-06-26,SCHW,2026-07-31,35,89.0,90.67,1.84,put,0.3294,2.42,2.93,2.675,3,7,-0.3896,57.08,3.006,31.34,market
2026-06-26,SCHW,2026-07-31,35,90.0,90.67,0.74,put,0.356,2.81,3.7,3.255,5,56,-0.4341,52.22,3.617,37.72,market
2026-06-26,SCHW,2026-07-31,35,91.0,90.67,0.0,put,0.381,3.3,4.5,3.9,1,14,-0.4726,48.04,4.286,44.69,market
2026-06-26,SCHW,2026-07-31,35,92.0,90.67,0.0,put,0.3586,3.75,4.8,4.275,2,108,-0.5129,44.3,4.647,48.46,market
2026-06-26,SCHW,2026-07-31,35,93.0,90.67,0.0,put,0.3816,4.3,5.65,4.975,2,11,-0.5458,40.78,5.349,55.79,market
2026-06-26,SCHW,2026-07-31,35,94.0,90.67,0.0,put,0.3839,4.95,6.3,5.625,1,11,-0.5807,37.35,5.984,62.41,market
2026-06-26,SCHW,2026-07-31,35,95.0,90.67,0.0,put,0.3879,5.2,7.0,6.1,1,1,-0.6135,34.15,6.421,66.96,market
2026-06-26,COF,2026-07-17,21,100.0,204.0,50.98,put,1.7075,0.0,2.15,0.935,2,5,-0.0254,93.86,0.935,16.25,bs_fallback
2026-06-26,COF,2026-07-17,21,130.0,204.0,36.27,put,1.1509,0.0,2.15,0.936,0,1,-0.0375,93.38,0.72,12.52,bs_fallback
2026-06-26,COF,2026-07-17,21,135.0,204.0,33.82,put,1.0698,0.0,2.15,0.937,2,173,-0.0402,93.21,0.694,12.06,bs_fallback
2026-06-26,COF,2026-07-17,21,140.0,204.0,31.37,put,0.6426,0.0,0.15,0.059,5,8,-0.0056,99.14,0.042,0.73,bs_fallback
2026-06-26,COF,2026-07-17,21,145.0,204.0,28.92,put,0.5879,0.0,0.15,0.058,10,15,-0.006,99.11,0.04,0.7,bs_fallback
2026-06-26,COF,2026-07-17,21,150.0,204.0,26.47,put,0.5732,0.0,0.25,0.099,1,69,-0.01,98.57,0.066,1.15,bs_fallback
2026-06-26,COF,2026-07-17,21,155.0,204.0,24.02,put,0.5332,0.0,0.3,0.121,1,33,-0.0127,98.24,0.078,1.35,bs_fallback
2026-06-26,COF,2026-07-17,21,160.0,204.0,21.57,put,0.5503,0.0,0.35,0.29,6,109,-0.0269,96.38,0.181,3.15,bs_fallback
2026-06-26,COF,2026-07-17,21,165.0,204.0,19.12,put,0.4775,0.15,0.3,0.225,2,458,-0.0265,96.56,0.136,2.37,market
2026-06-26,COF,2026-07-17,21,170.0,204.0,16.67,put,0.4556,0.1,0.45,0.275,1,474,-0.0401,94.95,0.162,2.81,market
2026-06-26,COF,2026-07-17,21,175.0,204.0,14.22,put,0.4138,0.25,0.55,0.4,2,733,-0.0523,93.63,0.229,3.97,market
2026-06-26,COF,2026-07-17,21,180.0,204.0,11.76,put,0.3743,0.35,0.7,0.525,19,1075,-0.0706,91.64,0.292,5.07,market
2026-06-26,COF,2026-07-17,21,185.0,204.0,9.31,put,0.3683,0.6,1.25,0.925,8,356,-0.1183,86.33,0.5,8.69,market
2026-06-26,COF,2026-07-17,21,190.0,204.0,6.86,put,0.3286,1.3,1.65,1.475,34,361,-0.1641,81.57,0.776,13.49,market
2026-06-26,COF,2026-07-17,21,195.0,204.0,4.41,put,0.3137,2.3,2.65,2.475,11,419,-0.2497,72.58,1.269,22.06,market
2026-06-26,COF,2026-07-17,21,200.0,204.0,1.96,put,0.3028,3.7,4.2,3.95,52,840,-0.3637,60.87,1.975,34.33,market
2026-06-26,COF,2026-07-17,21,210.0,204.0,0.0,put,0.3189,8.1,9.9,9.0,8,104,-0.6191,35.21,4.286,74.49,market
2026-06-26,COF,2026-07-17,21,220.0,204.0,0.0,put,0.343,15.9,17.8,16.85,5,5,-0.8,17.78,7.659,133.12,market
2026-06-26,COF,2026-07-17,21,230.0,204.0,0.0,put,0.396,24.7,27.1,25.9,5,10,-0.882,10.03,11.261,195.72,market
2026-06-26,COF,2026-07-17,21,250.0,204.0,0.0,put,0.6958,44.0,48.2,46.1,0,0,-0.8681,9.95,18.44,320.5,market
2026-06-26,COF,2026-07-24,28,150.0,204.0,26.47,put,0.5444,0.0,0.45,0.187,2,5,-0.0162,97.67,0.125,1.63,bs_fallback
2026-06-26,COF,2026-07-24,28,155.0,204.0,24.02,put,0.502,0.0,0.5,0.207,15,11,-0.0191,97.34,0.134,1.74,bs_fallback
2026-06-26,COF,2026-07-24,28,160.0,204.0,21.57,put,0.5322,0.05,0.6,0.325,15,66,-0.0402,94.52,0.203,2.65,market
2026-06-26,COF,2026-07-24,28,165.0,204.0,19.12,put,0.5288,0.05,0.95,0.5,1,4,-0.0608,91.95,0.303,3.95,market
2026-06-26,COF,2026-07-24,28,170.0,204.0,16.67,put,0.4934,0.25,1.15,0.7,2,123,-0.0763,90.21,0.412,5.37,market
2026-06-26,COF,2026-07-24,28,175.0,204.0,14.22,put,0.4673,0.15,1.5,0.825,22,199,-0.1004,87.49,0.471,6.15,market
2026-06-26,COF,2026-07-24,28,180.0,204.0,11.76,put,0.4443,0.45,2.0,1.225,1,7,-0.1336,83.81,0.681,8.87,market
2026-06-26,COF,2026-07-24,28,185.0,204.0,9.31,put,0.3944,0.05,2.25,1.15,3,83,-0.1624,80.93,0.622,8.1,market
2026-06-26,COF,2026-07-24,28,190.0,204.0,6.86,put,0.4133,1.0,3.8,2.4,1,4,-0.2383,72.49,1.263,16.47,market
2026-06-26,COF,2026-07-24,28,200.0,204.0,1.96,put,0.4393,4.4,8.1,6.25,3,11,-0.3993,55.31,3.125,40.74,market
2026-06-26,COF,2026-07-24,28,210.0,204.0,0.0,put,0.4262,9.7,13.2,11.45,59,60,-0.5612,39.28,5.452,71.08,market
2026-06-26,COF,2026-07-24,28,220.0,204.0,0.0,put,0.4006,16.5,19.6,18.05,0,1,-0.7225,24.15,8.205,106.95,market
2026-06-26,COF,2026-07-24,28,230.0,204.0,0.0,put,0.4282,25.0,28.2,26.6,3,51,-0.8212,14.95,11.565,150.76,market
2026-06-26,COF,2026-07-31,35,125.0,204.0,38.73,put,0.97,0.0,2.2,0.987,0,0,-0.0362,93.27,0.79,8.23,bs_fallback
2026-06-26,COF,2026-07-31,35,130.0,204.0,36.27,put,0.9041,0.0,2.2,0.985,0,1,-0.0386,93.14,0.758,7.9,bs_fallback
2026-06-26,COF,2026-07-31,35,150.0,204.0,26.47,put,0.6274,0.0,1.75,0.772,0,12,-0.0442,93.45,0.515,5.37,bs_fallback
2026-06-26,COF,2026-07-31,35,155.0,204.0,24.02,put,0.6218,0.0,2.5,1.113,1,3,-0.0608,91.23,0.718,7.49,bs_fallback
2026-06-26,COF,2026-07-31,35,160.0,204.0,21.57,put,0.573,0.0,2.65,1.179,1,1,-0.0688,90.45,0.737,7.69,bs_fallback
2026-06-26,COF,2026-07-31,35,170.0,204.0,16.67,put,0.6,0.25,3.1,1.675,1,3,-0.1357,81.97,0.985,10.28,market
2026-06-26,COF,2026-07-31,35,175.0,204.0,14.22,put,0.5409,0.15,3.2,1.675,3,12,-0.152,80.52,0.957,9.98,market
2026-06-26,COF,2026-07-31,35,180.0,204.0,11.76,put,0.5098,0.5,3.8,2.15,1,2,-0.1835,77.17,1.194,12.46,market
2026-06-26,COF,2026-07-31,35,185.0,204.0,9.31,put,0.4773,1.05,4.5,2.775,1,6,-0.2213,73.24,1.5,15.64,market
2026-06-26,COF,2026-07-31,35,190.0,204.0,6.86,put,0.456,2.8,5.6,4.2,1,6,-0.2716,67.97,2.211,23.05,market
2026-06-26,COF,2026-07-31,35,195.0,204.0,4.41,put,0.4371,3.0,7.0,5.0,1,5,-0.3313,61.83,2.564,26.74,market
2026-06-26,COF,2026-07-31,35,200.0,204.0,1.96,put,0.4264,5.2,8.9,7.05,6,13,-0.4004,54.79,3.525,36.76,market
2026-06-26,COF,2026-07-31,35,220.0,204.0,0.0,put,0.3966,16.7,20.4,18.55,2,1,-0.6965,26.2,8.432,87.93,market
2026-06-26,JNJ,2026-07-17,21,75.0,254.66,70.55,put,2.6758,0.0,2.13,0.919,2,0,-0.0129,94.39,1.225,21.29,bs_fallback
2026-06-26,JNJ,2026-07-17,21,80.0,254.66,68.59,put,1.4688,0.0,0.02,0.006,1,753,-0.0003,99.91,0.008,0.14,bs_fallback
2026-06-26,JNJ,2026-07-17,21,85.0,254.66,66.62,put,0.5,0.0,0.0,0.0,3,0,0.0,100.0,0.0,0.0,bs_fallback
2026-06-26,JNJ,2026-07-17,21,90.0,254.66,64.66,put,2.0273,0.0,0.98,0.41,5,0,-0.0085,97.14,0.456,7.92,bs_fallback
2026-06-26,JNJ,2026-07-17,21,95.0,254.66,62.7,put,1.9766,0.0,1.15,0.484,44,542,-0.0101,96.78,0.51,8.86,bs_fallback
2026-06-26,JNJ,2026-07-17,21,100.0,254.66,60.73,put,1.9321,0.0,1.36,0.577,67,651,-0.0121,96.34,0.577,10.03,bs_fallback
2026-06-26,JNJ,2026-07-17,21,105.0,254.66,58.77,put,0.5,0.0,0.0,0.0,1,0,-0.0,100.0,0.0,0.0,bs_fallback
2026-06-26,JNJ,2026-07-17,21,110.0,254.66,56.81,put,1.5449,0.0,0.59,0.242,2,0,-0.007,98.16,0.22,3.82,bs_fallback
2026-06-26,JNJ,2026-07-17,21,115.0,254.66,54.84,put,1.5264,0.0,0.77,0.32,2,0,-0.0091,97.7,0.278,4.84,bs_fallback
2026-06-26,JNJ,2026-07-17,21,120.0,254.66,52.88,put,1.7144,0.0,2.13,0.919,5,52,-0.0206,94.86,0.765,13.3,bs_fallback
2026-06-26,JNJ,2026-07-17,21,125.0,254.66,50.91,put,1.457,0.0,1.1,0.463,40,276,-0.0132,96.92,0.371,6.44,bs_fallback
2026-06-26,JNJ,2026-07-17,21,130.0,254.66,48.95,put,1.5542,0.0,2.15,0.927,3,322,-0.0229,94.79,0.713,12.4,bs_fallback
2026-06-26,JNJ,2026-07-17,21,135.0,254.66,46.99,put,1.4746,0.0,2.13,0.918,3,242,-0.0239,94.8,0.68,11.82,bs_fallback
2026-06-26,JNJ,2026-07-17,21,140.0,254.66,45.02,put,1.4009,0.0,2.13,0.92,2,220,-0.0252,94.75,0.657,11.42,bs_fallback
2026-06-26,JNJ,2026-07-17,21,145.0,254.66,43.06,put,1.168,0.0,1.02,0.429,10,170,-0.0154,97.0,0.296,5.14,bs_fallback
2026-06-26,JNJ,2026-07-17,21,150.0,254.66,41.1,put,1.2598,0.0,2.13,0.92,1,564,-0.0279,94.63,0.613,10.66,bs_fallback
2026-06-26,JNJ,2026-07-17,21,155.0,254.66,39.13,put,0.875,0.0,0.3,0.12,9,156,-0.0065,98.85,0.077,1.35,bs_fallback
2026-06-26,JNJ,2026-07-17,21,160.0,254.66,37.17,put,0.9844,0.0,1.01,0.423,2,267,-0.0179,96.87,0.265,4.6,bs_fallback
2026-06-26,JNJ,2026-07-17,21,165.0,254.66,35.21,put,1.0635,0.0,2.13,0.92,4,104,-0.0329,94.35,0.558,9.69,bs_fallback
2026-06-26,JNJ,2026-07-17,21,170.0,254.66,33.24,put,1.0015,0.0,2.13,0.92,1,623,-0.0348,94.23,0.541,9.41,bs_fallback
2026-06-26,JNJ,2026-07-17,21,175.0,254.66,31.28,put,0.582,0.01,0.07,0.04,1,1254,-0.0027,99.58,0.023,0.4,market
2026-06-26,JNJ,2026-07-17,21,180.0,254.66,29.32,put,0.6719,0.01,0.44,0.225,3,412,-0.0122,98.17,0.125,2.17,market
2026-06-26,JNJ,2026-07-17,21,185.0,254.66,27.35,put,0.6738,0.0,0.73,0.301,50,827,-0.019,97.22,0.163,2.82,bs_fallback
2026-06-26,JNJ,2026-07-17,21,190.0,254.66,25.39,put,0.5884,0.0,0.5,0.202,4,724,-0.0151,97.86,0.107,1.85,bs_fallback
2026-06-26,JNJ,2026-07-17,21,195.0,254.66,23.43,put,0.541,0.0,0.49,0.198,1,2913,-0.016,97.8,0.101,1.76,bs_fallback
2026-06-26,JNJ,2026-07-17,21,200.0,254.66,21.46,put,0.5059,0.05,0.5,0.275,11,2669,-0.019,97.47,0.138,2.39,market
2026-06-26,JNJ,2026-07-17,21,210.0,254.66,17.54,put,0.4263,0.15,0.31,0.23,60,4461,-0.0247,96.88,0.11,1.9,market
2026-06-26,JNJ,2026-07-17,21,220.0,254.66,13.61,put,0.3672,0.25,0.47,0.36,237,7506,-0.0411,95.05,0.164,2.84,market
2026-06-26,JNJ,2026-07-17,21,230.0,254.66,9.68,put,0.3665,0.8,1.4,1.1,413,13933,-0.1083,87.44,0.478,8.31,market
2026-06-26,JNJ,2026-07-17,21,240.0,254.66,5.76,put,0.3024,1.64,2.21,1.925,87,1903,-0.1858,79.41,0.802,13.94,market
2026-06-26,JNJ,2026-07-17,21,250.0,254.66,1.83,put,0.3015,4.4,5.35,4.875,448,825,-0.3702,60.22,1.95,33.89,market
2026-06-26,JNJ,2026-07-17,21,260.0,254.66,0.0,put,0.3154,9.1,10.9,10.0,105,8,-0.5786,39.2,3.846,66.85,market
2026-06-26,JNJ,2026-07-17,21,270.0,254.66,0.0,put,0.3295,15.15,18.25,16.7,24,24,-0.7467,22.87,6.185,107.5,market
2026-06-26,JNJ,2026-07-17,21,280.0,254.66,0.0,put,1.2935,46.55,49.2,47.875,1,0,-0.5562,32.58,17.098,297.18,market
2026-06-26,JNJ,2026-07-24,28,175.0,254.66,31.28,put,0.821,0.0,2.15,0.946,165,359,-0.0375,93.98,0.54,7.04,bs_fallback
2026-06-26,JNJ,2026-07-24,28,180.0,254.66,29.32,put,0.6079,0.0,0.58,0.243,60,239,-0.0151,97.72,0.135,1.76,bs_fallback
2026-06-26,JNJ,2026-07-24,28,185.0,254.66,27.35,put,0.6152,0.0,0.96,0.409,1,10,-0.0237,96.51,0.221,2.88,bs_fallback
2026-06-26,JNJ,2026-07-24,28,190.0,254.66,25.39,put,0.541,0.0,0.7,0.294,1,98,-0.0199,97.16,0.155,2.02,bs_fallback
2026-06-26,JNJ,2026-07-24,28,195.0,254.66,23.43,put,0.5449,0.0,1.14,0.485,1,24,-0.0308,95.72,0.249,3.25,bs_fallback
2026-06-26,JNJ,2026-07-24,28,200.0,254.66,21.46,put,0.5454,0.0,0.86,0.744,14,11,-0.0445,93.93,0.372,4.85,bs_fallback
2026-06-26,JNJ,2026-07-24,28,205.0,254.66,19.5,put,0.4797,0.0,0.71,0.607,1,29,-0.042,94.46,0.296,3.86,bs_fallback
2026-06-26,JNJ,2026-07-24,28,210.0,254.66,17.54,put,0.5098,0.0,1.38,1.212,4,44,-0.0717,90.7,0.577,7.52,bs_fallback
2026-06-26,JNJ,2026-07-24,28,215.0,254.66,15.57,put,0.4392,0.08,1.14,0.61,3,63,-0.0689,91.35,0.284,3.7,market
2026-06-26,JNJ,2026-07-24,28,220.0,254.66,13.61,put,0.3533,0.04,0.74,0.39,7,771,-0.0567,93.13,0.177,2.31,market
2026-06-26,JNJ,2026-07-24,28,225.0,254.66,11.65,put,0.35,0.4,1.18,0.79,18,385,-0.0861,89.77,0.351,4.58,market
2026-06-26,JNJ,2026-07-24,28,230.0,254.66,9.68,put,0.3684,0.24,2.17,1.205,71,42,-0.1386,83.76,0.524,6.83,market
2026-06-26,JNJ,2026-07-24,28,235.0,254.66,7.72,put,0.3226,0.66,2.3,1.48,25,135,-0.1619,81.53,0.63,8.21,market
2026-06-26,JNJ,2026-07-24,28,240.0,254.66,5.76,put,0.287,1.67,2.7,2.185,41,46,-0.2022,77.47,0.91,11.87,market
2026-06-26,JNJ,2026-07-24,28,245.0,254.66,3.79,put,0.3348,2.65,5.35,4.0,3,29,-0.3069,65.98,1.633,21.28,market
2026-06-26,JNJ,2026-07-24,28,250.0,254.66,1.83,put,0.2789,4.55,5.8,5.175,1,12,-0.3717,59.87,2.07,26.98,market
2026-06-26,JNJ,2026-07-24,28,255.0,254.66,0.0,put,0.3082,6.4,9.0,7.7,3,9,-0.4713,49.47,3.02,39.36,market
2026-06-26,JNJ,2026-07-31,35,175.0,254.66,31.28,put,0.7368,0.0,2.15,0.951,165,365,-0.0376,93.96,0.544,5.67,bs_fallback
2026-06-26,JNJ,2026-07-31,35,180.0,254.66,29.32,put,0.698,0.0,2.26,1.001,1,344,-0.0413,93.57,0.556,5.8,bs_fallback
2026-06-26,JNJ,2026-07-31,35,185.0,254.66,27.35,put,0.6548,0.0,2.3,1.017,3,53,-0.0445,93.3,0.55,5.73,bs_fallback
2026-06-26,JNJ,2026-07-31,35,190.0,254.66,25.39,put,0.6038,0.0,2.2,0.968,22,167,-0.0459,93.3,0.509,5.31,bs_fallback
2026-06-26,JNJ,2026-07-31,35,195.0,254.66,23.43,put,0.5701,0.0,2.38,1.048,250,42,-0.0518,92.66,0.537,5.61,bs_fallback
2026-06-26,JNJ,2026-07-31,35,200.0,254.66,21.46,put,0.5501,0.0,1.43,1.265,10,6,-0.0628,91.33,0.632,6.59,bs_fallback
2026-06-26,JNJ,2026-07-31,35,205.0,254.66,19.5,put,0.5869,0.0,2.47,2.225,36,21,-0.095,87.06,1.085,11.32,bs_fallback
2026-06-26,JNJ,2026-07-31,35,210.0,254.66,17.54,put,0.4575,0.0,1.38,1.21,4,20,-0.0714,90.72,0.576,6.01,bs_fallback
2026-06-26,JNJ,2026-07-31,35,215.0,254.66,15.57,put,0.4371,0.25,1.68,0.965,1,27,-0.0879,88.85,0.449,4.68,market
2026-06-26,JNJ,2026-07-31,35,220.0,254.66,13.61,put,0.3871,0.4,1.6,1.0,2,49,-0.0933,88.5,0.455,4.74,market
2026-06-26,JNJ,2026-07-31,35,225.0,254.66,11.65,put,0.3629,0.9,1.92,1.41,1,48,-0.1149,86.18,0.627,6.54,market
2026-06-26,JNJ,2026-07-31,35,230.0,254.66,9.68,put,0.3535,0.35,2.61,1.48,7,19,-0.1518,82.11,0.643,6.71,market
2026-06-26,JNJ,2026-07-31,35,235.0,254.66,7.72,put,0.361,0.44,3.9,2.17,9,58,-0.2068,75.98,0.923,9.63,market
2026-06-26,JNJ,2026-07-31,35,240.0,254.66,5.76,put,0.3217,2.38,4.3,3.34,11,23,-0.2441,72.36,1.392,14.51,market
2026-06-26,JNJ,2026-07-31,35,245.0,254.66,3.79,put,0.3299,2.49,6.2,4.345,3,9,-0.3168,64.59,1.773,18.49,market
2026-06-26,JNJ,2026-07-31,35,250.0,254.66,1.83,put,0.3167,4.1,7.85,5.975,5,9,-0.3874,57.46,2.39,24.92,market
2026-06-26,JNJ,2026-07-31,35,255.0,254.66,0.0,put,0.3018,6.1,9.8,7.95,5,5,-0.4666,49.61,3.118,32.51,market
2026-06-26,JNJ,2026-07-31,35,260.0,254.66,0.0,put,0.2993,9.35,12.55,10.95,1,1,-0.5501,41.35,4.212,43.92,market
2026-06-26,JNJ,2026-07-31,35,280.0,254.66,0.0,put,0.3328,24.3,28.1,26.2,0,0,-0.7946,17.74,9.357,97.58,market
2026-06-26,PFE,2026-07-17,21,14.0,24.29,42.36,put,0.9219,0.0,0.02,0.008,1,2,-0.0045,99.17,0.057,0.99,bs_fallback
2026-06-26,PFE,2026-07-17,21,15.0,24.29,38.25,put,0.8125,0.0,0.02,0.008,1,2,-0.0049,99.16,0.051,0.89,bs_fallback
2026-06-26,PFE,2026-07-17,21,17.0,24.29,30.01,put,0.5625,0.0,0.01,0.003,2,7,-0.0031,99.53,0.019,0.33,bs_fallback
2026-06-26,PFE,2026-07-17,21,20.0,24.29,17.66,put,0.4727,0.0,0.05,0.041,1,41,-0.0362,95.38,0.207,3.6,bs_fallback
2026-06-26,PFE,2026-07-17,21,21.0,24.29,13.54,put,0.3125,0.0,0.02,0.015,7,140,-0.0218,97.4,0.072,1.25,bs_fallback
2026-06-26,PFE,2026-07-17,21,22.0,24.29,9.43,put,0.2754,0.02,0.05,0.035,21,304,-0.0576,93.44,0.159,2.77,market
2026-06-26,PFE,2026-07-17,21,23.0,24.29,5.31,put,0.2246,0.09,0.11,0.1,57,13429,-0.1372,85.07,0.435,7.56,market
2026-06-26,PFE,2026-07-17,21,24.0,24.29,1.19,put,0.1992,0.3,0.34,0.32,889,7620,-0.3686,61.32,1.333,23.17,market
2026-06-26,PFE,2026-07-17,21,25.0,24.29,0.0,put,0.2295,0.82,0.98,0.9,164,22975,-0.6713,30.9,3.6,62.57,market
2026-06-26,PFE,2026-07-17,21,26.0,24.29,0.0,put,0.3486,1.66,1.97,1.815,46,9273,-0.7695,20.58,6.981,121.33,market
2026-06-26,PFE,2026-07-17,21,27.0,24.29,0.0,put,0.4658,2.56,2.99,2.775,40,48,-0.8065,16.43,10.278,178.64,market
2026-06-26,PFE,2026-07-17,21,28.0,24.29,0.0,put,0.6875,3.35,4.2,3.775,22,2,-0.777,17.7,13.482,234.33,market
2026-06-26,PFE,2026-07-17,21,29.0,24.29,0.0,put,0.7832,4.4,5.2,4.8,3,2,-0.7979,15.34,16.552,287.68,market
2026-06-26,PFE,2026-07-17,21,30.0,24.29,0.0,put,0.6309,4.65,7.1,5.875,1,13,-0.9033,7.33,19.583,340.38,market
2026-06-26,PFE,2026-07-17,21,31.0,24.29,0.0,put,0.8301,6.4,7.65,7.025,2,0,-0.8667,9.51,22.661,393.87,market
2026-06-26,PFE,2026-07-17,21,32.0,24.29,0.0,put,0.7656,6.65,9.1,7.875,1,0,-0.9183,5.74,24.609,427.73,market
2026-06-26,PFE,2026-07-17,21,34.0,24.29,0.0,put,0.8242,8.55,11.1,9.825,1,0,-0.9438,3.71,28.897,502.26,market
2026-06-26,PFE,2026-07-17,21,35.0,24.29,0.0,put,0.877,9.55,12.1,10.825,1,0,-0.9471,3.38,30.929,537.57,market
2026-06-26,PFE,2026-07-17,21,36.0,24.29,0.0,put,0.0,9.1,11.65,10.375,1,0,-1.0,0.0,28.819,500.91,market
2026-06-26,PFE,2026-07-17,21,39.0,24.29,0.0,put,1.2949,11.1,15.0,13.05,2,0,-0.9131,4.74,33.462,581.59,market
2026-06-26,PFE,2026-07-24,28,20.0,24.29,17.66,put,0.4277,0.0,0.06,0.051,1,5,-0.0416,94.67,0.254,3.31,bs_fallback
2026-06-26,PFE,2026-07-24,28,23.0,24.29,5.31,put,0.2344,0.15,0.18,0.165,234,705,-0.1756,80.71,0.717,9.35,market
2026-06-26,PFE,2026-07-24,28,24.0,24.29,1.19,put,0.2559,0.51,0.56,0.535,851,2258,-0.3978,57.46,2.229,29.06,market
2026-06-26,PFE,2026-07-24,28,25.0,24.29,0.0,put,0.3779,1.15,1.44,1.295,76,7326,-0.5739,38.56,5.18,67.53,market
2026-06-26,PFE,2026-07-24,28,26.0,24.29,0.0,put,0.4688,1.99,2.35,2.17,31,1374,-0.6662,28.8,8.346,108.8,market
2026-06-26,PFE,2026-07-24,28,27.0,24.29,0.0,put,0.5078,3.0,3.4,3.2,122,2388,-0.7436,21.33,11.852,154.5,market
2026-06-26,PFE,2026-07-24,28,28.0,24.29,0.0,put,0.8203,3.25,6.15,4.7,79,5459,-0.6897,23.5,16.786,218.81,market
2026-06-26,PFE,2026-07-24,28,29.0,24.29,0.0,put,0.9658,4.5,7.15,5.825,16,379,-0.6965,21.71,20.086,261.84,market
2026-06-26,PFE,2026-07-24,28,30.0,24.29,0.0,put,0.9307,4.95,8.15,6.55,16,21,-0.7503,17.54,21.833,284.61,market
2026-06-26,PFE,2026-07-24,28,31.0,24.29,0.0,put,1.0889,6.3,9.15,7.725,26,25,-0.7406,17.19,24.919,324.84,market
2026-06-26,PFE,2026-07-24,28,32.0,24.29,0.0,put,1.0693,6.9,10.15,8.525,0,13,-0.7793,14.32,26.641,347.28,market
2026-06-26,PFE,2026-07-31,35,21.0,24.29,13.54,put,0.334,0.01,0.09,0.05,5,44,-0.0661,91.95,0.238,2.48,market
2026-06-26,PFE,2026-07-31,35,22.0,24.29,9.43,put,0.3145,0.04,0.19,0.115,1,1486,-0.1325,84.55,0.523,5.45,market
2026-06-26,PFE,2026-07-31,35,23.0,24.29,5.31,put,0.251,0.19,0.27,0.23,83,1939,-0.2111,76.58,1.0,10.43,market
2026-06-26,PFE,2026-07-31,35,24.0,24.29,1.19,put,0.2769,0.52,0.7,0.61,297,30707,-0.4056,56.09,2.542,26.51,market
2026-06-26,PFE,2026-07-31,35,25.0,24.29,0.0,put,0.356,1.18,1.49,1.335,19,1689,-0.5646,39.24,5.34,55.69,market
2026-06-26,PFE,2026-07-31,35,26.0,24.29,0.0,put,0.4707,2.06,2.49,2.275,7,427,-0.6409,30.62,8.75,91.25,market
2026-06-26,PFE,2026-07-31,35,27.0,24.29,0.0,put,0.5352,3.0,3.4,3.2,4,377,-0.7007,24.44,11.852,123.6,market
2026-06-26,PFE,2026-07-31,35,28.0,24.29,0.0,put,0.6113,3.95,4.8,4.375,11,25,-0.7359,20.61,15.625,162.95,market
2026-06-26,PFE,2026-07-31,35,29.0,24.29,0.0,put,0.8857,4.6,7.15,5.875,0,2,-0.6885,22.19,20.259,211.27,market
2026-06-26,PFE,2026-07-31,35,30.0,24.29,0.0,put,0.9829,5.7,8.15,6.925,4,2,-0.7005,20.32,23.083,240.73,market
2026-06-26,PFE,2026-07-31,35,31.0,24.29,0.0,put,1.0273,6.55,9.15,7.85,0,478,-0.7233,18.12,25.323,264.08,market
2026-06-26,PFE,2026-07-31,35,34.0,24.29,0.0,put,1.1572,9.25,12.15,10.7,19,18,-0.7721,13.47,31.471,328.19,market
2026-06-26,ABBV,2026-07-17,21,105.0,253.35,58.56,put,1.5117,0.0,0.35,0.142,1,11,-0.0044,98.8,0.135,2.35,bs_fallback
2026-06-26,ABBV,2026-07-17,21,110.0,253.35,56.58,put,1.3008,0.0,0.15,0.058,2,1,-0.0023,99.43,0.052,0.91,bs_fallback
2026-06-26,ABBV,2026-07-17,21,125.0,253.35,50.66,put,1.2647,0.0,0.43,0.175,0,3,-0.0064,98.56,0.14,2.43,bs_fallback
2026-06-26,ABBV,2026-07-17,21,130.0,253.35,48.69,put,1.0566,0.0,0.15,0.058,0,1,-0.0028,99.41,0.045,0.78,bs_fallback
2026-06-26,ABBV,2026-07-17,21,135.0,253.35,46.71,put,1.002,0.0,0.15,0.058,3,4,-0.003,99.4,0.043,0.75,bs_fallback
2026-06-26,ABBV,2026-07-17,21,145.0,253.35,42.77,put,0.9473,0.0,0.24,0.095,1,39,-0.0049,99.07,0.066,1.14,bs_fallback
2026-06-26,ABBV,2026-07-17,21,150.0,253.35,40.79,put,1.2505,0.0,2.13,0.92,6,57,-0.0283,94.6,0.613,10.66,bs_fallback
2026-06-26,ABBV,2026-07-17,21,155.0,253.35,38.82,put,0.9863,0.0,0.75,0.31,1,60,-0.0136,97.56,0.2,3.48,bs_fallback
2026-06-26,ABBV,2026-07-17,21,160.0,253.35,36.85,put,1.1174,0.0,2.13,0.92,6,119,-0.0315,94.42,0.575,9.99,bs_fallback
2026-06-26,ABBV,2026-07-17,21,165.0,253.35,34.87,put,0.9463,0.0,1.2,0.507,125,309,-0.0219,96.31,0.307,5.34,bs_fallback
2026-06-26,ABBV,2026-07-17,21,170.0,253.35,32.9,put,0.9258,0.0,1.5,0.638,4,147,-0.0274,95.53,0.375,6.52,bs_fallback
2026-06-26,ABBV,2026-07-17,21,175.0,253.35,30.93,put,0.7642,0.0,0.72,0.297,22,499,-0.0168,97.4,0.17,2.95,bs_fallback
2026-06-26,ABBV,2026-07-17,21,180.0,253.35,28.95,put,0.5527,0.03,0.08,0.055,7,298,-0.0038,99.44,0.031,0.53,market
2026-06-26,ABBV,2026-07-17,21,185.0,253.35,26.98,put,0.5986,0.02,0.35,0.185,11,495,-0.0113,98.37,0.1,1.74,market
2026-06-26,ABBV,2026-07-17,21,190.0,253.35,25.0,put,0.5381,0.05,0.25,0.15,9,977,-0.0103,98.56,0.079,1.37,market
2026-06-26,ABBV,2026-07-17,21,195.0,253.35,23.03,put,0.5815,0.08,0.75,0.415,4,1025,-0.0246,96.62,0.213,3.7,market
2026-06-26,ABBV,2026-07-17,21,200.0,253.35,21.06,put,0.5371,0.05,0.81,0.43,5,1589,-0.0273,96.35,0.215,3.74,market
2026-06-26,ABBV,2026-07-17,21,210.0,253.35,17.11,put,0.4595,0.1,0.52,0.31,67,1578,-0.0372,95.29,0.148,2.57,market
2026-06-26,ABBV,2026-07-17,21,220.0,253.35,13.16,put,0.4426,0.14,1.17,0.655,53,561,-0.0793,90.38,0.298,5.17,market
2026-06-26,ABBV,2026-07-17,21,230.0,253.35,9.22,put,0.3623,0.6,1.51,1.055,36,92,-0.1172,86.48,0.459,7.97,market
2026-06-26,ABBV,2026-07-17,21,240.0,253.35,5.27,put,0.3191,2.24,2.8,2.52,154,35,-0.2168,76.01,1.05,18.25,market
2026-06-26,ABBV,2026-07-17,21,250.0,253.35,1.32,put,0.3314,5.15,6.6,5.875,23,7,-0.4039,56.51,2.35,40.85,market
2026-06-26,ABBV,2026-07-17,21,260.0,253.35,0.0,put,0.4093,11.15,13.95,12.55,1,11,-0.5736,38.83,4.827,83.9,market
2026-06-26,ABBV,2026-07-17,21,270.0,253.35,0.0,put,0.4747,19.15,22.25,20.7,1,12,-0.6832,27.74,7.667,133.25,market
2026-06-26,ABBV,2026-07-17,21,280.0,253.35,0.0,put,1.6588,56.1,59.15,57.625,0,0,-0.518,32.89,20.58,357.71,market
2026-06-26,ABBV,2026-07-17,21,290.0,253.35,0.0,put,1.7891,65.8,69.65,67.725,0,0,-0.5373,30.06,23.353,405.91,market
2026-06-26,ABBV,2026-07-17,21,300.0,253.35,0.0,put,0.6241,47.55,51.5,49.525,0,30,-0.8496,11.81,16.508,286.93,market
2026-06-26,ABBV,2026-07-24,28,125.0,253.35,50.66,put,1.4146,0.0,2.14,0.947,0,1,-0.0223,94.71,0.758,9.88,bs_fallback
2026-06-26,ABBV,2026-07-24,28,165.0,253.35,34.87,put,0.8301,0.0,1.25,0.541,10,279,-0.0229,96.14,0.328,4.27,bs_fallback
2026-06-26,ABBV,2026-07-24,28,170.0,253.35,32.9,put,0.8694,0.0,2.2,0.969,10,60,-0.0365,93.97,0.57,7.43,bs_fallback
2026-06-26,ABBV,2026-07-24,28,175.0,253.35,30.93,put,0.8171,0.0,2.21,0.973,20,127,-0.0388,93.8,0.556,7.25,bs_fallback
2026-06-26,ABBV,2026-07-24,28,180.0,253.35,28.95,put,0.6982,0.0,1.4,0.605,40,62,-0.0298,95.45,0.336,4.38,bs_fallback
2026-06-26,ABBV,2026-07-24,28,185.0,253.35,26.98,put,0.6128,0.0,1.01,0.431,0,2,-0.025,96.33,0.233,3.04,bs_fallback
2026-06-26,ABBV,2026-07-24,28,190.0,253.35,25.0,put,0.582,0.0,1.15,0.492,2,12,-0.0294,95.8,0.259,3.37,bs_fallback
2026-06-26,ABBV,2026-07-24,28,195.0,253.35,23.03,put,0.6199,0.0,2.28,0.999,1,100,-0.0512,92.8,0.512,6.68,bs_fallback
2026-06-26,ABBV,2026-07-24,28,200.0,253.35,21.06,put,0.5535,0.06,1.92,0.99,1,36,-0.0501,93.2,0.495,6.45,market
2026-06-26,ABBV,2026-07-24,28,205.0,253.35,19.08,put,0.5359,0.15,2.36,1.255,2,69,-0.0634,91.6,0.612,7.98,market
2026-06-26,ABBV,2026-07-24,28,210.0,253.35,17.11,put,0.467,0.15,1.05,0.6,17,41,-0.0612,92.16,0.286,3.72,market
2026-06-26,ABBV,2026-07-24,28,215.0,253.35,15.14,put,0.4592,0.1,1.47,0.785,9,31,-0.0832,89.56,0.365,4.76,market
2026-06-26,ABBV,2026-07-24,28,220.0,253.35,13.16,put,0.4534,0.0,2.05,1.818,4,58,-0.1117,86.25,0.827,10.77,bs_fallback
2026-06-26,ABBV,2026-07-24,28,225.0,253.35,11.19,put,0.3884,0.04,1.85,0.945,16,17,-0.1165,86.1,0.42,5.47,market
2026-06-26,ABBV,2026-07-24,28,230.0,253.35,9.22,put,0.4236,0.0,3.4,3.067,4,61,-0.18,78.76,1.334,17.38,bs_fallback
2026-06-26,ABBV,2026-07-24,28,235.0,253.35,7.24,put,0.3999,1.06,4.15,2.605,114,70,-0.221,74.47,1.109,14.45,market
2026-06-26,ABBV,2026-07-24,28,240.0,253.35,5.27,put,0.381,2.62,5.2,3.91,5,7,-0.2735,69.03,1.629,21.24,market
2026-06-26,ABBV,2026-07-24,28,280.0,253.35,0.0,put,0.5035,27.7,32.0,29.85,0,30,-0.7323,22.38,10.661,138.97,market
2026-06-26,ABBV,2026-07-31,35,150.0,253.35,40.79,put,0.98,0.0,2.16,0.963,0,1,-0.0291,94.42,0.642,6.69,bs_fallback
2026-06-26,ABBV,2026-07-31,35,175.0,253.35,30.93,put,0.7354,0.0,2.24,0.992,1,1,-0.0392,93.72,0.567,5.91,bs_fallback
2026-06-26,ABBV,2026-07-31,35,185.0,253.35,26.98,put,0.5498,0.0,1.01,0.433,1,5,-0.025,96.33,0.234,2.44,bs_fallback
2026-06-26,ABBV,2026-07-31,35,190.0,253.35,25.0,put,0.5156,0.03,1.04,0.535,207,213,-0.0279,96.01,0.282,2.94,market
2026-06-26,ABBV,2026-07-31,35,195.0,253.35,23.03,put,0.5657,0.0,2.45,1.08,2,11,-0.0538,92.42,0.554,5.78,bs_fallback
2026-06-26,ABBV,2026-07-31,35,200.0,253.35,21.06,put,0.5286,0.05,2.54,1.295,45,19,-0.0599,91.81,0.647,6.75,market
2026-06-26,ABBV,2026-07-31,35,205.0,253.35,19.08,put,0.5898,0.0,2.65,2.393,4,13,-0.1008,86.31,1.167,12.17,bs_fallback
2026-06-26,ABBV,2026-07-31,35,210.0,253.35,17.11,put,0.5493,0.0,2.79,2.517,58,41,-0.1119,85.23,1.199,12.5,bs_fallback
2026-06-26,ABBV,2026-07-31,35,215.0,253.35,15.14,put,0.515,0.0,3.05,2.755,3,22,-0.1274,83.63,1.281,13.36,bs_fallback
2026-06-26,ABBV,2026-07-31,35,220.0,253.35,13.16,put,0.4807,0.0,3.35,3.027,26,322,-0.1458,81.75,1.376,14.35,bs_fallback
2026-06-26,ABBV,2026-07-31,35,225.0,253.35,11.19,put,0.3774,0.76,2.35,1.555,30,11,-0.1325,84.08,0.691,7.21,market
2026-06-26,ABBV,2026-07-31,35,240.0,253.35,5.27,put,0.3998,2.89,6.8,4.845,1,20,-0.2953,66.06,2.019,21.05,market
2026-06-26,ABBV,2026-07-31,35,250.0,253.35,1.32,put,0.392,7.35,10.75,9.05,54,4,-0.4169,53.52,3.62,37.75,market
2026-06-26,MRK,2026-07-17,21,50.0,128.66,61.14,put,1.6367,0.0,0.2,0.081,2,4,-0.0045,98.67,0.161,2.8,bs_fallback
2026-06-26,MRK,2026-07-17,21,55.0,128.66,57.25,put,0.5,0.0,0.0,0.0,0,0,-0.0,100.0,0.0,0.0,bs_fallback
2026-06-26,MRK,2026-07-17,21,60.0,128.66,53.37,put,1.4414,0.0,0.34,0.14,5,205,-0.0085,97.94,0.234,4.07,bs_fallback
2026-06-26,MRK,2026-07-17,21,65.0,128.66,49.48,put,1.168,0.0,0.15,0.06,2,5,-0.0048,98.95,0.092,1.6,bs_fallback
2026-06-26,MRK,2026-07-17,21,70.0,128.66,45.59,put,1.2969,0.0,0.64,0.271,1,471,-0.0169,96.49,0.388,6.74,bs_fallback
2026-06-26,MRK,2026-07-17,21,75.0,128.66,41.71,put,1.1397,0.0,0.56,0.235,6,81,-0.0169,96.77,0.314,5.46,bs_fallback
2026-06-26,MRK,2026-07-17,21,80.0,128.66,37.82,put,1.1367,0.0,1.02,0.44,2,412,-0.0294,94.7,0.55,9.56,bs_fallback
2026-06-26,MRK,2026-07-17,21,85.0,128.66,33.93,put,0.9189,0.0,0.61,0.257,1,466,-0.0225,96.27,0.303,5.26,bs_fallback
2026-06-26,MRK,2026-07-17,21,90.0,128.66,30.05,put,0.7295,0.0,0.33,0.136,5,2030,-0.0159,97.57,0.151,2.62,bs_fallback
2026-06-26,MRK,2026-07-17,21,95.0,128.66,26.16,put,0.5566,0.0,0.14,0.055,2,2507,-0.0091,98.7,0.058,1.01,bs_fallback
2026-06-26,MRK,2026-07-17,21,100.0,128.66,22.28,put,0.5156,0.0,0.25,0.101,1,5926,-0.0169,97.72,0.101,1.75,bs_fallback
2026-06-26,MRK,2026-07-17,21,105.0,128.66,18.39,put,0.4258,0.01,0.12,0.065,49,3783,-0.0193,97.54,0.062,1.08,market
2026-06-26,MRK,2026-07-17,21,110.0,128.66,14.5,put,0.3467,0.08,0.13,0.105,216,2646,-0.025,96.98,0.095,1.66,market
2026-06-26,MRK,2026-07-17,21,115.0,128.66,10.62,put,0.3057,0.22,0.27,0.245,42,2457,-0.0541,93.74,0.213,3.7,market
2026-06-26,MRK,2026-07-17,21,120.0,128.66,6.73,put,0.2918,0.53,0.78,0.655,86,1894,-0.1419,84.18,0.546,9.49,market
2026-06-26,MRK,2026-07-17,21,125.0,128.66,2.84,put,0.2632,1.6,1.76,1.68,70,277,-0.2966,68.12,1.344,23.36,market
2026-06-26,MRK,2026-07-17,21,130.0,128.66,0.0,put,0.2636,3.75,4.05,3.9,18,54,-0.5346,44.04,3.0,52.14,market
2026-06-26,MRK,2026-07-17,21,135.0,128.66,0.0,put,0.3521,6.9,8.4,7.65,1,1,-0.6891,28.17,5.667,98.49,market
2026-06-26,MRK,2026-07-17,21,140.0,128.66,0.0,put,0.4517,11.1,13.25,12.175,9,0,-0.7577,20.97,8.696,151.15,market
2026-06-26,MRK,2026-07-17,21,145.0,128.66,0.0,put,0.5995,14.75,18.7,16.725,1,0,-0.7702,18.85,11.534,200.48,market
2026-06-26,MRK,2026-07-17,21,150.0,128.66,0.0,put,0.6174,20.65,23.05,21.85,6,0,-0.8271,13.77,14.567,253.18,market
2026-06-26,MRK,2026-07-24,28,80.0,128.66,37.82,put,1.1587,0.0,2.13,0.96,0,1,-0.0492,90.86,1.2,15.64,bs_fallback
2026-06-26,MRK,2026-07-24,28,85.0,128.66,33.93,put,1.0352,0.0,2.12,0.955,2,1,-0.0545,90.59,1.123,14.64,bs_fallback
2026-06-26,MRK,2026-07-24,28,95.0,128.66,26.16,put,0.8076,0.0,2.13,0.956,2,1,-0.0688,89.64,1.006,13.12,bs_fallback
2026-06-26,MRK,2026-07-24,28,100.0,128.66,22.28,put,0.7017,0.0,2.15,0.964,15,36,-0.0787,88.86,0.964,12.57,bs_fallback
2026-06-26,MRK,2026-07-24,28,103.0,128.66,19.94,put,0.6392,0.0,2.16,0.967,1,2,-0.0859,88.29,0.939,12.24,bs_fallback
2026-06-26,MRK,2026-07-24,28,105.0,128.66,18.39,put,0.478,0.0,0.45,0.388,4,15,-0.0516,93.29,0.369,4.82,bs_fallback
2026-06-26,MRK,2026-07-24,28,106.0,128.66,17.61,put,0.5654,0.0,1.01,0.899,50,72,-0.0901,88.16,0.849,11.06,bs_fallback
2026-06-26,MRK,2026-07-24,28,107.0,128.66,16.84,put,0.542,0.0,1.98,0.881,2,9,-0.092,88.07,0.823,10.73,bs_fallback
2026-06-26,MRK,2026-07-24,28,108.0,128.66,16.06,put,0.5398,0.0,2.22,0.992,2,53,-0.1018,86.9,0.919,11.98,bs_fallback
2026-06-26,MRK,2026-07-24,28,109.0,128.66,15.28,put,0.5205,0.0,2.24,1.001,1,3,-0.1058,86.54,0.918,11.97,bs_fallback
2026-06-26,MRK,2026-07-24,28,110.0,128.66,14.5,put,0.501,0.0,2.26,1.007,4,25,-0.11,86.16,0.916,11.94,bs_fallback
2026-06-26,MRK,2026-07-24,28,111.0,128.66,13.73,put,0.3696,0.0,0.44,0.374,51,2,-0.0629,92.34,0.337,4.4,bs_fallback
2026-06-26,MRK,2026-07-24,28,112.0,128.66,12.95,put,0.4324,0.0,0.93,0.821,15,28,-0.1057,87.08,0.733,9.55,bs_fallback
2026-06-26,MRK,2026-07-24,28,114.0,128.66,11.39,put,0.4146,0.0,1.1,0.976,3,3,-0.1262,84.84,0.856,11.16,bs_fallback
2026-06-26,MRK,2026-07-24,28,115.0,128.66,10.62,put,0.323,0.09,0.58,0.335,6,6,-0.0898,89.49,0.291,3.8,market
2026-06-26,MRK,2026-07-24,28,117.0,128.66,9.06,put,0.3533,0.18,1.11,0.645,1,11,-0.1448,83.18,0.551,7.19,market
2026-06-26,MRK,2026-07-24,28,118.0,128.66,8.29,put,0.3486,0.33,1.26,0.795,10,13,-0.1626,81.25,0.674,8.78,market
2026-06-26,MRK,2026-07-24,28,120.0,128.66,6.73,put,0.3101,0.5,1.31,0.905,6,9,-0.1843,79.19,0.754,9.83,market
2026-06-26,MRK,2026-07-24,28,131.0,128.66,0.0,put,0.3142,4.5,5.85,5.175,54,54,-0.5476,41.82,3.95,51.5,market
2026-06-26,MRK,2026-07-31,35,85.0,128.66,33.93,put,0.9302,0.0,2.13,0.966,2,1,-0.0548,90.52,1.137,11.85,bs_fallback
2026-06-26,MRK,2026-07-31,35,90.0,128.66,30.05,put,0.8262,0.0,2.14,0.967,2,1,-0.0614,90.11,1.075,11.21,bs_fallback
2026-06-26,MRK,2026-07-31,35,95.0,128.66,26.16,put,0.7275,0.0,2.16,0.974,3,25,-0.0694,89.52,1.025,10.69,bs_fallback
2026-06-26,MRK,2026-07-31,35,100.0,128.66,22.28,put,0.6314,0.0,2.17,0.975,1,21,-0.0791,88.8,0.975,10.17,bs_fallback
2026-06-26,MRK,2026-07-31,35,105.0,128.66,18.39,put,0.4734,0.02,0.68,0.35,2,13,-0.0678,91.08,0.333,3.48,market
2026-06-26,MRK,2026-07-31,35,106.0,128.66,17.61,put,0.458,0.09,0.69,0.39,3,41,-0.0707,90.81,0.368,3.84,market
2026-06-26,MRK,2026-07-31,35,107.0,128.66,16.84,put,0.4878,0.0,1.0,0.889,5,17,-0.0921,88.03,0.831,8.66,bs_fallback
2026-06-26,MRK,2026-07-31,35,108.0,128.66,16.06,put,0.4898,0.0,1.15,1.028,1,11,-0.1035,86.65,0.952,9.93,bs_fallback
2026-06-26,MRK,2026-07-31,35,109.0,128.66,15.28,put,0.6062,0.0,2.38,2.185,1,1,-0.158,79.25,2.005,20.91,bs_fallback
2026-06-26,MRK,2026-07-31,35,110.0,128.66,14.5,put,0.4172,0.0,0.88,0.775,3,39,-0.0943,88.2,0.704,7.35,bs_fallback
2026-06-26,MRK,2026-07-31,35,111.0,128.66,13.73,put,0.4348,0.0,1.16,1.032,2,11,-0.1152,85.65,0.93,9.69,bs_fallback
2026-06-26,MRK,2026-07-31,35,112.0,128.66,12.95,put,0.4138,0.01,1.14,0.575,1,25,-0.1183,85.44,0.513,5.35,market
2026-06-26,MRK,2026-07-31,35,113.0,128.66,12.17,put,0.3962,0.12,1.15,0.635,1,74,-0.1234,84.98,0.562,5.86,market
2026-06-26,MRK,2026-07-31,35,114.0,128.66,11.39,put,0.4404,0.0,1.76,1.586,1,22,-0.161,80.34,1.392,14.51,bs_fallback
2026-06-26,MRK,2026-07-31,35,115.0,128.66,10.62,put,0.3652,0.21,1.21,0.71,5,17,-0.1376,83.6,0.617,6.44,market
2026-06-26,MRK,2026-07-31,35,117.0,128.66,9.06,put,0.3342,0.47,1.28,0.875,4,10,-0.1548,81.92,0.748,7.8,market
2026-06-26,MRK,2026-07-31,35,120.0,128.66,6.73,put,0.2817,0.67,1.35,1.01,10,10,-0.1848,79.1,0.842,8.78,market
2026-06-26,UNH,2026-07-17,21,125.0,427.89,70.79,put,1.5,0.0,0.02,0.006,1,307,-0.0002,99.94,0.005,0.09,bs_fallback
2026-06-26,UNH,2026-07-17,21,130.0,427.89,69.62,put,1.4688,0.0,0.02,0.007,2,128,-0.0002,99.93,0.006,0.1,bs_fallback
2026-06-26,UNH,2026-07-17,21,135.0,427.89,68.45,put,1.4219,0.0,0.02,0.007,1,457,-0.0002,99.94,0.005,0.09,bs_fallback
2026-06-26,UNH,2026-07-17,21,140.0,427.89,67.28,put,1.375,0.0,0.02,0.007,15,281,-0.0002,99.94,0.005,0.09,bs_fallback
2026-06-26,UNH,2026-07-17,21,145.0,427.89,66.11,put,1.3281,0.0,0.02,0.007,1,290,-0.0002,99.94,0.005,0.08,bs_fallback
2026-06-26,UNH,2026-07-17,21,150.0,427.89,64.94,put,1.3906,0.0,0.05,0.018,2,623,-0.0005,99.86,0.012,0.21,bs_fallback
2026-06-26,UNH,2026-07-17,21,155.0,427.89,63.78,put,1.25,0.0,0.02,0.007,30,268,-0.0002,99.94,0.004,0.08,bs_fallback
2026-06-26,UNH,2026-07-17,21,160.0,427.89,62.61,put,1.2188,0.0,0.02,0.007,1,645,-0.0002,99.94,0.005,0.08,bs_fallback
2026-06-26,UNH,2026-07-17,21,165.0,427.89,61.44,put,2.1943,0.0,4.3,1.865,1,111,-0.0188,93.98,1.13,19.65,bs_fallback
2026-06-26,UNH,2026-07-17,21,170.0,427.89,60.27,put,1.25,0.0,0.06,0.022,1,268,-0.0006,99.84,0.013,0.23,bs_fallback
2026-06-26,UNH,2026-07-17,21,175.0,427.89,59.1,put,1.2422,0.0,0.08,0.03,8,459,-0.0008,99.79,0.017,0.3,bs_fallback
2026-06-26,UNH,2026-07-17,21,180.0,427.89,57.93,put,1.2422,0.0,0.11,0.042,1,419,-0.0011,99.72,0.023,0.41,bs_fallback
2026-06-26,UNH,2026-07-17,21,185.0,427.89,56.76,put,1.2617,0.01,0.17,0.09,101,218,-0.0017,99.57,0.049,0.85,market
2026-06-26,UNH,2026-07-17,21,190.0,427.89,55.6,put,1.8325,0.0,3.55,1.531,40,382,-0.0191,94.88,0.806,14.0,bs_fallback
2026-06-26,UNH,2026-07-17,21,195.0,427.89,54.43,put,1.8442,0.0,4.3,1.866,61,255,-0.0225,94.08,0.957,16.63,bs_fallback
2026-06-26,UNH,2026-07-17,21,200.0,427.89,53.26,put,1.0234,0.0,0.05,0.018,8,964,-0.0006,99.86,0.009,0.16,bs_fallback
2026-06-26,UNH,2026-07-17,21,210.0,427.89,50.92,put,1.3897,0.0,1.36,0.565,3,464,-0.0104,97.6,0.269,4.67,bs_fallback
2026-06-26,UNH,2026-07-17,21,220.0,427.89,48.58,put,1.5059,0.0,3.2,1.375,3,1558,-0.0212,95.25,0.625,10.87,bs_fallback
2026-06-26,UNH,2026-07-17,21,230.0,427.89,46.25,put,1.4443,0.0,3.55,1.531,48,526,-0.0242,94.81,0.666,11.57,bs_fallback
2026-06-26,UNH,2026-07-17,21,240.0,427.89,43.91,put,1.1074,0.04,1.0,0.52,21,2076,-0.0102,98.01,0.217,3.77,market
2026-06-26,UNH,2026-07-17,21,250.0,427.89,41.57,put,0.793,0.03,0.08,0.055,29,2653,-0.0017,99.7,0.022,0.38,market
2026-06-26,UNH,2026-07-17,21,260.0,427.89,39.24,put,0.9507,0.0,0.91,0.372,2,2141,-0.0104,98.14,0.143,2.49,bs_fallback
2026-06-26,UNH,2026-07-17,21,270.0,427.89,36.9,put,0.8076,0.0,0.46,0.183,3,2530,-0.0064,98.91,0.068,1.18,bs_fallback
2026-06-26,UNH,2026-07-17,21,280.0,427.89,34.56,put,0.7578,0.0,0.5,0.199,1,2592,-0.0073,98.8,0.071,1.23,bs_fallback
2026-06-26,UNH,2026-07-17,21,290.0,427.89,32.23,put,0.7671,0.05,0.89,0.47,3,2202,-0.0132,97.92,0.162,2.82,market
2026-06-26,UNH,2026-07-17,21,300.0,427.89,29.89,put,0.7583,0.29,1.15,0.72,19,2394,-0.0197,96.97,0.24,4.17,market
2026-06-26,UNH,2026-07-17,21,310.0,427.89,27.55,put,0.6782,0.38,0.84,0.61,15,1783,-0.0188,97.24,0.197,3.42,market
2026-06-26,UNH,2026-07-17,21,320.0,427.89,25.21,put,0.6248,0.4,0.87,0.635,34,2474,-0.021,97.02,0.198,3.45,market
2026-06-26,UNH,2026-07-17,21,330.0,427.89,22.88,put,0.5574,0.5,0.64,0.57,80,982,-0.0211,97.11,0.173,3.0,market
2026-06-26,UNH,2026-07-17,21,340.0,427.89,20.54,put,0.5149,0.51,0.8,0.655,79,2349,-0.0258,96.59,0.193,3.35,market
2026-06-26,UNH,2026-07-17,21,350.0,427.89,18.2,put,0.5088,0.9,1.1,1.0,180,2616,-0.0417,94.62,0.286,4.97,market
2026-06-26,UNH,2026-07-17,21,360.0,427.89,15.87,put,0.4736,0.96,1.38,1.17,115,1456,-0.0545,93.18,0.325,5.65,market
2026-06-26,UNH,2026-07-17,21,370.0,427.89,13.53,put,0.4744,1.49,2.35,1.92,104,1626,-0.087,89.36,0.519,9.02,market
2026-06-26,UNH,2026-07-17,21,380.0,427.89,11.19,put,0.4426,2.33,3.05,2.69,179,3089,-0.1154,86.26,0.708,12.3,market
2026-06-26,UNH,2026-07-17,21,390.0,427.89,8.86,put,0.4055,3.15,3.85,3.5,167,1480,-0.1511,82.49,0.897,15.6,market
2026-06-26,UNH,2026-07-17,21,400.0,427.89,6.52,put,0.3894,5.2,5.6,5.4,166,839,-0.2121,75.98,1.35,23.46,market
2026-06-26,UNH,2026-07-17,21,410.0,427.89,4.18,put,0.3842,7.5,8.4,7.95,112,1081,-0.2944,67.31,1.939,33.7,market
2026-06-26,UNH,2026-07-17,21,420.0,427.89,1.84,put,0.3704,11.1,11.75,11.425,68,539,-0.3873,57.82,2.72,47.28,market
2026-06-26,UNH,2026-07-17,21,430.0,427.89,0.0,put,0.3911,15.4,17.5,16.45,63,83,-0.49,47.26,3.826,66.49,market
2026-06-26,UNH,2026-07-17,21,440.0,427.89,0.0,put,0.3698,21.15,22.5,21.825,21,61,-0.594,37.2,4.96,86.21,market
2026-06-26,UNH,2026-07-17,21,450.0,427.89,0.0,put,0.3879,27.7,30.0,28.85,2,25,-0.6787,28.87,6.411,111.43,market
2026-06-26,UNH,2026-07-17,21,460.0,427.89,0.0,put,0.4179,34.95,38.55,36.75,15,4,-0.7399,22.87,7.989,138.86,market
2026-06-26,UNH,2026-07-17,21,470.0,427.89,0.0,put,0.4349,43.4,47.1,45.25,2,7,-0.7939,17.77,9.628,167.34,market
2026-06-26,UNH,2026-07-17,21,480.0,427.89,0.0,put,0.506,52.75,57.5,55.125,1,1,-0.8058,16.26,11.484,199.61,market
2026-06-26,UNH,2026-07-17,21,490.0,427.89,0.0,put,0.9503,77.95,83.3,80.625,2,1,-0.6801,24.32,16.454,285.99,market
2026-06-26,UNH,2026-07-17,21,500.0,427.89,0.0,put,0.577,71.5,76.6,74.05,1,0,-0.8498,12.02,14.81,257.41,market
2026-06-26,UNH,2026-07-17,21,510.0,427.89,0.0,put,2.7458,166.0,171.65,168.825,1,0,-0.4732,27.71,33.103,575.36,market
2026-06-26,UNH,2026-07-17,21,520.0,427.89,0.0,put,4.0142,225.6,231.05,228.325,1,0,-0.389,24.8,43.909,763.17,market
2026-06-26,UNH,2026-07-17,21,530.0,427.89,0.0,put,2.8148,183.95,188.85,186.4,1,0,-0.4901,25.78,35.17,611.28,market
2026-06-26,UNH,2026-07-17,21,540.0,427.89,0.0,put,2.888,194.1,199.8,196.95,1,0,-0.4942,24.88,36.472,633.92,market
2026-06-26,UNH,2026-07-17,21,550.0,427.89,0.0,put,2.9293,204.35,208.15,206.25,1,0,-0.5008,24.06,37.5,651.79,market
2026-06-26,UNH,2026-07-17,21,560.0,427.89,0.0,put,2.6822,199.95,207.15,203.55,11,0,-0.5367,23.1,36.348,631.77,market
2026-06-26,UNH,2026-07-17,21,570.0,427.89,0.0,put,3.5005,241.3,249.75,245.525,1,0,-0.4674,22.42,43.075,748.68,market
2026-06-26,UNH,2026-07-17,21,580.0,427.89,0.0,put,0.71,150.55,156.5,153.525,2,0,-0.9539,3.18,26.47,460.07,market
2026-06-26,UNH,2026-07-17,21,590.0,427.89,0.0,put,4.7213,307.65,315.1,311.375,1,1,-0.3878,19.84,52.775,917.29,market
2026-06-26,UNH,2026-07-17,21,600.0,427.89,0.0,put,4.7683,317.6,325.05,321.325,1,0,-0.3902,19.35,53.554,930.82,market
2026-06-26,UNH,2026-07-17,21,610.0,427.89,0.0,put,3.459,271.25,279.45,275.35,2,0,-0.5036,20.08,45.139,784.56,market
2026-06-26,UNH,2026-07-17,21,620.0,427.89,0.0,put,4.1105,306.6,314.6,310.6,1,0,-0.4523,19.32,50.097,870.73,market
2026-06-26,UNH,2026-07-17,21,630.0,427.89,0.0,put,4.5736,334.0,341.65,337.825,6,4,-0.4213,18.45,53.623,932.02,market
2026-06-26,UNH,2026-07-17,21,640.0,427.89,0.0,put,3.4724,290.85,309.45,300.15,6,0,-0.5253,18.5,46.898,815.14,market
2026-06-26,UNH,2026-07-17,21,700.0,427.89,0.0,put,0.8887,268.5,276.7,272.6,2,0,-0.9857,0.81,38.943,676.86,market
2026-06-26,UNH,2026-07-17,21,720.0,427.89,0.0,put,4.5485,407.5,416.0,411.75,1,0,-0.4716,15.39,57.188,993.97,market
2026-06-26,UNH,2026-07-17,21,740.0,427.89,0.0,put,4.6137,427.0,435.95,431.475,1,0,-0.4757,14.78,58.307,1013.44,market
2026-06-26,UNH,2026-07-17,21,760.0,427.89,0.0,put,0.0,0.0,0.0,329.927,0,0,-1.0,0.0,43.411,754.53,bs_fallback
2026-06-26,UNH,2026-07-17,21,800.0,427.89,0.0,put,4.9775,494.0,502.7,498.35,0,0,-0.47,13.16,62.294,1082.72,market
2026-06-26,UNH,2026-07-24,28,225.0,427.89,47.42,put,1.3455,0.0,4.3,1.911,1,1,-0.0273,93.93,0.849,11.07,bs_fallback
2026-06-26,UNH,2026-07-24,28,250.0,427.89,41.57,put,1.1553,0.0,4.35,1.932,0,1,-0.032,93.72,0.773,10.07,bs_fallback
2026-06-26,UNH,2026-07-24,28,270.0,427.89,36.9,put,0.9441,0.0,3.05,1.338,0,10,-0.0283,95.0,0.495,6.46,bs_fallback
2026-06-26,UNH,2026-07-24,28,275.0,427.89,35.73,put,0.9814,0.0,4.4,1.952,0,12,-0.0378,93.38,0.71,9.25,bs_fallback
2026-06-26,UNH,2026-07-24,28,280.0,427.89,34.56,put,0.9502,0.0,4.45,1.974,10,22,-0.0394,93.25,0.705,9.19,bs_fallback
2026-06-26,UNH,2026-07-24,28,290.0,427.89,32.23,put,0.7026,0.05,1.25,0.65,4,6,-0.0172,97.26,0.224,2.92,market
2026-06-26,UNH,2026-07-24,28,300.0,427.89,29.89,put,0.6655,0.0,1.51,0.642,1,6,-0.0207,96.82,0.214,2.79,bs_fallback
2026-06-26,UNH,2026-07-24,28,315.0,427.89,26.38,put,0.5898,0.0,1.56,0.663,252,252,-0.0239,96.54,0.21,2.74,bs_fallback
2026-06-26,UNH,2026-07-24,28,320.0,427.89,25.21,put,0.5808,0.11,1.73,0.92,1,1,-0.028,95.99,0.287,3.75,market
2026-06-26,UNH,2026-07-24,28,325.0,427.89,24.05,put,0.5491,0.2,1.54,0.87,38,68,-0.0281,96.06,0.268,3.49,market
2026-06-26,UNH,2026-07-24,28,330.0,427.89,22.88,put,0.5413,0.13,1.04,0.585,2,5,-0.0334,95.39,0.177,2.31,market
2026-06-26,UNH,2026-07-24,28,335.0,427.89,21.71,put,0.5228,0.25,1.99,1.12,2,3,-0.0368,94.99,0.334,4.36,market
2026-06-26,UNH,2026-07-24,28,340.0,427.89,20.54,put,0.5243,0.51,2.39,1.45,15,28,-0.0463,93.79,0.426,5.56,market
2026-06-26,UNH,2026-07-24,28,345.0,427.89,19.37,put,0.5065,0.42,2.73,1.575,2,13,-0.0513,93.22,0.457,5.95,market
2026-06-26,UNH,2026-07-24,28,350.0,427.89,18.2,put,0.4646,0.47,1.37,0.92,2,60,-0.0489,93.66,0.263,3.43,market
2026-06-26,UNH,2026-07-24,28,355.0,427.89,17.03,put,0.5407,0.76,5.55,3.155,2,17,-0.0889,88.45,0.889,11.59,market
2026-06-26,UNH,2026-07-24,28,360.0,427.89,15.87,put,0.4595,0.93,2.15,1.54,4,57,-0.0734,90.72,0.428,5.58,market
2026-06-26,UNH,2026-07-24,28,365.0,427.89,14.7,put,0.4753,1.28,3.05,2.165,16,34,-0.0964,87.92,0.593,7.73,market
2026-06-26,UNH,2026-07-24,28,370.0,427.89,13.53,put,0.4519,1.74,3.2,2.47,19,79,-0.1048,87.06,0.668,8.7,market
2026-06-26,UNH,2026-07-24,28,375.0,427.89,12.36,put,0.4319,2.1,3.45,2.775,3,64,-0.1161,85.89,0.74,9.65,market
2026-06-26,UNH,2026-07-24,28,380.0,427.89,11.19,put,0.4031,2.1,3.5,2.8,36,83,-0.1244,85.12,0.737,9.61,market
2026-06-26,UNH,2026-07-24,28,385.0,427.89,10.02,put,0.5073,2.8,7.75,5.275,40,61,-0.1979,76.08,1.37,17.86,market
2026-06-26,UNH,2026-07-24,28,390.0,427.89,8.86,put,0.4652,3.9,7.55,5.725,52,45,-0.2079,75.33,1.468,19.14,market
2026-06-26,UNH,2026-07-24,28,395.0,427.89,7.69,put,0.4025,4.75,6.6,5.675,28,11,-0.2097,75.68,1.437,18.73,market
2026-06-26,UNH,2026-07-24,28,400.0,427.89,6.52,put,0.399,5.55,7.85,6.7,82,71,-0.242,72.22,1.675,21.83,market
2026-06-26,UNH,2026-07-24,28,405.0,427.89,5.35,put,0.3621,6.95,7.9,7.425,16,56,-0.2622,70.41,1.833,23.9,market
2026-06-26,UNH,2026-07-24,28,410.0,427.89,4.18,put,0.4449,8.35,13.2,10.775,34,77,-0.3302,62.4,2.628,34.26,market
2026-06-26,UNH,2026-07-24,28,420.0,427.89,1.84,put,0.4006,12.2,15.4,13.8,48,3,-0.3983,55.84,3.286,42.83,market
2026-06-26,UNH,2026-07-24,28,430.0,427.89,0.0,put,0.3718,16.8,19.0,17.9,25,25,-0.4837,47.53,4.163,54.26,market
2026-06-26,UNH,2026-07-24,28,450.0,427.89,0.0,put,0.4029,28.25,32.85,30.55,0,1,-0.6411,31.81,6.789,88.5,market
2026-06-26,UNH,2026-07-24,28,455.0,427.89,0.0,put,0.3663,31.95,34.85,33.4,2,1,-0.6974,26.82,7.341,95.69,market
2026-06-26,UNH,2026-07-24,28,480.0,427.89,0.0,put,0.4467,52.75,57.7,55.225,2,1,-0.7984,16.86,11.505,149.98,market
2026-06-26,UNH,2026-07-24,28,490.0,427.89,0.0,put,0.4786,60.7,67.2,63.95,0,0,-0.8231,14.46,13.051,170.13,market
2026-06-26,UNH,2026-07-31,35,270.0,427.89,36.9,put,0.896,0.0,4.05,1.807,0,10,-0.0347,93.8,0.669,6.98,bs_fallback
2026-06-26,UNH,2026-07-31,35,275.0,427.89,35.73,put,0.843,0.0,3.55,1.577,0,10,-0.0327,94.31,0.573,5.98,bs_fallback
2026-06-26,UNH,2026-07-31,35,280.0,427.89,34.56,put,0.8547,0.0,4.5,2.011,0,10,-0.0398,93.16,0.718,7.49,bs_fallback
2026-06-26,UNH,2026-07-31,35,300.0,427.89,29.89,put,0.6033,0.09,1.51,0.8,1,5,-0.0217,96.66,0.267,2.78,market
2026-06-26,UNH,2026-07-31,35,320.0,427.89,25.21,put,0.5741,0.12,2.89,1.505,0,1,-0.04,94.21,0.47,4.9,market
2026-06-26,UNH,2026-07-31,35,325.0,427.89,24.05,put,0.5009,0.22,1.68,0.95,48,49,-0.0299,95.79,0.292,3.05,market
2026-06-26,UNH,2026-07-31,35,330.0,427.89,22.88,put,0.5197,0.55,1.45,1.0,6,2,-0.0423,94.11,0.303,3.16,market
2026-06-26,UNH,2026-07-31,35,335.0,427.89,21.71,put,0.5064,0.13,1.61,0.87,51,5,-0.0475,93.49,0.26,2.71,market
2026-06-26,UNH,2026-07-31,35,340.0,427.89,20.54,put,0.5722,1.1,5.4,3.25,1,14,-0.0788,89.18,0.956,9.97,market
2026-06-26,UNH,2026-07-31,35,345.0,427.89,19.37,put,0.4862,0.89,2.1,1.495,20,32,-0.0621,91.72,0.433,4.52,market
2026-06-26,UNH,2026-07-31,35,350.0,427.89,18.2,put,0.4552,0.84,2.0,1.42,25,267,-0.063,91.76,0.406,4.23,market
2026-06-26,UNH,2026-07-31,35,355.0,427.89,17.03,put,0.5028,1.14,6.0,3.57,4,15,-0.0954,87.54,1.006,10.49,market
2026-06-26,UNH,2026-07-31,35,360.0,427.89,15.87,put,0.4222,2.0,2.35,2.175,6,101,-0.0773,90.2,0.604,6.3,market
2026-06-26,UNH,2026-07-31,35,365.0,427.89,14.7,put,0.4407,1.92,3.4,2.66,3,28,-0.1023,87.11,0.729,7.6,market
2026-06-26,UNH,2026-07-31,35,370.0,427.89,13.53,put,0.4188,2.05,3.55,2.8,8,74,-0.1107,86.28,0.757,7.89,market
2026-06-26,UNH,2026-07-31,35,375.0,427.89,12.36,put,0.4348,2.65,4.85,3.75,10,80,-0.1394,82.85,1.0,10.43,market
2026-06-26,UNH,2026-07-31,35,380.0,427.89,11.19,put,0.4249,3.35,5.5,4.425,17,51,-0.1576,80.86,1.164,12.14,market
2026-06-26,UNH,2026-07-31,35,385.0,427.89,10.02,put,0.4086,2.69,6.0,4.345,5,6,-0.1746,79.09,1.129,11.77,market
2026-06-26,UNH,2026-07-31,35,390.0,427.89,8.86,put,0.3841,4.75,6.25,5.5,5,32,-0.1896,77.65,1.41,14.71,market
2026-06-26,UNH,2026-07-31,35,395.0,427.89,7.69,put,0.3736,5.7,7.1,6.4,5,47,-0.2146,75.01,1.62,16.9,market
2026-06-26,UNH,2026-07-31,35,400.0,427.89,6.52,put,0.3627,6.85,8.05,7.45,8,42,-0.2423,72.13,1.862,19.42,market
2026-06-26,UNH,2026-07-31,35,405.0,427.89,5.35,put,0.3729,7.7,10.1,8.9,1,11,-0.2825,67.72,2.198,22.92,market
2026-06-26,UNH,2026-07-31,35,410.0,427.89,4.18,put,0.3606,9.45,11.3,10.375,17,9,-0.3152,64.42,2.53,26.39,market
2026-06-26,UNH,2026-07-31,35,420.0,427.89,1.84,put,0.3538,13.15,15.1,14.125,19,35,-0.3942,56.31,3.363,35.07,market
2026-06-26,UNH,2026-07-31,35,425.0,427.89,0.68,put,0.3861,15.35,19.2,17.275,17,6,-0.4378,51.48,4.065,42.39,market
2026-06-26,UNH,2026-07-31,35,435.0,427.89,0.0,put,0.3524,20.6,22.8,21.7,1,1,-0.5209,43.58,4.989,52.02,market
2026-06-26,UNH,2026-07-31,35,470.0,427.89,0.0,put,0.403,44.35,49.65,47.0,0,1,-0.7426,21.88,10.0,104.29,market
2026-06-26,UNH,2026-07-31,35,485.0,427.89,0.0,put,0.4389,57.65,63.3,60.475,0,1,-0.7935,16.99,12.469,130.03,market
2026-06-26,UNH,2026-07-31,35,495.0,427.89,0.0,put,0.4528,65.6,72.3,68.95,0,0,-0.825,14.12,13.929,145.26,market
2026-06-26,LLY,2026-07-17,21,460.0,1208.12,61.92,put,1.2266,0.0,0.08,0.028,1,67,-0.0003,99.92,0.006,0.11,bs_fallback
2026-06-26,LLY,2026-07-17,21,470.0,1208.12,61.1,put,1.1992,0.0,0.08,0.028,74,75,-0.0003,99.92,0.006,0.1,bs_fallback
2026-06-26,LLY,2026-07-17,21,480.0,1208.12,60.27,put,1.1758,0.0,0.08,0.029,103,586,-0.0003,99.92,0.006,0.1,bs_fallback
2026-06-26,LLY,2026-07-17,21,490.0,1208.12,59.44,put,1.168,0.01,0.09,0.05,35,120,-0.0004,99.9,0.01,0.18,market
2026-06-26,LLY,2026-07-17,21,500.0,1208.12,58.61,put,1.1367,0.01,0.08,0.045,36,350,-0.0004,99.91,0.009,0.16,market
2026-06-26,LLY,2026-07-17,21,520.0,1208.12,56.96,put,1.0859,0.01,0.08,0.045,35,90,-0.0004,99.91,0.009,0.15,market
2026-06-26,LLY,2026-07-17,21,540.0,1208.12,55.3,put,1.0391,0.0,0.09,0.032,1,65,-0.0004,99.91,0.006,0.1,bs_fallback
2026-06-26,LLY,2026-07-17,21,560.0,1208.12,53.65,put,0.9961,0.0,0.09,0.032,3,105,-0.0004,99.91,0.006,0.1,bs_fallback
2026-06-26,LLY,2026-07-17,21,580.0,1208.12,51.99,put,1.4534,0.0,4.3,1.796,64,177,-0.0111,97.37,0.31,5.38,bs_fallback
2026-06-26,LLY,2026-07-17,21,600.0,1208.12,50.34,put,0.8125,0.0,0.02,0.006,1,886,-0.0001,99.98,0.001,0.02,bs_fallback
2026-06-26,LLY,2026-07-17,21,620.0,1208.12,48.68,put,0.832,0.0,0.05,0.018,8,216,-0.0003,99.94,0.003,0.05,bs_fallback
2026-06-26,LLY,2026-07-17,21,640.0,1208.12,47.03,put,1.2762,0.0,4.3,1.796,4,111,-0.0126,97.33,0.281,4.88,bs_fallback
2026-06-26,LLY,2026-07-17,21,660.0,1208.12,45.37,put,1.2207,0.0,4.3,1.795,2,118,-0.0132,97.31,0.272,4.73,bs_fallback
2026-06-26,LLY,2026-07-17,21,680.0,1208.12,43.71,put,1.1668,0.0,4.3,1.795,8,376,-0.0138,97.28,0.264,4.59,bs_fallback
2026-06-26,LLY,2026-07-17,21,700.0,1208.12,42.06,put,0.9895,0.0,1.9,0.767,1,289,-0.0075,98.58,0.11,1.9,bs_fallback
2026-06-26,LLY,2026-07-17,21,720.0,1208.12,40.4,put,0.8987,0.0,1.31,0.52,11,797,-0.0058,98.95,0.072,1.26,bs_fallback
2026-06-26,LLY,2026-07-17,21,740.0,1208.12,38.75,put,0.6836,0.0,0.16,0.058,15,845,-0.001,99.83,0.008,0.14,bs_fallback
2026-06-26,LLY,2026-07-17,21,760.0,1208.12,37.09,put,0.7637,0.0,0.78,0.303,8,979,-0.0042,99.29,0.04,0.69,bs_fallback
2026-06-26,LLY,2026-07-17,21,780.0,1208.12,35.44,put,0.7256,0.0,0.79,0.307,13,304,-0.0044,99.27,0.039,0.68,bs_fallback
2026-06-26,LLY,2026-07-17,21,800.0,1208.12,33.78,put,0.582,0.01,0.15,0.08,11,511,-0.0012,99.82,0.01,0.17,market
2026-06-26,LLY,2026-07-17,21,820.0,1208.12,32.13,put,0.6084,0.05,0.39,0.22,53,577,-0.003,99.54,0.027,0.47,market
2026-06-26,LLY,2026-07-17,21,830.0,1208.12,31.3,put,0.6838,0.0,1.48,0.588,12,72,-0.0085,98.69,0.071,1.23,bs_fallback
2026-06-26,LLY,2026-07-17,21,840.0,1208.12,30.47,put,0.5913,0.0,0.58,0.22,36,1001,-0.004,99.4,0.026,0.46,bs_fallback
2026-06-26,LLY,2026-07-17,21,850.0,1208.12,29.64,put,0.5681,0.0,0.53,0.201,4,47,-0.0038,99.43,0.024,0.41,bs_fallback
2026-06-26,LLY,2026-07-17,21,860.0,1208.12,28.82,put,0.5425,0.1,0.36,0.23,9,497,-0.0035,99.49,0.027,0.46,market
2026-06-26,LLY,2026-07-17,21,870.0,1208.12,27.99,put,0.5991,0.0,1.34,0.53,4,10,-0.0087,98.72,0.061,1.06,bs_fallback
2026-06-26,LLY,2026-07-17,21,880.0,1208.12,27.16,put,0.6462,0.0,2.79,1.14,1,375,-0.0162,97.65,0.13,2.25,bs_fallback
2026-06-26,LLY,2026-07-17,21,890.0,1208.12,26.33,put,0.5127,0.2,0.45,0.325,6,203,-0.0051,99.28,0.037,0.63,market
2026-06-26,LLY,2026-07-17,21,900.0,1208.12,25.5,put,0.531,0.01,0.56,0.285,57,518,-0.0082,98.84,0.032,0.55,market
2026-06-26,LLY,2026-07-17,21,910.0,1208.12,24.68,put,0.5215,0.01,0.63,0.32,56,840,-0.0094,98.7,0.035,0.61,market
2026-06-26,LLY,2026-07-17,21,920.0,1208.12,23.85,put,0.4993,0.12,0.59,0.355,39,280,-0.0092,98.74,0.039,0.67,market
2026-06-26,LLY,2026-07-17,21,930.0,1208.12,23.02,put,0.4861,0.14,0.63,0.385,22,382,-0.01,98.65,0.041,0.72,market
2026-06-26,LLY,2026-07-17,21,940.0,1208.12,22.19,put,0.4949,0.16,0.92,0.54,17,358,-0.014,98.12,0.057,1.0,market
2026-06-26,LLY,2026-07-17,21,950.0,1208.12,21.37,put,0.4661,0.26,0.79,0.525,20,582,-0.0128,98.3,0.055,0.96,market
2026-06-26,LLY,2026-07-17,21,960.0,1208.12,20.54,put,0.4595,0.33,0.93,0.63,2,623,-0.0151,98.02,0.066,1.14,market
2026-06-26,LLY,2026-07-17,21,970.0,1208.12,19.71,put,0.4526,0.31,1.09,0.7,1,199,-0.0177,97.69,0.072,1.25,market
2026-06-26,LLY,2026-07-17,21,980.0,1208.12,18.88,put,0.4384,0.57,1.15,0.86,48,292,-0.0192,97.53,0.088,1.53,market
2026-06-26,LLY,2026-07-17,21,990.0,1208.12,18.05,put,0.426,0.71,1.25,0.98,27,331,-0.0213,97.29,0.099,1.72,market
2026-06-26,LLY,2026-07-17,21,1000.0,1208.12,17.23,put,0.4213,1.0,1.51,1.255,86,810,-0.0256,96.78,0.125,2.18,market
2026-06-26,LLY,2026-07-17,21,1010.0,1208.12,16.4,put,0.4064,1.07,1.59,1.33,71,809,-0.0277,96.55,0.132,2.29,market
2026-06-26,LLY,2026-07-17,21,1020.0,1208.12,15.57,put,0.3996,1.17,1.87,1.52,53,293,-0.0326,95.98,0.149,2.59,market
2026-06-26,LLY,2026-07-17,21,1030.0,1208.12,14.74,put,0.3975,1.53,2.33,1.93,71,285,-0.04,95.11,0.187,3.26,market
2026-06-26,LLY,2026-07-17,21,1040.0,1208.12,13.92,put,0.3867,1.7,2.6,2.15,196,218,-0.0452,94.52,0.207,3.59,market
2026-06-26,LLY,2026-07-17,21,1050.0,1208.12,13.09,put,0.3763,2.21,2.92,2.565,169,690,-0.0514,93.83,0.244,4.25,market
2026-06-26,LLY,2026-07-17,21,1060.0,1208.12,12.26,put,0.3713,2.58,3.5,3.04,71,297,-0.0611,92.73,0.287,4.98,market
2026-06-26,LLY,2026-07-17,21,1070.0,1208.12,11.43,put,0.3668,3.0,4.2,3.6,84,193,-0.0726,91.44,0.336,5.85,market
2026-06-26,LLY,2026-07-17,21,1080.0,1208.12,10.6,put,0.3618,3.8,5.0,4.4,44,366,-0.0856,90.0,0.407,7.08,market
2026-06-26,LLY,2026-07-17,21,1090.0,1208.12,9.78,put,0.3553,4.55,5.85,5.2,63,189,-0.0996,88.46,0.477,8.29,market
2026-06-26,LLY,2026-07-17,21,1100.0,1208.12,8.95,put,0.353,5.35,7.1,6.225,247,562,-0.1183,86.41,0.566,9.84,market
2026-06-26,LLY,2026-07-17,21,1110.0,1208.12,8.12,put,0.3527,6.75,8.7,7.725,88,177,-0.1406,83.96,0.696,12.1,market
2026-06-26,LLY,2026-07-17,21,1120.0,1208.12,7.29,put,0.358,7.75,11.0,9.375,232,320,-0.1689,80.86,0.837,14.55,market
2026-06-26,LLY,2026-07-17,21,1130.0,1208.12,6.47,put,0.3442,8.8,12.05,10.425,76,77,-0.1879,78.91,0.923,16.04,market
2026-06-26,LLY,2026-07-17,21,1140.0,1208.12,5.64,put,0.3499,11.65,15.0,13.325,339,444,-0.2213,75.29,1.169,20.32,market
2026-06-26,LLY,2026-07-17,21,1150.0,1208.12,4.81,put,0.3442,13.25,17.25,15.25,59,119,-0.2504,72.26,1.326,23.05,market
2026-06-26,LLY,2026-07-17,21,1160.0,1208.12,3.98,put,0.346,16.4,20.55,18.475,30,311,-0.2857,68.54,1.593,27.68,market
2026-06-26,LLY,2026-07-17,21,1170.0,1208.12,3.16,put,0.3413,18.4,23.55,20.975,146,108,-0.32,65.02,1.793,31.16,market
2026-06-26,LLY,2026-07-17,21,1180.0,1208.12,2.33,put,0.347,22.5,28.05,25.275,38,20,-0.3598,60.87,2.142,37.23,market
2026-06-26,LLY,2026-07-17,21,1200.0,1208.12,0.67,put,0.3387,30.4,36.0,33.2,195,86,-0.4368,53.1,2.767,48.09,market
2026-06-26,LLY,2026-07-17,21,1220.0,1208.12,0.0,put,0.344,41.0,47.1,44.05,29,26,-0.5169,45.03,3.611,62.76,market
2026-06-26,LLY,2026-07-17,21,1240.0,1208.12,0.0,put,0.35,52.35,59.8,56.075,7,21,-0.5925,37.53,4.522,78.6,market
2026-06-26,LLY,2026-07-17,21,1260.0,1208.12,0.0,put,0.352,66.0,73.4,69.7,2,38,-0.6634,30.64,5.532,96.15,market
2026-06-26,LLY,2026-07-17,21,1280.0,1208.12,0.0,put,0.3576,79.8,88.6,84.2,1,82,-0.7248,24.73,6.578,114.33,market
2026-06-26,LLY,2026-07-17,21,1300.0,1208.12,0.0,put,0.3599,94.4,104.5,99.45,2,2,-0.7801,19.52,7.65,132.96,market
2026-06-26,LLY,2026-07-17,21,1320.0,1208.12,0.0,put,0.3715,111.3,122.0,116.65,1,2,-0.8205,15.71,8.837,153.6,market
2026-06-26,LLY,2026-07-17,21,1340.0,1208.12,0.0,put,0.3733,129.65,139.4,134.525,2,0,-0.8599,12.11,10.039,174.49,market
2026-06-26,LLY,2026-07-17,21,1360.0,1208.12,0.0,put,0.3831,147.55,157.85,152.7,18,0,-0.8872,9.62,11.228,195.15,market
2026-06-26,LLY,2026-07-17,21,1380.0,1208.12,0.0,put,0.398,166.5,176.9,171.7,8,2,-0.9059,7.91,12.442,216.25,market
2026-06-26,LLY,2026-07-17,21,1400.0,1208.12,0.0,put,0.452,185.8,198.05,191.925,1,1,-0.8995,8.27,13.709,238.27,market
2026-06-26,LLY,2026-07-17,21,1420.0,1208.12,0.0,put,0.0,0.0,0.0,207.801,1,0,-1.0,0.0,14.634,254.35,bs_fallback
2026-06-26,LLY,2026-07-17,21,1440.0,1208.12,0.0,put,0.5164,225.15,238.2,231.675,10,0,-0.9086,7.27,16.089,279.63,market
2026-06-26,LLY,2026-07-17,21,1460.0,1208.12,0.0,put,0.0,0.0,0.0,247.686,4,0,-1.0,0.0,16.965,294.86,bs_fallback
2026-06-26,LLY,2026-07-17,21,1480.0,1208.12,0.0,put,0.5623,265.05,277.65,271.35,1,0,-0.9216,6.05,18.334,318.67,market
2026-06-26,LLY,2026-07-17,21,1500.0,1208.12,0.0,put,0.5899,285.05,297.65,291.35,1,0,-0.9248,5.71,19.423,337.6,market
2026-06-26,LLY,2026-07-17,21,1540.0,1208.12,0.0,put,2.4155,508.25,515.45,511.85,0,0,-0.5494,24.08,33.237,577.69,market
2026-06-26,LLY,2026-07-17,21,1560.0,1208.12,0.0,put,0.5023,345.05,361.05,353.05,1,0,-0.9792,1.55,22.631,393.36,market
2026-06-26,LLY,2026-07-17,21,1580.0,1208.12,0.0,put,0.5356,365.05,381.45,373.25,1,0,-0.9774,1.66,23.623,410.6,market
2026-06-26,LLY,2026-07-17,21,1600.0,1208.12,0.0,put,2.8978,610.65,618.85,614.75,1,0,-0.5209,22.74,38.422,667.81,market
2026-06-26,LLY,2026-07-17,21,1620.0,1208.12,0.0,put,2.9353,630.55,638.85,634.7,0,0,-0.5241,22.23,39.179,680.97,market
2026-06-26,LLY,2026-07-17,21,1640.0,1208.12,0.0,put,1.5177,486.35,497.8,492.075,0,0,-0.742,15.54,30.005,521.51,market
2026-06-26,LLY,2026-07-24,28,560.0,1208.12,53.65,put,1.3208,0.0,4.3,1.853,27,19,-0.0109,97.32,0.331,4.31,bs_fallback
2026-06-26,LLY,2026-07-24,28,600.0,1208.12,50.34,put,1.2129,0.0,4.3,1.852,240,102,-0.0118,97.3,0.309,4.02,bs_fallback
2026-06-26,LLY,2026-07-24,28,610.0,1208.12,49.51,put,1.1869,0.0,4.3,1.851,1,1,-0.0121,97.3,0.303,3.95,bs_fallback
2026-06-26,LLY,2026-07-24,28,620.0,1208.12,48.68,put,1.1614,0.0,4.3,1.85,14,150,-0.0123,97.29,0.298,3.89,bs_fallback
2026-06-26,LLY,2026-07-24,28,630.0,1208.12,47.85,put,1.1364,0.0,4.3,1.85,1,1,-0.0126,97.28,0.294,3.83,bs_fallback
2026-06-26,LLY,2026-07-24,28,650.0,1208.12,46.2,put,1.0873,0.0,4.3,1.849,46,53,-0.0132,97.26,0.284,3.71,bs_fallback
2026-06-26,LLY,2026-07-24,28,720.0,1208.12,40.4,put,0.79,0.0,1.41,0.581,0,640,-0.0063,98.85,0.081,1.05,bs_fallback
2026-06-26,LLY,2026-07-24,28,740.0,1208.12,38.75,put,0.8018,0.0,2.27,0.95,2,698,-0.0098,98.27,0.128,1.67,bs_fallback
2026-06-26,LLY,2026-07-24,28,750.0,1208.12,37.92,put,0.8613,0.0,4.3,1.841,2,11,-0.0164,97.1,0.245,3.2,bs_fallback
2026-06-26,LLY,2026-07-24,28,760.0,1208.12,37.09,put,0.6851,0.0,1.0,0.406,2,583,-0.0053,99.11,0.053,0.7,bs_fallback
2026-06-26,LLY,2026-07-24,28,800.0,1208.12,33.78,put,0.6182,0.0,1.03,0.416,2,2,-0.0059,99.05,0.052,0.68,bs_fallback
2026-06-26,LLY,2026-07-24,28,805.0,1208.12,33.37,put,0.7513,0.0,4.4,1.879,3,3,-0.0191,96.89,0.233,3.04,bs_fallback
2026-06-26,LLY,2026-07-24,28,810.0,1208.12,32.95,put,0.6591,0.0,2.05,0.85,2,5,-0.0107,98.3,0.105,1.37,bs_fallback
2026-06-26,LLY,2026-07-24,28,820.0,1208.12,32.13,put,0.6669,0.0,2.68,1.123,31,32,-0.0135,97.86,0.137,1.78,bs_fallback
2026-06-26,LLY,2026-07-24,28,840.0,1208.12,30.47,put,0.6381,0.0,2.9,1.217,26,21,-0.0151,97.67,0.145,1.89,bs_fallback
2026-06-26,LLY,2026-07-24,28,850.0,1208.12,29.64,put,0.5254,0.0,0.44,0.351,90,134,-0.0059,99.11,0.041,0.54,bs_fallback
2026-06-26,LLY,2026-07-24,28,855.0,1208.12,29.23,put,0.5166,0.0,0.87,0.346,110,64,-0.006,99.11,0.04,0.53,bs_fallback
2026-06-26,LLY,2026-07-24,28,865.0,1208.12,28.4,put,0.6351,0.0,4.4,1.873,2,1,-0.0223,96.66,0.217,2.82,bs_fallback
2026-06-26,LLY,2026-07-24,28,870.0,1208.12,27.99,put,0.6293,0.0,4.55,1.937,0,1,-0.0231,96.55,0.223,2.9,bs_fallback
2026-06-26,LLY,2026-07-24,28,875.0,1208.12,27.57,put,0.6199,0.0,4.55,1.937,4,9,-0.0235,96.53,0.221,2.89,bs_fallback
2026-06-26,LLY,2026-07-24,28,885.0,1208.12,26.75,put,0.6024,0.0,4.6,1.957,0,24,-0.0243,96.45,0.221,2.88,bs_fallback
2026-06-26,LLY,2026-07-24,28,890.0,1208.12,26.33,put,0.5942,0.0,4.65,1.978,2,1,-0.0249,96.39,0.222,2.9,bs_fallback
2026-06-26,LLY,2026-07-24,28,895.0,1208.12,25.92,put,0.5861,0.0,4.7,1.999,2,1,-0.0254,96.33,0.223,2.91,bs_fallback
2026-06-26,LLY,2026-07-24,28,900.0,1208.12,25.5,put,0.5302,0.0,1.43,1.19,4,31,-0.0177,97.49,0.132,1.72,bs_fallback
2026-06-26,LLY,2026-07-24,28,910.0,1208.12,24.68,put,0.5198,0.0,1.55,1.294,2,9,-0.0194,97.28,0.142,1.85,bs_fallback
2026-06-26,LLY,2026-07-24,28,920.0,1208.12,23.85,put,0.5419,0.0,2.39,2.03,1,13,-0.0277,96.13,0.221,2.88,bs_fallback
2026-06-26,LLY,2026-07-24,28,925.0,1208.12,23.43,put,0.4782,0.0,1.27,1.048,1,1,-0.0174,97.61,0.113,1.48,bs_fallback
2026-06-26,LLY,2026-07-24,28,930.0,1208.12,23.02,put,0.5301,0.15,4.95,2.55,2,11,-0.0299,95.86,0.274,3.57,market
2026-06-26,LLY,2026-07-24,28,935.0,1208.12,22.61,put,0.5151,0.0,4.8,2.034,2,4,-0.0291,96.01,0.218,2.84,bs_fallback
2026-06-26,LLY,2026-07-24,28,940.0,1208.12,22.19,put,0.5142,0.17,5.05,2.61,1,3,-0.0314,95.71,0.278,3.62,market
2026-06-26,LLY,2026-07-24,28,945.0,1208.12,21.78,put,0.5727,0.0,4.8,4.183,2,5,-0.0493,93.23,0.443,5.77,bs_fallback
2026-06-26,LLY,2026-07-24,28,950.0,1208.12,21.37,put,0.4611,0.28,1.75,1.015,1,9,-0.0241,96.77,0.107,1.39,market
2026-06-26,LLY,2026-07-24,28,960.0,1208.12,20.54,put,0.5579,0.35,5.4,2.875,2,4,-0.0559,92.44,0.299,3.9,market
2026-06-26,LLY,2026-07-24,28,965.0,1208.12,20.12,put,0.487,0.01,3.15,1.58,1,26,-0.0391,94.81,0.164,2.13,market
2026-06-26,LLY,2026-07-24,28,970.0,1208.12,19.71,put,0.4275,0.0,1.76,1.463,2,39,-0.0258,96.62,0.151,1.97,bs_fallback
2026-06-26,LLY,2026-07-24,28,975.0,1208.12,19.3,put,0.4241,0.0,1.88,1.566,2,59,-0.0276,96.4,0.161,2.09,bs_fallback
2026-06-26,LLY,2026-07-24,28,980.0,1208.12,18.88,put,0.4351,0.22,2.4,1.31,18,76,-0.0337,95.62,0.134,1.74,market
2026-06-26,LLY,2026-07-24,28,985.0,1208.12,18.47,put,0.4239,0.06,2.33,1.195,1,7,-0.0336,95.66,0.121,1.58,market
2026-06-26,LLY,2026-07-24,28,990.0,1208.12,18.05,put,0.4325,0.75,2.86,1.805,1,30,-0.0397,94.89,0.182,2.38,market
2026-06-26,LLY,2026-07-24,28,995.0,1208.12,17.64,put,0.459,0.01,4.15,2.08,6,41,-0.0526,93.23,0.209,2.73,market
2026-06-26,LLY,2026-07-24,28,1000.0,1208.12,17.23,put,0.4082,0.5,2.65,1.575,4,73,-0.039,95.05,0.158,2.05,market
2026-06-26,LLY,2026-07-24,28,1005.0,1208.12,16.81,put,0.4249,1.12,3.55,2.335,3,23,-0.0489,93.79,0.232,3.03,market
2026-06-26,LLY,2026-07-24,28,1010.0,1208.12,16.4,put,0.4283,0.01,4.05,2.03,14,64,-0.0546,93.1,0.201,2.62,market
2026-06-26,LLY,2026-07-24,28,1015.0,1208.12,15.99,put,0.4053,1.27,3.5,2.385,5,9,-0.0503,93.69,0.235,3.06,market
2026-06-26,LLY,2026-07-24,28,1020.0,1208.12,15.57,put,0.4349,1.01,5.2,3.105,123,36,-0.0672,91.57,0.304,3.97,market
2026-06-26,LLY,2026-07-24,28,1025.0,1208.12,15.16,put,0.4514,1.29,6.55,3.92,25,18,-0.0796,90.02,0.382,4.99,market
2026-06-26,LLY,2026-07-24,28,1030.0,1208.12,14.74,put,0.4041,0.47,4.65,2.56,32,27,-0.0648,91.97,0.249,3.24,market
2026-06-26,LLY,2026-07-24,28,1035.0,1208.12,14.33,put,0.3805,2.52,4.0,3.26,82,42,-0.0598,92.67,0.315,4.11,market
2026-06-26,LLY,2026-07-24,28,1040.0,1208.12,13.92,put,0.4057,1.68,5.7,3.69,21,25,-0.0772,90.52,0.355,4.63,market
2026-06-26,LLY,2026-07-24,28,1045.0,1208.12,13.5,put,0.4022,2.57,6.05,4.31,66,58,-0.0819,89.99,0.412,5.38,market
2026-06-26,LLY,2026-07-24,28,1050.0,1208.12,13.09,put,0.4069,3.3,6.9,5.1,20,41,-0.0909,88.92,0.486,6.33,market
2026-06-26,LLY,2026-07-24,28,1055.0,1208.12,12.67,put,0.4241,2.51,8.65,5.58,4,9,-0.1065,87.03,0.529,6.89,market
2026-06-26,LLY,2026-07-24,28,1060.0,1208.12,12.26,put,0.403,4.3,7.95,6.125,16,32,-0.1035,87.5,0.578,7.53,market
2026-06-26,LLY,2026-07-24,28,1065.0,1208.12,11.85,put,0.3918,4.6,7.9,6.25,3,18,-0.1054,87.35,0.587,7.65,market
2026-06-26,LLY,2026-07-24,28,1070.0,1208.12,11.43,put,0.3799,3.2,7.8,5.5,30,34,-0.1069,87.24,0.514,6.7,market
2026-06-26,LLY,2026-07-24,28,1075.0,1208.12,11.02,put,0.3837,5.5,8.8,7.15,18,17,-0.1175,86.02,0.665,8.67,market
2026-06-26,LLY,2026-07-24,28,1080.0,1208.12,10.6,put,0.3717,5.85,8.7,7.275,8,20,-0.1195,85.88,0.674,8.78,market
2026-06-26,LLY,2026-07-24,28,1085.0,1208.12,10.19,put,0.3814,6.35,10.25,8.3,4,7,-0.1342,84.16,0.765,9.97,market
2026-06-26,LLY,2026-07-24,28,1090.0,1208.12,9.78,put,0.3742,5.7,10.55,8.125,7,5,-0.1397,83.6,0.745,9.72,market
2026-06-26,LLY,2026-07-24,28,1095.0,1208.12,9.36,put,0.3709,7.1,11.2,9.15,7,3,-0.1479,82.71,0.836,10.89,market
2026-06-26,LLY,2026-07-24,28,1100.0,1208.12,8.95,put,0.3596,7.35,11.2,9.275,61,39,-0.1516,82.38,0.843,10.99,market
2026-06-26,LLY,2026-07-24,28,1105.0,1208.12,8.54,put,0.3592,6.45,12.15,9.3,16,30,-0.1623,81.21,0.842,10.97,market
2026-06-26,LLY,2026-07-24,28,1110.0,1208.12,8.12,put,0.3609,9.9,13.35,11.625,42,8,-0.1747,79.84,1.047,13.65,market
2026-06-26,LLY,2026-07-24,28,1115.0,1208.12,7.71,put,0.3581,9.0,14.2,11.6,15,3,-0.1848,78.75,1.04,13.56,market
2026-06-26,LLY,2026-07-24,28,1120.0,1208.12,7.29,put,0.3619,11.6,15.75,13.675,15,7,-0.1993,77.15,1.221,15.92,market
2026-06-26,LLY,2026-07-24,28,1125.0,1208.12,6.88,put,0.3613,11.1,16.95,14.025,4,13,-0.2116,75.82,1.247,16.25,market
2026-06-26,LLY,2026-07-24,28,1130.0,1208.12,6.47,put,0.3811,13.85,20.4,17.125,4,5,-0.235,73.13,1.515,19.76,market
2026-06-26,LLY,2026-07-24,28,1135.0,1208.12,6.05,put,0.3629,15.0,19.85,17.425,6,12,-0.239,72.88,1.535,20.01,market
2026-06-26,LLY,2026-07-24,28,1140.0,1208.12,5.64,put,0.3653,14.6,21.6,18.1,8,8,-0.254,71.26,1.588,20.7,market
2026-06-26,LLY,2026-07-24,28,1145.0,1208.12,5.22,put,0.3726,16.1,24.0,20.05,36,27,-0.2714,69.34,1.751,22.83,market
2026-06-26,LLY,2026-07-24,28,1150.0,1208.12,4.81,put,0.3624,18.2,24.45,21.325,49,11,-0.2811,68.41,1.854,24.17,market
2026-06-26,LLY,2026-07-24,28,1155.0,1208.12,4.4,put,0.3789,20.35,28.15,24.25,6,55,-0.3024,66.0,2.1,27.37,market
2026-06-26,LLY,2026-07-24,28,1160.0,1208.12,3.98,put,0.3593,21.4,27.55,24.475,6,55,-0.3097,65.44,2.11,27.5,market
2026-06-26,LLY,2026-07-24,28,1165.0,1208.12,3.57,put,0.3556,23.4,28.95,26.175,6,10,-0.3238,64.01,2.247,29.29,market
2026-06-26,LLY,2026-07-24,28,1170.0,1208.12,3.16,put,0.3566,25.05,31.0,28.025,3,7,-0.3399,62.33,2.395,31.22,market
2026-06-26,LLY,2026-07-24,28,1175.0,1208.12,2.74,put,0.3798,28.0,36.0,32.0,8,2,-0.3619,59.8,2.723,35.5,market
2026-06-26,LLY,2026-07-24,28,1180.0,1208.12,2.33,put,0.3558,29.0,35.0,32.0,12,5,-0.3718,59.04,2.712,35.35,market
2026-06-26,LLY,2026-07-24,28,1185.0,1208.12,1.91,put,0.3571,31.0,37.35,34.175,10,2,-0.3884,57.33,2.884,37.59,market
2026-06-26,LLY,2026-07-24,28,1190.0,1208.12,1.5,put,0.342,31.4,37.6,34.5,18,7,-0.4023,56.07,2.899,37.79,market
2026-06-26,LLY,2026-07-24,28,1195.0,1208.12,1.09,put,0.3884,35.4,46.15,40.775,6,2,-0.4243,53.32,3.412,44.48,market
2026-06-26,LLY,2026-07-24,28,1200.0,1208.12,0.67,put,0.3617,37.5,45.0,41.25,5,12,-0.4381,52.21,3.438,44.81,market
2026-06-26,LLY,2026-07-24,28,1210.0,1208.12,0.0,put,0.3647,41.8,50.5,46.15,4,3,-0.4709,48.89,3.814,49.72,market
2026-06-26,LLY,2026-07-24,28,1220.0,1208.12,0.0,put,0.3844,48.0,58.6,53.3,3,5,-0.5011,45.66,4.369,56.95,market
2026-06-26,LLY,2026-07-24,28,1230.0,1208.12,0.0,put,0.3668,53.0,61.95,57.475,1,3,-0.5351,42.48,4.673,60.91,market
2026-06-26,LLY,2026-07-24,28,1240.0,1208.12,0.0,put,0.3669,59.0,68.0,63.5,1,6,-0.5666,39.38,5.121,66.76,market
2026-06-26,LLY,2026-07-24,28,1250.0,1208.12,0.0,put,0.3818,63.05,76.3,69.675,1,1,-0.5922,36.74,5.574,72.66,market
2026-06-26,LLY,2026-07-24,28,1260.0,1208.12,0.0,put,0.3671,70.15,81.0,75.575,2,2,-0.6274,33.48,5.998,78.19,market
2026-06-26,LLY,2026-07-24,28,1280.0,1208.12,0.0,put,0.3666,83.55,95.0,89.275,2,14,-0.6846,28.02,6.975,90.92,market
2026-06-26,LLY,2026-07-24,28,1300.0,1208.12,0.0,put,0.366,98.45,110.0,104.225,1,2,-0.7372,23.09,8.017,104.51,market
2026-06-26,LLY,2026-07-24,28,1320.0,1208.12,0.0,put,0.3769,115.25,127.05,121.15,2,2,-0.7762,19.38,9.178,119.64,market
2026-06-26,LLY,2026-07-24,28,1360.0,1208.12,0.0,put,0.3916,149.65,162.1,155.875,0,0,-0.8419,13.33,11.461,149.41,market
2026-06-26,LLY,2026-07-31,35,600.0,1208.12,50.34,put,1.0885,0.0,4.3,1.879,4,5,-0.0119,97.27,0.313,3.27,bs_fallback
2026-06-26,LLY,2026-07-31,35,610.0,1208.12,49.51,put,1.0653,0.0,4.3,1.879,1,2,-0.0122,97.26,0.308,3.21,bs_fallback
2026-06-26,LLY,2026-07-31,35,620.0,1208.12,48.68,put,1.0424,0.0,4.3,1.877,2,3,-0.0124,97.26,0.303,3.16,bs_fallback
2026-06-26,LLY,2026-07-31,35,630.0,1208.12,47.85,put,1.0199,0.0,4.3,1.877,3,2,-0.0127,97.25,0.298,3.11,bs_fallback
2026-06-26,LLY,2026-07-31,35,640.0,1208.12,47.03,put,0.9977,0.0,4.3,1.875,2,5,-0.013,97.24,0.293,3.06,bs_fallback
2026-06-26,LLY,2026-07-31,35,650.0,1208.12,46.2,put,0.9758,0.0,4.3,1.874,2,2,-0.0133,97.23,0.288,3.01,bs_fallback
2026-06-26,LLY,2026-07-31,35,855.0,1208.12,29.23,put,0.5927,0.0,4.65,1.998,1,19,-0.0227,96.55,0.234,2.44,bs_fallback
2026-06-26,LLY,2026-07-31,35,870.0,1208.12,27.99,put,0.5681,0.0,4.7,2.015,9,1,-0.0238,96.45,0.232,2.42,bs_fallback
2026-06-26,LLY,2026-07-31,35,875.0,1208.12,27.57,put,0.5607,0.0,4.75,2.037,9,5,-0.0243,96.4,0.233,2.43,bs_fallback
2026-06-26,LLY,2026-07-31,35,885.0,1208.12,26.75,put,0.5448,0.0,4.8,2.056,9,5,-0.0251,96.32,0.232,2.42,bs_fallback
2026-06-26,LLY,2026-07-31,35,930.0,1208.12,23.02,put,0.553,0.16,5.3,2.73,9,6,-0.0503,92.93,0.294,3.06,market
2026-06-26,LLY,2026-07-31,35,940.0,1208.12,22.19,put,0.5382,0.38,5.45,2.915,1,7,-0.0528,92.67,0.31,3.23,market
2026-06-26,LLY,2026-07-31,35,945.0,1208.12,21.78,put,0.45,0.0,2.51,2.132,2,2,-0.031,95.8,0.226,2.35,bs_fallback
2026-06-26,LLY,2026-07-31,35,950.0,1208.12,21.37,put,0.5233,0.41,5.6,3.005,8,5,-0.0555,92.39,0.316,3.3,market
2026-06-26,LLY,2026-07-31,35,955.0,1208.12,20.95,put,0.5163,0.01,5.7,2.855,6,2,-0.057,92.23,0.299,3.12,market
2026-06-26,LLY,2026-07-31,35,960.0,1208.12,20.54,put,0.5093,0.36,5.8,3.08,7,3,-0.0586,92.06,0.321,3.35,market
2026-06-26,LLY,2026-07-31,35,970.0,1208.12,19.71,put,0.4302,0.01,3.2,1.605,4,7,-0.04,94.71,0.165,1.73,market
2026-06-26,LLY,2026-07-31,35,975.0,1208.12,19.3,put,0.4707,0.39,5.25,2.82,3,10,-0.0574,92.38,0.289,3.02,market
2026-06-26,LLY,2026-07-31,35,980.0,1208.12,18.88,put,0.4818,0.53,6.25,3.39,8,20,-0.0656,91.31,0.346,3.61,market
2026-06-26,LLY,2026-07-31,35,985.0,1208.12,18.47,put,0.4183,0.01,3.7,1.855,7,24,-0.0467,93.93,0.188,1.96,market
2026-06-26,LLY,2026-07-31,35,990.0,1208.12,18.05,put,0.4348,0.01,4.8,2.405,9,22,-0.0568,92.61,0.243,2.53,market
2026-06-26,LLY,2026-07-31,35,995.0,1208.12,17.64,put,0.4063,1.23,3.9,2.565,23,22,-0.0501,93.55,0.258,2.69,market
2026-06-26,LLY,2026-07-31,35,1000.0,1208.12,17.23,put,0.41,1.29,4.45,2.87,20,30,-0.0559,92.83,0.287,2.99,market
2026-06-26,LLY,2026-07-31,35,1005.0,1208.12,16.81,put,0.3993,0.64,4.35,2.495,3,15,-0.056,92.86,0.248,2.59,market
2026-06-26,LLY,2026-07-31,35,1010.0,1208.12,16.4,put,0.3991,0.68,4.75,2.715,10,17,-0.0606,92.31,0.269,2.8,market
2026-06-26,LLY,2026-07-31,35,1015.0,1208.12,15.99,put,0.3894,0.72,4.7,2.71,7,63,-0.0612,92.28,0.267,2.78,market
2026-06-26,LLY,2026-07-31,35,1020.0,1208.12,15.57,put,0.4241,2.5,7.15,4.825,10,15,-0.0821,89.61,0.473,4.93,market
2026-06-26,LLY,2026-07-31,35,1025.0,1208.12,15.16,put,0.3853,1.9,5.4,3.65,17,23,-0.0698,91.28,0.356,3.71,market
2026-06-26,LLY,2026-07-31,35,1030.0,1208.12,14.74,put,0.3869,3.45,6.0,4.725,2,11,-0.0762,90.51,0.459,4.78,market
2026-06-26,LLY,2026-07-31,35,1035.0,1208.12,14.33,put,0.4041,4.5,7.65,6.075,5,27,-0.0906,88.72,0.587,6.12,market
2026-06-26,LLY,2026-07-31,35,1040.0,1208.12,13.92,put,0.3865,4.35,7.1,5.725,35,13,-0.0882,89.11,0.55,5.74,market
2026-06-26,LLY,2026-07-31,35,1045.0,1208.12,13.5,put,0.3847,2.75,7.6,5.175,1,2,-0.0939,88.46,0.495,5.16,market
2026-06-26,LLY,2026-07-31,35,1050.0,1208.12,13.09,put,0.3696,5.2,7.2,6.2,38,51,-0.0926,88.69,0.59,6.16,market
2026-06-26,LLY,2026-07-31,35,1055.0,1208.12,12.67,put,0.3919,3.6,9.5,6.55,2,5,-0.1118,86.34,0.621,6.47,market
2026-06-26,LLY,2026-07-31,35,1060.0,1208.12,12.26,put,0.3783,5.1,9.2,7.15,41,9,-0.112,86.41,0.675,7.03,market
2026-06-26,LLY,2026-07-31,35,1065.0,1208.12,11.85,put,0.37,4.7,9.3,7.0,17,2,-0.1151,86.11,0.657,6.85,market
2026-06-26,LLY,2026-07-31,35,1070.0,1208.12,11.43,put,0.3665,4.0,9.8,6.9,1,3,-0.1212,85.43,0.645,6.72,market
2026-06-26,LLY,2026-07-31,35,1075.0,1208.12,11.02,put,0.3662,5.55,10.6,8.075,1,1,-0.1296,84.49,0.751,7.83,market
2026-06-26,LLY,2026-07-31,35,1080.0,1208.12,10.6,put,0.3626,8.7,11.15,9.925,6,6,-0.1363,83.77,0.919,9.58,market
2026-06-26,LLY,2026-07-31,35,1090.0,1208.12,9.78,put,0.3618,9.95,12.95,11.45,11,7,-0.1546,81.73,1.05,10.95,market
2026-06-26,LLY,2026-07-31,35,1095.0,1208.12,9.36,put,0.3606,9.2,13.85,11.525,23,10,-0.1638,80.72,1.053,10.98,market
2026-06-26,LLY,2026-07-31,35,1100.0,1208.12,8.95,put,0.3624,11.9,15.1,13.5,34,7,-0.1751,79.45,1.227,12.8,market
2026-06-26,LLY,2026-07-31,35,1105.0,1208.12,8.54,put,0.3582,12.6,15.8,14.2,16,4,-0.1833,78.58,1.285,13.4,market
2026-06-26,LLY,2026-07-31,35,1110.0,1208.12,8.12,put,0.3643,13.05,17.65,15.35,17,3,-0.1977,76.94,1.383,14.42,market
2026-06-26,LLY,2026-07-31,35,1115.0,1208.12,7.71,put,0.3668,13.8,19.2,16.5,24,3,-0.2103,75.54,1.48,15.43,market
2026-06-26,LLY,2026-07-31,35,1120.0,1208.12,7.29,put,0.3536,14.4,19.0,16.7,19,3,-0.2147,75.2,1.491,15.55,market
2026-06-26,LLY,2026-07-31,35,1125.0,1208.12,6.88,put,0.3648,15.05,21.7,18.375,18,2,-0.2327,73.14,1.633,17.03,market
2026-06-26,LLY,2026-07-31,35,1130.0,1208.12,6.47,put,0.3634,17.05,23.0,20.025,16,4,-0.2442,71.91,1.772,18.48,market
2026-06-26,LLY,2026-07-31,35,1135.0,1208.12,6.05,put,0.3648,17.95,24.7,21.325,2,3,-0.2573,70.49,1.879,19.59,market
2026-06-26,LLY,2026-07-31,35,1140.0,1208.12,5.64,put,0.3598,20.8,25.65,23.225,32,5,-0.2677,69.44,2.037,21.25,market
2026-06-26,LLY,2026-07-31,35,1145.0,1208.12,5.22,put,0.3582,22.1,27.1,24.6,2,1,-0.2801,68.14,2.148,22.41,market
2026-06-26,LLY,2026-07-31,35,1150.0,1208.12,4.81,put,0.354,23.65,28.25,25.95,19,6,-0.2917,66.96,2.257,23.53,market
2026-06-26,LLY,2026-07-31,35,1155.0,1208.12,4.4,put,0.3611,25.25,31.0,28.125,3,1,-0.3082,65.14,2.435,25.39,market
2026-06-26,LLY,2026-07-31,35,1160.0,1208.12,3.98,put,0.3588,26.2,32.55,29.375,4,6,-0.3211,63.81,2.532,26.41,market
2026-06-26,LLY,2026-07-31,35,1165.0,1208.12,3.57,put,0.3528,28.25,33.65,30.95,21,6,-0.3332,62.62,2.657,27.71,market
2026-06-26,LLY,2026-07-31,35,1170.0,1208.12,3.16,put,0.3553,29.8,36.0,32.9,12,8,-0.3483,61.03,2.812,29.32,market
2026-06-26,LLY,2026-07-31,35,1180.0,1208.12,2.33,put,0.3537,34.1,40.0,37.05,2,7,-0.3769,58.09,3.14,32.74,market
2026-06-26,LLY,2026-07-31,35,1185.0,1208.12,1.91,put,0.3521,35.0,42.0,38.5,1,5,-0.3914,56.62,3.249,33.88,market
2026-06-26,LLY,2026-07-31,35,1190.0,1208.12,1.5,put,0.3501,37.0,44.0,40.5,30,1,-0.406,55.15,3.403,35.49,market
2026-06-26,LLY,2026-07-31,35,1205.0,1208.12,0.26,put,0.3478,45.0,51.0,48.0,4,1,-0.4513,50.59,3.983,41.54,market
2026-06-26,BMY,2026-07-17,21,30.0,57.52,47.84,put,1.0469,0.0,0.04,0.015,0,2,-0.0032,99.34,0.05,0.87,bs_fallback
2026-06-26,BMY,2026-07-17,21,40.0,57.52,30.46,put,0.6172,0.0,0.04,0.015,2,95,-0.0054,99.18,0.039,0.67,bs_fallback
2026-06-26,BMY,2026-07-17,21,45.0,57.52,21.77,put,0.6348,0.0,0.39,0.167,1,281,-0.0439,94.0,0.37,6.44,bs_fallback
2026-06-26,BMY,2026-07-17,21,50.0,57.52,13.07,put,0.3701,0.06,0.13,0.095,119,2757,-0.049,94.13,0.19,3.3,market
2026-06-26,BMY,2026-07-17,21,52.5,57.52,8.73,put,0.3193,0.2,0.26,0.23,153,6113,-0.1024,88.33,0.438,7.61,market
2026-06-26,BMY,2026-07-17,21,55.0,57.52,4.38,put,0.3023,0.6,0.7,0.65,309,2505,-0.2439,73.28,1.182,20.54,market
2026-06-26,BMY,2026-07-17,21,57.5,57.52,0.03,put,0.3125,1.64,1.75,1.695,101,990,-0.4679,50.22,2.948,51.24,market
2026-06-26,BMY,2026-07-17,21,60.0,57.52,0.0,put,0.3999,3.05,3.75,3.4,34,1260,-0.6414,32.35,5.667,98.49,market
2026-06-26,BMY,2026-07-17,21,62.5,57.52,0.0,put,0.6284,5.15,6.7,5.925,3,296,-0.676,27.19,9.48,164.77,market
2026-06-26,BMY,2026-07-17,21,65.0,57.52,0.0,put,0.8845,8.75,10.95,9.85,1,3,-0.676,25.18,15.154,263.39,market
2026-06-26,BMY,2026-07-17,21,67.5,57.52,0.0,put,0.6216,8.75,12.65,10.7,1,2,-0.8363,12.96,15.852,275.52,market
2026-06-26,BMY,2026-07-17,21,70.0,57.52,0.0,put,0.7109,11.25,15.15,13.2,1,2,-0.853,11.13,18.857,327.76,market
2026-06-26,BMY,2026-07-24,28,43.0,57.52,25.24,put,0.5,0.0,0.1,0.041,4,6,-0.014,98.03,0.095,1.24,bs_fallback
2026-06-26,BMY,2026-07-24,28,44.0,57.52,23.5,put,0.5215,0.0,0.2,0.084,2,5,-0.0254,96.48,0.191,2.49,bs_fallback
2026-06-26,BMY,2026-07-24,28,45.0,57.52,21.77,put,0.8809,0.0,2.14,0.985,2,2,-0.1263,81.59,2.189,28.54,bs_fallback
2026-06-26,BMY,2026-07-24,28,48.0,57.52,16.55,put,0.7227,0.0,2.19,1.007,300,301,-0.1531,79.48,2.098,27.35,bs_fallback
2026-06-26,BMY,2026-07-24,28,49.0,57.52,14.81,put,0.6694,0.0,2.2,1.011,20,128,-0.164,78.6,2.063,26.89,bs_fallback
2026-06-26,BMY,2026-07-24,28,50.0,57.52,13.07,put,0.437,0.0,0.42,0.371,43,216,-0.1057,87.05,0.742,9.68,bs_fallback
2026-06-26,BMY,2026-07-24,28,51.0,57.52,11.34,put,0.3574,0.01,0.31,0.16,6,310,-0.0962,88.58,0.314,4.09,market
2026-06-26,BMY,2026-07-24,28,52.0,57.52,9.6,put,0.4341,0.25,0.77,0.51,2,163,-0.1759,79.13,0.981,12.79,market
2026-06-26,BMY,2026-07-24,28,53.0,57.52,7.86,put,0.3267,0.35,0.52,0.435,20,71,-0.1606,81.64,0.821,10.7,market
2026-06-26,BMY,2026-07-24,28,54.0,57.52,6.12,put,0.2998,0.52,0.62,0.57,10,43,-0.1982,77.79,1.056,13.76,market
2026-06-26,BMY,2026-07-24,28,55.0,57.52,4.38,put,0.2969,0.76,0.88,0.82,16,27,-0.2635,70.9,1.491,19.44,market
2026-06-26,BMY,2026-07-24,28,56.0,57.52,2.64,put,0.292,1.0,1.2,1.1,2,35,-0.3376,63.24,1.964,25.61,market
2026-06-26,BMY,2026-07-24,28,57.0,57.52,0.9,put,0.2935,1.46,1.64,1.55,3,73,-0.4209,54.71,2.719,35.45,market
2026-06-26,BMY,2026-07-31,35,40.0,57.52,30.46,put,0.6074,0.0,0.2,0.085,2,4,-0.0201,96.87,0.214,2.23,bs_fallback
2026-06-26,BMY,2026-07-31,35,44.0,57.52,23.5,put,0.8462,0.0,2.18,1.007,2,7,-0.1206,81.85,2.29,23.88,bs_fallback
2026-06-26,BMY,2026-07-31,35,45.0,57.52,21.77,put,0.4697,0.0,0.15,0.128,1,3,-0.0365,95.03,0.285,2.97,bs_fallback
2026-06-26,BMY,2026-07-31,35,46.0,57.52,20.03,put,0.7495,0.0,2.21,1.019,1,1,-0.1357,80.72,2.216,23.11,bs_fallback
2026-06-26,BMY,2026-07-31,35,47.0,57.52,18.29,put,0.6699,0.0,1.96,0.899,25,51,-0.1356,81.41,1.913,19.95,bs_fallback
2026-06-26,BMY,2026-07-31,35,48.0,57.52,16.55,put,0.6587,0.0,2.28,1.05,2,301,-0.1556,79.06,2.187,22.81,bs_fallback
2026-06-26,BMY,2026-07-31,35,49.0,57.52,14.81,put,0.5552,0.0,1.79,0.816,4,133,-0.1477,80.91,1.665,17.36,bs_fallback
2026-06-26,BMY,2026-07-31,35,50.0,57.52,13.07,put,0.5645,0.0,1.16,1.065,1,192,-0.1797,77.08,2.131,22.22,bs_fallback
2026-06-26,BMY,2026-07-31,35,51.0,57.52,11.34,put,0.4287,0.02,0.74,0.38,20,321,-0.1566,80.95,0.745,7.77,market
2026-06-26,BMY,2026-07-31,35,52.0,57.52,9.6,put,0.394,0.14,0.79,0.465,2,133,-0.1769,78.96,0.894,9.33,market
2026-06-26,BMY,2026-07-31,35,53.0,57.52,7.86,put,0.4605,0.38,1.42,0.9,7,60,-0.2486,70.41,1.698,17.71,market
2026-06-26,BMY,2026-07-31,35,54.0,57.52,6.12,put,0.4941,0.64,1.97,1.305,3,20,-0.3013,64.34,2.417,25.2,market
2026-06-26,BMY,2026-07-31,35,55.0,57.52,4.38,put,0.4233,1.07,1.89,1.48,5,44,-0.3286,62.28,2.691,28.06,market
2026-06-26,BMY,2026-07-31,35,57.0,57.52,0.9,put,0.4104,1.61,2.69,2.15,1,104,-0.4314,51.82,3.772,39.34,market
2026-06-26,BMY,2026-07-31,35,58.0,57.52,0.0,put,0.4502,2.27,3.5,2.885,0,6,-0.4823,46.22,4.974,51.87,market
2026-06-26,BMY,2026-07-31,35,60.0,57.52,0.0,put,0.479,3.4,4.9,4.15,9,9,-0.5707,37.21,6.917,72.13,market
2026-06-26,MRNA,2026-07-17,21,15.0,67.27,77.7,put,2.8672,0.0,0.25,0.106,1,20,-0.0057,96.73,0.705,12.25,bs_fallback
2026-06-26,MRNA,2026-07-17,21,16.0,67.27,76.22,put,4.1211,0.0,2.13,0.961,4,18,-0.0256,83.18,6.009,104.43,bs_fallback
2026-06-26,MRNA,2026-07-17,21,17.0,67.27,74.73,put,2.3281,0.0,0.1,0.04,5,17,-0.003,98.57,0.237,4.13,bs_fallback
2026-06-26,MRNA,2026-07-17,21,18.0,67.27,73.24,put,2.0625,0.0,0.05,0.02,3,18,-0.0018,99.23,0.109,1.89,bs_fallback
2026-06-26,MRNA,2026-07-17,21,19.0,67.27,71.76,put,1.9844,0.0,0.05,0.02,2,65,-0.0019,99.23,0.105,1.82,bs_fallback
2026-06-26,MRNA,2026-07-17,21,20.0,67.27,70.27,put,1.9063,0.0,0.05,0.02,3,25,-0.0019,99.25,0.099,1.72,bs_fallback
2026-06-26,MRNA,2026-07-17,21,21.0,67.27,68.78,put,1.9844,0.0,0.1,0.041,1,6,-0.0036,98.66,0.193,3.36,bs_fallback
2026-06-26,MRNA,2026-07-17,21,22.0,67.27,67.3,put,1.9063,0.0,0.1,0.04,1,23,-0.0037,98.69,0.182,3.17,bs_fallback
2026-06-26,MRNA,2026-07-17,21,23.0,67.27,65.81,put,1.8359,0.0,0.1,0.04,2,64,-0.0039,98.69,0.176,3.05,bs_fallback
2026-06-26,MRNA,2026-07-17,21,24.0,67.27,64.32,put,1.7656,0.0,0.1,0.04,2,23,-0.004,98.71,0.167,2.91,bs_fallback
2026-06-26,MRNA,2026-07-17,21,25.0,67.27,62.84,put,1.7031,0.0,0.1,0.041,1,91,-0.0042,98.7,0.163,2.84,bs_fallback
2026-06-26,MRNA,2026-07-17,21,26.0,67.27,61.35,put,2.6172,0.0,1.59,0.71,1,47,-0.0334,88.59,2.731,47.47,bs_fallback
2026-06-26,MRNA,2026-07-17,21,27.0,67.27,59.86,put,1.7031,0.0,0.18,0.074,1,20,-0.0072,97.92,0.275,4.77,bs_fallback
2026-06-26,MRNA,2026-07-17,21,28.0,67.27,58.38,put,1.6016,0.01,0.14,0.075,5,35,-0.0065,98.2,0.268,4.66,market
2026-06-26,MRNA,2026-07-17,21,29.0,67.27,56.89,put,2.332,0.0,1.54,0.688,1,112,-0.0368,89.06,2.372,41.23,bs_fallback
2026-06-26,MRNA,2026-07-17,21,30.0,67.27,55.4,put,1.4219,0.01,0.1,0.055,1,426,-0.0054,98.63,0.183,3.19,market
2026-06-26,MRNA,2026-07-17,21,31.0,67.27,53.92,put,1.5977,0.02,0.3,0.16,2,340,-0.0132,96.69,0.516,8.97,market
2026-06-26,MRNA,2026-07-17,21,32.0,67.27,52.43,put,1.7363,0.0,0.64,0.277,1,345,-0.0228,94.32,0.866,15.06,bs_fallback
2026-06-26,MRNA,2026-07-17,21,33.0,67.27,50.94,put,2.0234,0.0,1.56,0.696,2,165,-0.0431,89.08,2.109,36.66,bs_fallback
2026-06-26,MRNA,2026-07-17,21,34.0,67.27,49.46,put,2.0928,0.0,2.06,0.928,1,143,-0.053,86.74,2.73,47.45,bs_fallback
2026-06-26,MRNA,2026-07-17,21,35.0,67.27,47.97,put,1.2109,0.0,0.14,0.058,16,445,-0.0081,98.27,0.164,2.86,bs_fallback
2026-06-26,MRNA,2026-07-17,21,36.0,67.27,46.48,put,1.2031,0.0,0.18,0.073,4,283,-0.0102,97.89,0.204,3.55,bs_fallback
2026-06-26,MRNA,2026-07-17,21,37.0,67.27,45.0,put,1.1367,0.01,0.15,0.08,2,439,-0.0097,98.06,0.216,3.76,market
2026-06-26,MRNA,2026-07-17,21,38.0,67.27,43.51,put,1.2637,0.0,0.4,0.17,5,138,-0.0204,95.93,0.448,7.79,bs_fallback
2026-06-26,MRNA,2026-07-17,21,39.0,67.27,42.02,put,1.0566,0.0,0.17,0.07,2,568,-0.011,97.91,0.18,3.12,bs_fallback
2026-06-26,MRNA,2026-07-17,21,40.0,67.27,40.54,put,1.125,0.09,0.24,0.165,30,1285,-0.0191,96.42,0.413,7.17,market
2026-06-26,MRNA,2026-07-17,21,41.0,67.27,39.05,put,1.1309,0.1,0.33,0.215,1,553,-0.0243,95.55,0.524,9.11,market
2026-06-26,MRNA,2026-07-17,21,42.0,67.27,37.57,put,1.043,0.12,0.23,0.175,443,10062,-0.0217,96.16,0.417,7.24,market
2026-06-26,MRNA,2026-07-17,21,43.0,67.27,36.08,put,1.0078,0.11,0.26,0.185,1,349,-0.0236,95.93,0.43,7.48,market
2026-06-26,MRNA,2026-07-17,21,44.0,67.27,34.59,put,0.9395,0.02,0.3,0.16,6,204,-0.0222,96.28,0.364,6.32,market
2026-06-26,MRNA,2026-07-17,21,45.0,67.27,33.11,put,0.9775,0.17,0.34,0.255,55,895,-0.0326,94.63,0.567,9.85,market
2026-06-26,MRNA,2026-07-17,21,46.0,67.27,31.62,put,1.0313,0.0,0.82,0.358,8,1156,-0.0473,92.28,0.779,13.55,bs_fallback
2026-06-26,MRNA,2026-07-17,21,47.0,67.27,30.13,put,0.9277,0.04,0.59,0.315,12,682,-0.0413,93.49,0.67,11.65,market
2026-06-26,MRNA,2026-07-17,21,48.0,67.27,28.65,put,0.9414,0.24,0.6,0.42,69,178,-0.0526,91.84,0.875,15.21,market
2026-06-26,MRNA,2026-07-17,21,49.0,67.27,27.16,put,0.8926,0.0,0.83,0.364,1,329,-0.0547,91.72,0.742,12.89,bs_fallback
2026-06-26,MRNA,2026-07-17,21,50.0,67.27,25.67,put,0.8369,0.24,0.55,0.395,125,4664,-0.0556,91.8,0.79,13.73,market
2026-06-26,MRNA,2026-07-17,21,55.0,67.27,18.24,put,0.8306,0.87,1.24,1.055,202,7046,-0.1303,82.27,1.918,33.34,market
2026-06-26,MRNA,2026-07-17,21,60.0,67.27,10.81,put,0.8398,2.1,2.64,2.37,284,599,-0.2474,68.48,3.95,68.65,market
2026-06-26,MRNA,2026-07-17,21,65.0,67.27,3.37,put,0.7896,3.95,4.15,4.05,94,148,-0.3855,54.05,6.231,108.3,market
2026-06-26,MRNA,2026-07-17,21,70.0,67.27,0.0,put,0.8621,6.4,8.1,7.25,58,52,-0.5299,38.9,10.357,180.02,market
2026-06-26,MRNA,2026-07-17,21,75.0,67.27,0.0,put,0.8818,9.8,11.7,10.75,73,3,-0.6535,27.21,14.333,249.13,market
2026-06-26,MRNA,2026-07-17,21,85.0,67.27,0.0,put,3.8433,35.9,38.65,37.275,20,10,-0.4167,23.84,43.853,762.21,market
2026-06-26,MRNA,2026-07-24,28,30.0,67.27,55.4,put,1.4531,0.0,0.33,0.144,6,24,-0.0133,96.52,0.482,6.28,bs_fallback
2026-06-26,MRNA,2026-07-24,28,35.0,67.27,47.97,put,1.7891,0.0,2.2,1.011,1,5,-0.0577,85.96,2.889,37.66,bs_fallback
2026-06-26,MRNA,2026-07-24,28,38.0,67.27,43.51,put,1.6201,0.0,2.29,1.054,1,10,-0.0661,85.47,2.774,36.16,bs_fallback
2026-06-26,MRNA,2026-07-24,28,39.0,67.27,42.02,put,1.2676,0.0,1.0,0.449,10,19,-0.041,91.75,1.152,15.01,bs_fallback
2026-06-26,MRNA,2026-07-24,28,40.0,67.27,40.54,put,1.3272,0.0,1.44,0.653,254,292,-0.0539,89.27,1.632,21.28,bs_fallback
2026-06-26,MRNA,2026-07-24,28,41.0,67.27,39.05,put,1.457,0.0,2.36,1.086,1,22,-0.0752,84.96,2.648,34.51,bs_fallback
2026-06-26,MRNA,2026-07-24,28,42.0,67.27,37.57,put,1.4048,0.0,2.38,1.096,1,3,-0.0785,84.75,2.61,34.02,bs_fallback
2026-06-26,MRNA,2026-07-24,28,43.0,67.27,36.08,put,1.3545,0.0,2.41,1.109,2,7,-0.0822,84.51,2.58,33.63,bs_fallback
2026-06-26,MRNA,2026-07-24,28,44.0,67.27,34.59,put,1.3071,0.0,2.45,1.129,2,2,-0.0862,84.19,2.566,33.45,bs_fallback
2026-06-26,MRNA,2026-07-24,28,45.0,67.27,33.11,put,1.1455,0.0,1.8,0.822,4,281,-0.0752,86.88,1.826,23.8,bs_fallback
2026-06-26,MRNA,2026-07-24,28,46.0,67.27,31.62,put,1.2148,0.0,2.54,1.17,2,226,-0.0952,83.47,2.544,33.17,bs_fallback
2026-06-26,MRNA,2026-07-24,28,47.0,67.27,30.13,put,1.1719,0.0,2.6,1.199,2,84,-0.1005,83.0,2.551,33.26,bs_fallback
2026-06-26,MRNA,2026-07-24,28,48.0,67.27,28.65,put,1.0322,0.0,2.0,0.915,3,12,-0.0906,85.34,1.906,24.84,bs_fallback
2026-06-26,MRNA,2026-07-24,28,49.0,67.27,27.16,put,0.917,0.09,1.48,0.785,1,24,-0.0823,87.2,1.602,20.88,market
2026-06-26,MRNA,2026-07-24,28,50.0,67.27,25.67,put,0.9141,0.13,1.71,0.92,2,72,-0.0945,85.55,1.84,23.99,market
2026-06-26,MRNA,2026-07-24,28,51.0,67.27,24.19,put,0.8594,0.5,1.28,0.89,4,12,-0.0971,85.55,1.745,22.75,market
2026-06-26,MRNA,2026-07-24,28,52.0,67.27,22.7,put,0.9497,0.47,2.35,1.41,3,156,-0.1303,80.56,2.712,35.35,market
2026-06-26,MRNA,2026-07-24,28,53.0,67.27,21.21,put,0.9487,0.55,2.69,1.62,1,2,-0.1461,78.54,3.057,39.85,market
2026-06-26,MRNA,2026-07-24,28,54.0,67.27,19.73,put,0.8398,0.69,2.02,1.355,1,2,-0.1406,80.09,2.509,32.71,market
2026-06-26,MRNA,2026-07-24,28,55.0,67.27,18.24,put,0.8579,1.3,2.02,1.66,27,12,-0.1629,77.18,3.018,39.34,market
2026-06-26,MRNA,2026-07-24,28,56.0,67.27,16.75,put,0.8674,1.47,2.45,1.96,1,24,-0.1842,74.51,3.5,45.62,market
2026-06-26,MRNA,2026-07-24,28,57.0,67.27,15.27,put,0.8442,1.23,2.99,2.11,12,167,-0.2,72.84,3.702,48.26,market
2026-06-26,MRNA,2026-07-24,28,58.0,67.27,13.78,put,0.7993,1.4,2.9,2.15,1,11,-0.2125,71.78,3.707,48.32,market
2026-06-26,MRNA,2026-07-24,28,59.0,67.27,12.29,put,0.821,1.67,3.5,2.585,4,4,-0.2397,68.44,4.381,57.11,market
2026-06-26,MRNA,2026-07-24,28,60.0,67.27,10.81,put,0.8196,2.63,3.2,2.915,33,63,-0.263,65.81,4.858,63.33,market
2026-06-26,MRNA,2026-07-24,28,61.0,67.27,9.32,put,0.8584,2.87,4.2,3.535,6,44,-0.2923,62.13,5.795,75.54,market
2026-06-26,MRNA,2026-07-24,28,65.0,67.27,3.37,put,0.8726,4.65,6.15,5.4,135,26,-0.3902,51.48,8.308,108.3,market
2026-06-26,MRNA,2026-07-24,28,66.0,67.27,1.89,put,0.8784,4.9,7.0,5.95,3,2,-0.4146,48.9,9.015,117.52,market
2026-06-26,MRNA,2026-07-24,28,70.0,67.27,0.0,put,0.8633,7.0,9.2,8.1,98,44,-0.5123,39.36,11.571,150.84,market
2026-06-26,MRNA,2026-07-31,35,30.0,67.27,55.4,put,1.6455,0.0,1.15,0.525,2,15,-0.0322,90.98,1.751,18.26,bs_fallback
2026-06-26,MRNA,2026-07-31,35,35.0,67.27,47.97,put,1.6055,0.0,2.2,1.019,1,5,-0.0579,85.89,2.912,30.37,bs_fallback
2026-06-26,MRNA,2026-07-31,35,37.0,67.27,45.0,put,1.5015,0.0,2.25,1.043,0,2,-0.0632,85.62,2.818,29.39,bs_fallback
2026-06-26,MRNA,2026-07-31,35,38.0,67.27,43.51,put,1.2813,0.05,1.36,0.705,3,15,-0.0495,89.49,1.855,19.35,market
2026-06-26,MRNA,2026-07-31,35,39.0,67.27,42.02,put,1.4053,0.0,2.32,1.075,1,4,-0.0693,85.23,2.757,28.75,bs_fallback
2026-06-26,MRNA,2026-07-31,35,40.0,67.27,40.54,put,1.0273,0.0,0.75,0.337,3,108,-0.0353,93.19,0.843,8.79,bs_fallback
2026-06-26,MRNA,2026-07-31,35,42.0,67.27,37.57,put,1.2773,0.0,2.49,1.154,1,7,-0.0806,84.26,2.748,28.66,bs_fallback
2026-06-26,MRNA,2026-07-31,35,43.0,67.27,36.08,put,1.0752,0.0,1.55,0.71,9,7,-0.0636,88.34,1.652,17.23,bs_fallback
2026-06-26,MRNA,2026-07-31,35,44.0,67.27,34.59,put,1.0254,0.0,1.52,0.695,1,7,-0.0654,88.36,1.581,16.48,bs_fallback
2026-06-26,MRNA,2026-07-31,35,45.0,67.27,33.11,put,0.9297,0.5,0.73,0.615,2,116,-0.0597,89.78,1.367,14.25,market
2026-06-26,MRNA,2026-07-31,35,47.0,67.27,30.13,put,0.9482,0.0,1.85,0.849,21,25,-0.0831,86.23,1.806,18.84,bs_fallback
2026-06-26,MRNA,2026-07-31,35,48.0,67.27,28.65,put,1.061,0.0,3.05,1.42,1,107,-0.1139,80.99,2.958,30.84,bs_fallback
2026-06-26,MRNA,2026-07-31,35,49.0,67.27,27.16,put,0.9268,0.38,1.95,1.165,6,103,-0.103,83.58,2.378,24.79,market
2026-06-26,MRNA,2026-07-31,35,50.0,67.27,25.67,put,0.8364,0.2,1.76,0.98,1,12,-0.0979,84.95,1.96,20.44,market
2026-06-26,MRNA,2026-07-31,35,52.0,67.27,22.7,put,0.8789,0.88,2.19,1.535,2,102,-0.1357,79.6,2.952,30.78,market
2026-06-26,MRNA,2026-07-31,35,54.0,67.27,19.73,put,0.8904,1.3,2.83,2.065,2,4,-0.1705,75.06,3.824,39.88,market
2026-06-26,MRNA,2026-07-31,35,55.0,67.27,18.24,put,0.8601,1.22,3.1,2.16,6,5,-0.1821,73.92,3.927,40.96,market
2026-06-26,MRNA,2026-07-31,35,56.0,67.27,16.75,put,0.8867,1.36,3.85,2.605,2,6,-0.2054,70.81,4.652,48.51,market
2026-06-26,MRNA,2026-07-31,35,60.0,67.27,10.81,put,0.8635,2.8,4.85,3.825,4,16,-0.2812,62.25,6.375,66.48,market
2026-06-26,MRNA,2026-07-31,35,61.0,67.27,9.32,put,0.8401,3.0,5.1,4.05,1,3,-0.2999,60.43,6.639,69.24,market
2026-06-26,MRNA,2026-07-31,35,62.0,67.27,7.83,put,0.9094,4.1,5.9,5.0,47,45,-0.3273,56.59,8.065,84.1,market
2026-06-26,MRNA,2026-07-31,35,65.0,67.27,3.37,put,0.8813,5.55,6.85,6.2,46,3,-0.3898,50.27,9.538,99.47,market
2026-06-26,MRNA,2026-07-31,35,68.0,67.27,0.0,put,0.8765,6.7,8.85,7.775,2,1,-0.4548,43.73,11.434,119.24,market
2026-06-26,MRNA,2026-07-31,35,70.0,67.27,0.0,put,0.8906,7.85,10.3,9.075,2,166,-0.4956,39.56,12.964,135.2,market
2026-06-26,WMT,2026-07-17,21,65.0,115.69,43.82,put,1.6021,0.0,2.13,0.945,3,20,-0.0446,90.59,1.454,25.28,bs_fallback
2026-06-26,WMT,2026-07-17,21,70.0,115.69,39.49,put,1.4287,0.0,2.13,0.946,6,10,-0.0499,90.37,1.352,23.5,bs_fallback
2026-06-26,WMT,2026-07-17,21,75.0,115.69,35.17,put,1.2656,0.0,2.13,0.946,31,33,-0.056,90.07,1.261,21.91,bs_fallback
2026-06-26,WMT,2026-07-17,21,80.0,115.69,30.85,put,0.8184,0.0,0.5,0.211,100,143,-0.0232,96.37,0.264,4.58,bs_fallback
2026-06-26,WMT,2026-07-17,21,85.0,115.69,26.53,put,0.9668,0.0,2.14,0.952,10,53,-0.0725,88.99,1.12,19.46,bs_fallback
2026-06-26,WMT,2026-07-17,21,90.0,115.69,22.21,put,0.5234,0.0,0.25,0.102,5,2667,-0.0185,97.5,0.113,1.97,bs_fallback
2026-06-26,WMT,2026-07-17,21,95.0,115.69,17.88,put,0.3789,0.03,0.06,0.045,1,1929,-0.0124,98.44,0.047,0.82,market
2026-06-26,WMT,2026-07-17,21,100.0,115.69,13.56,put,0.3281,0.05,0.12,0.085,38,5849,-0.0269,96.78,0.085,1.48,market
2026-06-26,WMT,2026-07-17,21,105.0,115.69,9.24,put,0.2871,0.16,0.3,0.23,133,3420,-0.0689,92.15,0.219,3.81,market
2026-06-26,WMT,2026-07-17,21,110.0,115.69,4.92,put,0.2524,0.71,0.82,0.765,287,23027,-0.1812,80.24,0.695,12.09,market
2026-06-26,WMT,2026-07-17,21,115.0,115.69,0.6,put,0.2373,2.21,2.35,2.28,1337,13866,-0.427,55.06,1.983,34.46,market
2026-06-26,WMT,2026-07-17,21,120.0,115.69,0.0,put,0.2666,4.95,5.7,5.325,235,8425,-0.6897,28.81,4.438,77.13,market
2026-06-26,WMT,2026-07-17,21,125.0,115.69,0.0,put,0.3755,8.4,10.55,9.475,80,3699,-0.783,19.15,7.58,131.75,market
2026-06-26,WMT,2026-07-17,21,130.0,115.69,0.0,put,0.5933,12.7,16.45,14.575,2,1326,-0.7667,19.2,11.212,194.87,market
2026-06-26,WMT,2026-07-17,21,135.0,115.69,0.0,put,0.6917,17.55,21.4,19.475,208,69,-0.7968,15.96,14.426,250.74,market
2026-06-26,WMT,2026-07-17,21,140.0,115.69,0.0,put,0.7998,22.55,26.5,24.525,1,3,-0.8115,14.12,17.518,304.48,market
2026-06-26,WMT,2026-07-17,21,145.0,115.69,0.0,put,0.8816,27.5,31.45,29.475,12,0,-0.8286,12.3,20.328,353.31,market
2026-06-26,WMT,2026-07-17,21,150.0,115.69,0.0,put,0.5527,32.5,36.5,34.5,5,0,-0.9693,2.26,23.0,399.76,market
2026-06-26,WMT,2026-07-17,21,155.0,115.69,0.0,put,0.6094,37.5,41.5,39.5,6,6,-0.9718,2.0,25.484,442.93,market
2026-06-26,WMT,2026-07-17,21,165.0,115.69,0.0,put,0.0,41.3,44.65,42.975,2,0,-1.0,0.0,26.045,452.69,market
2026-06-26,WMT,2026-07-17,21,180.0,115.69,0.0,put,0.8184,62.5,66.4,64.45,0,0,-0.9838,0.98,35.806,622.33,market
2026-06-26,WMT,2026-07-24,28,95.0,115.69,17.88,put,0.3574,0.0,0.1,0.081,1,2,-0.0188,97.61,0.086,1.11,bs_fallback
2026-06-26,WMT,2026-07-24,28,100.0,115.69,13.56,put,0.3457,0.0,0.31,0.261,2,56,-0.0537,93.5,0.261,3.4,bs_fallback
2026-06-26,WMT,2026-07-24,28,103.0,115.69,10.97,put,0.3345,0.0,0.54,0.464,23,46,-0.0898,89.42,0.45,5.87,bs_fallback
2026-06-26,WMT,2026-07-24,28,105.0,115.69,9.24,put,0.3386,0.0,0.85,0.744,12,346,-0.131,84.8,0.708,9.23,bs_fallback
2026-06-26,WMT,2026-07-24,28,106.0,115.69,8.38,put,0.4939,0.0,2.48,2.279,42,26,-0.2309,72.54,2.15,28.02,bs_fallback
2026-06-26,WMT,2026-07-24,28,107.0,115.69,7.51,put,0.4761,0.0,2.59,2.383,1,33,-0.246,71.07,2.227,29.03,bs_fallback
2026-06-26,WMT,2026-07-24,28,108.0,115.69,6.65,put,0.3629,0.32,1.71,1.015,21,136,-0.2198,74.93,0.94,12.25,market
2026-06-26,WMT,2026-07-24,28,109.0,115.69,5.78,put,0.2703,0.0,1.06,0.927,8,141,-0.1882,79.09,0.851,11.09,bs_fallback
2026-06-26,WMT,2026-07-24,28,110.0,115.69,4.92,put,0.2813,0.84,1.42,1.13,361,328,-0.231,74.46,1.027,13.39,market
2026-06-26,WMT,2026-07-24,28,111.0,115.69,4.05,put,0.2771,0.2,1.67,0.935,67,152,-0.2651,70.91,0.842,10.98,market
2026-06-26,WMT,2026-07-24,28,112.0,115.69,3.19,put,0.2734,0.8,1.96,1.38,17,78,-0.3027,67.03,1.232,16.06,market
2026-06-26,WMT,2026-07-24,28,113.0,115.69,2.33,put,0.3596,1.68,3.4,2.54,10,149,-0.3728,58.9,2.248,29.3,market
2026-06-26,WMT,2026-07-24,28,114.0,115.69,1.46,put,0.2759,2.09,2.78,2.435,17,252,-0.3894,58.1,2.136,27.84,market
2026-06-26,WMT,2026-07-24,28,115.0,115.69,0.6,put,0.2997,2.53,3.55,3.04,28,336,-0.4365,53.06,2.643,34.46,market
2026-06-26,WMT,2026-07-24,28,116.0,115.69,0.0,put,0.2836,3.0,3.85,3.425,128,141,-0.4785,49.02,2.953,38.49,market
2026-06-26,WMT,2026-07-24,28,117.0,115.69,0.0,put,0.3645,3.45,5.45,4.45,7,116,-0.5092,45.07,3.803,49.58,market
2026-06-26,WMT,2026-07-24,28,118.0,115.69,0.0,put,0.2763,3.95,4.9,4.425,5,197,-0.5675,40.26,3.75,48.88,market
2026-06-26,WMT,2026-07-24,28,119.0,115.69,0.0,put,0.2693,4.55,5.45,5.0,8,114,-0.6139,35.79,4.202,54.77,market
2026-06-26,WMT,2026-07-24,28,120.0,115.69,0.0,put,0.3211,3.6,6.75,5.175,1,69,-0.6269,33.99,4.312,56.22,market
2026-06-26,WMT,2026-07-24,28,121.0,115.69,0.0,put,0.3967,4.7,8.35,6.525,11,13,-0.625,33.42,5.393,70.3,market
2026-06-26,WMT,2026-07-24,28,122.0,115.69,0.0,put,0.3594,5.15,8.6,6.875,102,105,-0.6719,29.3,5.635,73.46,market
2026-06-26,WMT,2026-07-24,28,123.0,115.69,0.0,put,0.3477,6.3,9.2,7.75,2,56,-0.7083,25.96,6.301,82.14,market
2026-06-26,WMT,2026-07-24,28,124.0,115.69,0.0,put,0.3652,7.0,10.15,8.575,1,202,-0.7248,24.25,6.915,90.15,market
2026-06-26,WMT,2026-07-24,28,125.0,115.69,0.0,put,0.3626,7.75,10.9,9.325,2,67,-0.7525,21.69,7.46,97.25,market
2026-06-26,WMT,2026-07-24,28,126.0,115.69,0.0,put,0.4363,9.15,12.45,10.8,2,572,-0.7305,23.11,8.571,111.73,market
2026-06-26,WMT,2026-07-24,28,130.0,115.69,0.0,put,0.5166,12.55,16.45,14.5,10,371,-0.7632,19.5,11.154,145.4,market
2026-06-26,WMT,2026-07-24,28,131.0,115.69,0.0,put,0.5356,13.5,17.45,15.475,0,0,-0.7696,18.78,11.813,153.99,market
2026-06-26,WMT,2026-07-24,28,132.0,115.69,0.0,put,0.5542,14.5,18.45,16.475,4,0,-0.7756,18.12,12.481,162.7,market
2026-06-26,WMT,2026-07-31,35,80.0,115.69,30.85,put,0.8716,0.0,2.15,0.976,0,1,-0.0643,89.43,1.22,12.73,bs_fallback
2026-06-26,WMT,2026-07-31,35,90.0,115.69,22.21,put,0.6494,0.0,2.18,0.984,1,4,-0.0849,87.94,1.094,11.41,bs_fallback
2026-06-26,WMT,2026-07-31,35,100.0,115.69,13.56,put,0.3394,0.0,0.45,0.384,22,26,-0.0688,91.62,0.384,4.01,bs_fallback
2026-06-26,WMT,2026-07-31,35,104.0,115.69,10.1,put,0.3472,0.14,1.04,0.59,3,55,-0.138,83.69,0.567,5.92,market
2026-06-26,WMT,2026-07-31,35,105.0,115.69,9.24,put,0.3181,0.26,0.97,0.615,15,161,-0.1396,83.73,0.586,6.11,market
2026-06-26,WMT,2026-07-31,35,106.0,115.69,8.38,put,0.3096,0.29,1.08,0.685,17,28,-0.1561,81.98,0.646,6.74,market
2026-06-26,WMT,2026-07-31,35,107.0,115.69,7.51,put,0.4367,0.0,2.7,2.475,3,20,-0.2481,70.72,2.314,24.13,bs_fallback
2026-06-26,WMT,2026-07-31,35,108.0,115.69,6.65,put,0.377,0.48,2.3,1.39,2,63,-0.2455,71.63,1.287,13.42,market
2026-06-26,WMT,2026-07-31,35,109.0,115.69,5.78,put,0.2697,0.57,1.35,0.96,16,8049,-0.2083,76.7,0.881,9.18,market
2026-06-26,WMT,2026-07-31,35,110.0,115.69,4.92,put,0.2542,1.04,1.44,1.24,29,180,-0.2293,74.61,1.127,11.76,market
2026-06-26,WMT,2026-07-31,35,111.0,115.69,4.05,put,0.3823,0.72,3.4,2.06,40,9969,-0.3266,62.96,1.856,19.35,market
2026-06-26,WMT,2026-07-31,35,112.0,115.69,3.19,put,0.2485,0.66,2.0,1.33,8,60,-0.3009,67.18,1.188,12.38,market
2026-06-26,WMT,2026-07-31,35,113.0,115.69,2.33,put,0.2744,1.86,2.73,2.295,34,138,-0.3535,61.44,2.031,21.18,market
2026-06-26,WMT,2026-07-31,35,114.0,115.69,1.46,put,0.2703,2.23,3.1,2.665,4,91,-0.3917,57.58,2.338,24.38,market
2026-06-26,WMT,2026-07-31,35,115.0,115.69,0.6,put,0.262,2.7,3.45,3.075,15,154,-0.4312,53.68,2.674,27.89,market
2026-06-26,WMT,2026-07-31,35,116.0,115.69,0.0,put,0.2753,3.05,4.15,3.6,37,58,-0.4731,49.29,3.103,32.36,market
2026-06-26,WMT,2026-07-31,35,117.0,115.69,0.0,put,0.3583,2.08,5.9,3.99,9,22,-0.5011,45.47,3.41,35.56,market
2026-06-26,WMT,2026-07-31,35,118.0,115.69,0.0,put,0.3633,2.57,6.55,4.56,5,52,-0.5306,42.49,3.864,40.3,market
2026-06-26,WMT,2026-07-31,35,120.0,115.69,0.0,put,0.3606,3.9,7.75,5.825,4,151,-0.5905,36.68,4.854,50.62,market
2026-06-26,WMT,2026-07-31,35,121.0,115.69,0.0,put,0.3303,4.75,8.0,6.375,1,5,-0.6333,32.89,5.269,54.94,market
2026-06-26,WMT,2026-07-31,35,122.0,115.69,0.0,put,0.3794,5.35,9.35,7.35,1,19,-0.6378,31.92,6.025,62.83,market
2026-06-26,WMT,2026-07-31,35,123.0,115.69,0.0,put,0.3362,6.65,9.5,8.075,1,1,-0.6881,27.61,6.565,68.46,market
2026-06-26,WMT,2026-07-31,35,124.0,115.69,0.0,put,0.3445,7.5,10.35,8.925,3,4,-0.7095,25.51,7.198,75.06,market
2026-06-26,WMT,2026-07-31,35,125.0,115.69,0.0,put,0.3928,7.9,11.7,9.8,1,136,-0.704,25.54,7.84,81.76,market
2026-06-26,WMT,2026-07-31,35,126.0,115.69,0.0,put,0.4125,8.75,12.7,10.725,4,13,-0.7146,24.36,8.512,88.77,market
2026-06-26,WMT,2026-07-31,35,127.0,115.69,0.0,put,0.3975,9.7,13.3,11.5,4,8,-0.7445,21.76,9.055,94.43,market
2026-06-26,WMT,2026-07-31,35,129.0,115.69,0.0,put,0.4508,11.6,15.5,13.55,1,2,-0.7505,20.74,10.504,109.54,market
2026-06-26,WMT,2026-07-31,35,131.0,115.69,0.0,put,0.4807,13.55,17.45,15.5,9,9,-0.7668,19.02,11.832,123.39,market
2026-06-26,KO,2026-07-17,21,40.0,82.63,51.59,put,2.1104,0.0,2.13,0.955,1,307,-0.0453,88.22,2.389,41.52,bs_fallback
2026-06-26,KO,2026-07-17,21,45.0,82.63,45.54,put,1.8174,0.0,2.13,0.956,1,10,-0.0528,88.15,2.124,36.91,bs_fallback
2026-06-26,KO,2026-07-17,21,47.5,82.63,42.51,put,1.6826,0.0,2.13,0.956,0,0,-0.057,88.04,2.012,34.98,bs_fallback
2026-06-26,KO,2026-07-17,21,50.0,82.63,39.49,put,1.5547,0.0,2.13,0.957,1,26,-0.0616,87.87,1.914,33.27,bs_fallback
2026-06-26,KO,2026-07-17,21,55.0,82.63,33.44,put,0.7109,0.0,0.08,0.031,1,123,-0.0064,98.98,0.056,0.97,bs_fallback
2026-06-26,KO,2026-07-17,21,60.0,82.63,27.39,put,0.6094,0.0,0.12,0.049,1,236,-0.0112,98.37,0.081,1.41,bs_fallback
2026-06-26,KO,2026-07-17,21,65.0,82.63,21.34,put,0.4297,0.0,0.03,0.023,2,1484,-0.008,98.94,0.036,0.62,bs_fallback
2026-06-26,KO,2026-07-17,21,67.5,82.63,18.31,put,0.5049,0.0,0.2,0.167,20,2222,-0.0397,94.88,0.248,4.31,bs_fallback
2026-06-26,KO,2026-07-17,21,70.0,82.63,15.29,put,0.3887,0.01,0.12,0.065,7,6852,-0.0317,96.11,0.093,1.61,market
2026-06-26,KO,2026-07-17,21,72.5,82.63,12.26,put,0.3086,0.05,0.1,0.075,15,2752,-0.0327,96.15,0.103,1.8,market
2026-06-26,KO,2026-07-17,21,75.0,82.63,9.23,put,0.2549,0.07,0.13,0.1,218,5687,-0.0482,94.53,0.133,2.32,market
2026-06-26,KO,2026-07-17,21,77.5,82.63,6.21,put,0.2202,0.18,0.25,0.215,289,5480,-0.0978,89.28,0.277,4.82,market
2026-06-26,KO,2026-07-17,21,80.0,82.63,3.18,put,0.187,0.46,0.53,0.495,372,4787,-0.2097,77.72,0.619,10.75,market
2026-06-26,KO,2026-07-17,21,82.5,82.63,0.16,put,0.1775,1.25,1.37,1.31,68,579,-0.4499,53.32,1.588,27.6,market
2026-06-26,KO,2026-07-17,21,85.0,82.63,0.0,put,0.3228,2.64,4.0,3.32,1,252,-0.6139,35.69,3.906,67.89,market
2026-06-26,KO,2026-07-17,21,87.5,82.63,0.0,put,0.3833,4.6,6.2,5.4,1,2,-0.7073,26.19,6.171,107.27,market
2026-06-26,KO,2026-07-17,21,90.0,82.63,0.0,put,0.5818,5.3,9.45,7.375,10,3,-0.6991,25.42,8.194,142.43,market
2026-06-26,KO,2026-07-17,21,95.0,82.63,0.0,put,0.7461,10.25,14.45,12.35,10,0,-0.7498,19.68,13.0,225.95,market
2026-06-26,KO,2026-07-17,21,110.0,82.63,0.0,put,1.1333,25.25,29.45,27.35,1,1,-0.8175,11.94,24.864,432.15,market
2026-06-26,KO,2026-07-24,28,65.0,82.63,21.34,put,0.769,0.0,2.14,0.974,0,10,-0.1054,85.04,1.499,19.54,bs_fallback
2026-06-26,KO,2026-07-24,28,68.0,82.63,17.71,put,0.4316,0.0,0.21,0.179,9,13,-0.0426,94.55,0.263,3.43,bs_fallback
2026-06-26,KO,2026-07-24,28,69.0,82.63,16.5,put,0.5874,0.0,1.75,0.788,7,10,-0.1126,85.32,1.143,14.89,bs_fallback
2026-06-26,KO,2026-07-24,28,70.0,82.63,15.29,put,0.4043,0.0,0.28,0.24,2,2,-0.058,92.78,0.343,4.47,bs_fallback
2026-06-26,KO,2026-07-24,28,72.0,82.63,12.86,put,0.5859,0.0,1.44,1.317,104,57,-0.1702,78.55,1.83,23.85,bs_fallback
2026-06-26,KO,2026-07-24,28,73.0,82.63,11.65,put,0.3135,0.03,0.25,0.14,1,69,-0.0649,92.33,0.192,2.5,market
2026-06-26,KO,2026-07-24,28,74.0,82.63,10.44,put,0.6274,0.01,2.24,1.125,1,136,-0.2285,71.56,1.52,19.82,market
2026-06-26,KO,2026-07-24,28,75.0,82.63,9.23,put,0.273,0.14,0.3,0.22,1,278,-0.0853,90.22,0.293,3.82,market
2026-06-26,KO,2026-07-24,28,76.0,82.63,8.02,put,0.2564,0.01,0.35,0.18,3,192,-0.1025,88.42,0.237,3.09,market
2026-06-26,KO,2026-07-24,28,77.0,82.63,6.81,put,0.2412,0.18,0.42,0.3,19,95,-0.1257,86.0,0.39,5.08,market
2026-06-26,KO,2026-07-24,28,78.0,82.63,5.6,put,0.2178,0.2,0.46,0.33,26,314,-0.1469,83.88,0.423,5.52,market
2026-06-26,KO,2026-07-24,28,79.0,82.63,4.39,put,0.2029,0.41,0.57,0.49,3,436,-0.1852,79.94,0.62,8.09,market
2026-06-26,KO,2026-07-24,28,80.0,82.63,3.18,put,0.1914,0.59,0.74,0.665,98,552,-0.2392,74.41,0.831,10.84,market
2026-06-26,KO,2026-07-24,28,81.0,82.63,1.97,put,0.1885,0.85,1.04,0.945,3,47,-0.3152,66.6,1.167,15.21,market
2026-06-26,KO,2026-07-24,28,82.0,82.63,0.76,put,0.1834,1.19,1.4,1.295,51,3,-0.4007,57.96,1.579,20.59,market
2026-06-26,KO,2026-07-24,28,83.0,82.63,0.0,put,0.1782,1.63,1.85,1.74,8,9,-0.4953,48.5,2.096,27.33,market
2026-06-26,KO,2026-07-24,28,84.0,82.63,0.0,put,0.1914,2.16,2.56,2.36,1,11,-0.5837,39.58,2.81,36.62,market
2026-06-26,KO,2026-07-24,28,85.0,82.63,0.0,put,0.3148,2.5,4.3,3.4,1,6,-0.5936,37.3,4.0,52.14,market
2026-06-26,KO,2026-07-24,28,89.0,82.63,0.0,put,0.4688,5.8,8.4,7.1,0,0,-0.6835,27.18,7.978,103.99,market
2026-06-26,KO,2026-07-24,28,90.0,82.63,0.0,put,0.4033,6.9,8.65,7.775,0,0,-0.75,21.58,8.639,112.61,market
2026-06-26,KO,2026-07-24,28,91.0,82.63,0.0,put,0.5371,7.6,10.45,9.025,0,0,-0.7083,24.28,9.918,129.28,market
2026-06-26,KO,2026-07-24,28,92.0,82.63,0.0,put,0.5667,7.25,11.45,9.35,0,0,-0.7195,23.01,10.163,132.48,market
2026-06-26,KO,2026-07-31,35,70.0,82.63,15.29,put,0.4248,0.0,0.52,0.456,4,109,-0.0864,89.1,0.652,6.8,bs_fallback
2026-06-26,KO,2026-07-31,35,71.0,82.63,14.07,put,0.4019,0.0,0.54,0.473,20,62,-0.0935,88.4,0.666,6.95,bs_fallback
2026-06-26,KO,2026-07-31,35,73.0,82.63,11.65,put,0.6052,0.01,2.28,1.145,1,1,-0.2176,72.34,1.568,16.36,market
2026-06-26,KO,2026-07-31,35,74.0,82.63,10.44,put,0.3977,0.06,1.01,0.535,2,113,-0.1596,80.87,0.723,7.54,market
2026-06-26,KO,2026-07-31,35,75.0,82.63,9.23,put,0.262,0.24,0.38,0.31,3688,114,-0.0978,88.74,0.413,4.31,market
2026-06-26,KO,2026-07-31,35,76.0,82.63,8.02,put,0.2576,0.15,0.5,0.325,9,113,-0.1254,85.74,0.428,4.46,market
2026-06-26,KO,2026-07-31,35,77.0,82.63,6.81,put,0.2529,0.29,0.65,0.47,459,1159,-0.1583,82.2,0.61,6.37,market
2026-06-26,KO,2026-07-31,35,78.0,82.63,5.6,put,0.2422,0.5,0.79,0.645,44,100,-0.1921,78.68,0.827,8.62,market
2026-06-26,KO,2026-07-31,35,79.0,82.63,4.39,put,0.242,0.52,1.05,0.785,24,35,-0.2416,73.44,0.994,10.36,market
2026-06-26,KO,2026-07-31,35,80.0,82.63,3.18,put,0.2432,0.9,1.38,1.14,19,67,-0.2978,67.57,1.425,14.86,market
2026-06-26,KO,2026-07-31,35,81.0,82.63,1.97,put,0.2361,1.05,1.69,1.37,3,55,-0.354,61.85,1.691,17.64,market
2026-06-26,KO,2026-07-31,35,83.0,82.63,0.0,put,0.3386,1.84,3.7,2.77,6,1,-0.4779,48.03,3.337,34.8,market
2026-06-26,KO,2026-07-31,35,84.0,82.63,0.0,put,0.2402,2.38,3.25,2.815,3,1,-0.5475,42.32,3.351,34.95,market
2026-06-26,PEP,2026-07-17,21,95.0,141.39,32.81,put,0.793,0.0,0.34,0.14,5,23,-0.0139,97.78,0.147,2.55,bs_fallback
2026-06-26,PEP,2026-07-17,21,100.0,141.39,29.27,put,0.625,0.0,0.15,0.06,2,41,-0.0081,98.79,0.06,1.04,bs_fallback
2026-06-26,PEP,2026-07-17,21,105.0,141.39,25.74,put,0.6748,0.0,0.58,0.243,1,10,-0.0264,96.21,0.232,4.03,bs_fallback
2026-06-26,PEP,2026-07-17,21,110.0,141.39,22.2,put,0.4902,0.01,0.1,0.055,10,87,-0.0133,98.22,0.05,0.87,market
2026-06-26,PEP,2026-07-17,21,115.0,141.39,18.66,put,0.542,0.0,0.44,0.374,1,172,-0.0468,93.9,0.325,5.65,bs_fallback
2026-06-26,PEP,2026-07-17,21,120.0,141.39,15.13,put,0.3828,0.05,0.2,0.125,14,479,-0.0312,96.18,0.104,1.81,market
2026-06-26,PEP,2026-07-17,21,125.0,141.39,11.59,put,0.3608,0.2,0.44,0.32,26,1993,-0.0668,92.12,0.256,4.45,market
2026-06-26,PEP,2026-07-17,21,130.0,141.39,8.06,put,0.3411,0.6,0.94,0.77,111,3983,-0.1351,84.63,0.592,10.29,market
2026-06-26,PEP,2026-07-17,21,135.0,141.39,4.52,put,0.2929,1.38,1.56,1.47,122,2024,-0.2313,74.67,1.089,18.93,market
2026-06-26,PEP,2026-07-17,21,140.0,141.39,0.98,put,0.2908,3.05,3.35,3.2,260,4798,-0.4138,55.88,2.286,39.73,market
2026-06-26,PEP,2026-07-17,21,145.0,141.39,0.0,put,0.2844,5.75,6.05,5.9,94,2909,-0.6153,35.89,4.069,70.72,market
2026-06-26,PEP,2026-07-17,21,150.0,141.39,0.0,put,0.3008,9.05,9.9,9.475,337,2758,-0.7714,20.74,6.317,109.79,market
2026-06-26,PEP,2026-07-17,21,155.0,141.39,0.0,put,0.3809,13.35,14.8,14.075,340,1069,-0.8235,15.38,9.081,157.83,market
2026-06-26,PEP,2026-07-17,21,160.0,141.39,0.0,put,0.4858,17.65,20.0,18.825,4,683,-0.836,13.68,11.766,204.5,market
2026-06-26,PEP,2026-07-17,21,165.0,141.39,0.0,put,0.5559,22.35,24.95,23.65,46,28,-0.8577,11.45,14.333,249.13,market
2026-06-26,PEP,2026-07-17,21,170.0,141.39,0.0,put,0.6265,27.4,29.95,28.675,15,10,-0.8712,9.99,16.868,293.18,market
2026-06-26,PEP,2026-07-17,21,175.0,141.39,0.0,put,0.6931,32.4,34.95,33.675,2,0,-0.8815,8.87,19.243,334.46,market
2026-06-26,PEP,2026-07-17,21,180.0,141.39,0.0,put,0.0,24.1,27.0,25.55,8,4,-1.0,0.0,14.194,246.71,market
2026-06-26,PEP,2026-07-17,21,185.0,141.39,0.0,put,0.5391,41.75,45.8,43.775,1,0,-0.9768,1.69,23.662,411.27,market
2026-06-26,PEP,2026-07-17,21,190.0,141.39,0.0,put,0.5684,46.75,50.75,48.75,0,0,-0.9812,1.34,25.658,445.96,market
2026-06-26,PEP,2026-07-17,21,195.0,141.39,0.0,put,0.5215,52.35,54.95,53.65,1,0,-0.9935,0.45,27.513,478.2,market
2026-06-26,PEP,2026-07-24,28,90.0,141.39,36.35,put,1.0869,0.0,2.13,0.956,0,100,-0.0481,91.35,1.062,13.85,bs_fallback
2026-06-26,PEP,2026-07-24,28,95.0,141.39,32.81,put,0.9648,0.0,2.0,0.895,10,10,-0.0509,91.45,0.942,12.28,bs_fallback
2026-06-26,PEP,2026-07-24,28,115.0,141.39,18.66,put,0.5015,0.0,1.15,0.5,86,53,-0.0565,92.59,0.435,5.66,bs_fallback
2026-06-26,PEP,2026-07-24,28,120.0,141.39,15.13,put,0.3906,0.05,0.43,0.24,6,75,-0.0542,93.29,0.2,2.61,market
2026-06-26,PEP,2026-07-24,28,125.0,141.39,11.59,put,0.3479,0.22,0.65,0.435,21,475,-0.0859,89.8,0.348,4.54,market
2026-06-26,PEP,2026-07-24,28,130.0,141.39,8.06,put,0.3447,0.0,1.41,1.25,6,203,-0.1666,80.84,0.962,12.54,bs_fallback
2026-06-26,PEP,2026-07-24,28,135.0,141.39,4.52,put,0.3019,1.59,2.17,1.88,16,168,-0.2608,71.13,1.393,18.15,market
2026-06-26,PEP,2026-07-24,28,140.0,141.39,0.98,put,0.2693,3.25,3.6,3.425,14,139,-0.4125,55.83,2.446,31.89,market
2026-06-26,PEP,2026-07-24,28,145.0,141.39,0.0,put,0.2937,5.95,6.75,6.35,16,46,-0.5879,38.08,4.379,57.09,market
2026-06-26,PEP,2026-07-24,28,150.0,141.39,0.0,put,0.3584,8.75,11.15,9.95,71,13,-0.694,27.21,6.633,86.47,market
2026-06-26,PEP,2026-07-24,28,155.0,141.39,0.0,put,0.3906,13.15,15.45,14.3,6,0,-0.7763,19.27,9.226,120.26,market
2026-06-26,PEP,2026-07-24,28,160.0,141.39,0.0,put,0.4478,17.45,20.25,18.85,2,1,-0.817,15.19,11.781,153.58,market
2026-06-26,PEP,2026-07-24,28,165.0,141.39,0.0,put,0.5649,22.1,25.75,23.925,1,0,-0.8117,14.9,14.5,189.02,market
2026-06-26,PEP,2026-07-24,28,175.0,141.39,0.0,put,0.6936,31.75,35.75,33.75,0,0,-0.8399,11.78,19.286,251.4,market
2026-06-26,PEP,2026-07-24,28,185.0,141.39,0.0,put,0.8024,41.65,45.7,43.675,1,0,-0.8602,9.62,23.608,307.75,market
2026-06-26,PEP,2026-07-24,28,195.0,141.39,0.0,put,0.9058,51.65,55.7,53.675,1,0,-0.873,8.2,27.526,358.82,market
2026-06-26,PEP,2026-07-31,35,90.0,141.39,36.35,put,0.9561,0.0,1.95,0.88,0,100,-0.0455,91.83,0.977,10.19,bs_fallback
2026-06-26,PEP,2026-07-31,35,115.0,141.39,18.66,put,0.5378,0.0,1.15,1.027,1,53,-0.0881,88.22,0.893,9.31,bs_fallback
2026-06-26,PEP,2026-07-31,35,120.0,141.39,15.13,put,0.4356,0.07,1.0,0.535,11,109,-0.0936,88.19,0.446,4.65,market
2026-06-26,PEP,2026-07-31,35,125.0,141.39,11.59,put,0.3408,0.24,0.88,0.56,3,48,-0.1028,87.7,0.448,4.67,market
2026-06-26,PEP,2026-07-31,35,130.0,141.39,8.06,put,0.322,0.76,1.56,1.16,6,313,-0.1736,79.97,0.892,9.31,market
2026-06-26,PEP,2026-07-31,35,135.0,141.39,4.52,put,0.2929,1.54,2.5,2.02,31,159,-0.2715,69.76,1.496,15.6,market
2026-06-26,PEP,2026-07-31,35,140.0,141.39,0.98,put,0.2932,3.55,4.5,4.025,19,600,-0.418,54.63,2.875,29.98,market
2026-06-26,PEP,2026-07-31,35,145.0,141.39,0.0,put,0.2637,5.8,6.75,6.275,3,175,-0.5829,38.56,4.328,45.13,market
2026-06-26,PEP,2026-07-31,35,150.0,141.39,0.0,put,0.2748,9.0,10.45,9.725,71,174,-0.7244,24.8,6.483,67.61,market
2026-06-26,PEP,2026-07-31,35,160.0,141.39,0.0,put,0.4429,17.4,20.75,19.075,2,2,-0.7876,17.48,11.922,124.33,market
2026-06-26,PEP,2026-07-31,35,170.0,141.39,0.0,put,0.5667,27.35,30.75,29.05,1,0,-0.8251,13.34,17.088,178.21,market
2026-06-26,PEP,2026-07-31,35,175.0,141.39,0.0,put,0.5687,32.35,35.2,33.775,1,0,-0.8634,10.17,19.3,201.27,market
2026-06-26,PEP,2026-07-31,35,180.0,141.39,0.0,put,0.6752,36.65,40.75,38.7,6,0,-0.8479,10.82,21.5,224.21,market
2026-06-26,PEP,2026-07-31,35,185.0,141.39,0.0,put,0.6836,42.3,45.35,43.825,1,0,-0.8732,8.8,23.689,247.04,market
2026-06-26,PEP,2026-07-31,35,190.0,141.39,0.0,put,0.7676,46.75,50.7,48.725,1,0,-0.8652,8.98,25.645,267.44,market
2026-06-26,PEP,2026-07-31,35,195.0,141.39,0.0,put,0.813,51.75,55.7,53.725,0,0,-0.8712,8.32,27.551,287.32,market
2026-06-26,PEP,2026-07-31,35,200.0,141.39,0.0,put,0.8562,56.65,60.7,58.675,0,0,-0.8764,7.74,29.337,305.95,market
2026-06-26,MCD,2026-07-17,21,160.0,269.76,40.69,put,1.2317,0.0,2.13,0.917,2,6,-0.0271,94.85,0.573,9.97,bs_fallback
2026-06-26,MCD,2026-07-17,21,170.0,269.76,36.98,put,1.1079,0.0,2.13,0.917,1,1,-0.03,94.69,0.539,9.37,bs_fallback
2026-06-26,MCD,2026-07-17,21,195.0,269.76,27.71,put,0.8242,0.0,2.13,0.917,2,2,-0.0396,94.03,0.471,8.18,bs_fallback
2026-06-26,MCD,2026-07-17,21,200.0,269.76,25.86,put,0.6323,0.0,0.74,0.305,4,12,-0.0193,97.23,0.152,2.65,bs_fallback
2026-06-26,MCD,2026-07-17,21,205.0,269.76,24.01,put,0.5962,0.0,0.81,0.334,6,6,-0.0221,96.91,0.163,2.83,bs_fallback
2026-06-26,MCD,2026-07-17,21,210.0,269.76,22.15,put,0.5171,0.0,0.55,0.223,5,25,-0.0177,97.62,0.106,1.85,bs_fallback
2026-06-26,MCD,2026-07-17,21,215.0,269.76,20.3,put,0.5015,0.0,0.38,0.311,2,19,-0.0244,96.79,0.145,2.51,bs_fallback
2026-06-26,MCD,2026-07-17,21,220.0,269.76,18.45,put,0.5,0.0,0.6,0.502,1,26,-0.0372,95.2,0.228,3.97,bs_fallback
2026-06-26,MCD,2026-07-17,21,225.0,269.76,16.59,put,0.4255,0.0,0.43,0.353,60,168,-0.0317,96.03,0.157,2.73,bs_fallback
2026-06-26,MCD,2026-07-17,21,230.0,269.76,14.74,put,0.4019,0.0,0.55,0.455,2,102,-0.0416,94.91,0.198,3.44,bs_fallback
2026-06-26,MCD,2026-07-17,21,235.0,269.76,12.89,put,0.3003,0.0,0.22,0.173,15,94,-0.0232,97.25,0.074,1.28,bs_fallback
2026-06-26,MCD,2026-07-17,21,240.0,269.76,11.03,put,0.293,0.05,0.4,0.225,27,229,-0.041,95.25,0.094,1.63,market
2026-06-26,MCD,2026-07-17,21,245.0,269.76,9.18,put,0.2749,0.06,0.6,0.33,171,221,-0.0622,92.93,0.135,2.34,market
2026-06-26,MCD,2026-07-17,21,250.0,269.76,7.33,put,0.2345,0.3,0.65,0.475,424,668,-0.0761,91.55,0.19,3.3,market
2026-06-26,MCD,2026-07-17,21,255.0,269.76,5.47,put,0.2201,0.67,1.09,0.88,88,533,-0.1258,86.3,0.345,6.0,market
2026-06-26,MCD,2026-07-17,21,260.0,269.76,3.62,put,0.2034,1.48,1.77,1.625,128,1384,-0.2008,78.52,0.625,10.86,market
2026-06-26,MCD,2026-07-17,21,265.0,269.76,1.76,put,0.1961,2.77,3.1,2.935,102,2121,-0.3216,66.14,1.108,19.25,market
2026-06-26,MCD,2026-07-17,21,270.0,269.76,0.0,put,0.2055,4.75,5.55,5.15,39,1305,-0.4741,50.63,1.907,33.15,market
2026-06-26,MCD,2026-07-17,21,275.0,269.76,0.0,put,0.2057,7.15,8.5,7.825,35,944,-0.6206,36.08,2.845,49.46,market
2026-06-26,MCD,2026-07-17,21,280.0,269.76,0.0,put,0.2249,10.45,12.5,11.475,83,1896,-0.7292,25.32,4.098,71.23,market
2026-06-26,MCD,2026-07-17,21,285.0,269.76,0.0,put,0.2108,14.7,16.3,15.5,43,1028,-0.8425,14.57,5.439,94.53,market
2026-06-26,MCD,2026-07-17,21,290.0,269.76,0.0,put,0.2505,18.85,21.25,20.05,9,203,-0.87,11.78,6.914,120.17,market
2026-06-26,MCD,2026-07-17,21,295.0,269.76,0.0,put,0.306,24.2,26.45,25.325,49,109,-0.8734,11.2,8.585,149.21,market
2026-06-26,MCD,2026-07-17,21,300.0,269.76,0.0,put,0.3853,28.75,32.0,30.375,43,33,-0.8582,12.2,10.125,175.98,market
2026-06-26,MCD,2026-07-17,21,305.0,269.76,0.0,put,0.3911,33.6,36.55,35.075,10,7,-0.8909,9.26,11.5,199.88,market
2026-06-26,MCD,2026-07-17,21,310.0,269.76,0.0,put,0.4277,38.6,41.55,40.075,10,5,-0.899,8.4,12.927,224.69,market
2026-06-26,MCD,2026-07-17,21,315.0,269.76,0.0,put,0.4629,43.4,46.55,44.975,1,0,-0.9057,7.69,14.278,248.16,market
2026-06-26,MCD,2026-07-17,21,320.0,269.76,0.0,put,0.4968,48.5,51.55,50.025,1,0,-0.9114,7.1,15.633,271.71,market
2026-06-26,MCD,2026-07-17,21,325.0,269.76,0.0,put,0.5149,53.35,56.4,54.875,4,0,-0.9227,6.1,16.885,293.47,market
2026-06-26,MCD,2026-07-17,21,330.0,269.76,0.0,put,0.5408,58.45,61.35,59.9,10,5,-0.9288,5.52,18.152,315.49,market
2026-06-26,MCD,2026-07-17,21,335.0,269.76,0.0,put,0.5874,63.3,66.5,64.9,9,0,-0.926,5.62,19.373,336.72,market
2026-06-26,MCD,2026-07-17,21,340.0,269.76,0.0,put,0.6226,68.4,71.55,69.975,0,0,-0.9273,5.42,20.581,357.72,market
2026-06-26,MCD,2026-07-17,21,345.0,269.76,0.0,put,0.6521,73.8,76.55,75.175,6,0,-0.9301,5.13,21.79,378.73,market
2026-06-26,MCD,2026-07-17,21,355.0,269.76,0.0,put,0.7085,83.3,86.55,84.925,0,0,-0.935,4.61,23.923,415.8,market
2026-06-26,MCD,2026-07-17,21,360.0,269.76,0.0,put,0.7473,88.3,91.65,89.975,1,0,-0.9337,4.61,24.993,434.4,market
2026-06-26,MCD,2026-07-17,21,375.0,269.76,0.0,put,0.0,95.6,99.45,97.525,0,0,-1.0,0.0,26.007,452.02,market
2026-06-26,MCD,2026-07-24,28,205.0,269.76,24.01,put,0.6272,0.0,2.15,0.94,4,4,-0.0456,93.52,0.458,5.98,bs_fallback
2026-06-26,MCD,2026-07-24,28,210.0,269.76,22.15,put,0.5828,0.0,2.16,0.942,2,2,-0.0489,93.25,0.449,5.85,bs_fallback
2026-06-26,MCD,2026-07-24,28,215.0,269.76,20.3,put,0.5388,0.0,2.17,0.944,6,6,-0.0525,92.94,0.439,5.72,bs_fallback
2026-06-26,MCD,2026-07-24,28,220.0,269.76,18.45,put,0.5933,0.02,2.19,1.105,4,7,-0.0891,88.14,0.502,6.55,market
2026-06-26,MCD,2026-07-24,28,225.0,269.76,16.59,put,0.386,0.0,0.53,0.443,4,159,-0.037,95.35,0.197,2.57,bs_fallback
2026-06-26,MCD,2026-07-24,28,230.0,269.76,14.74,put,0.3809,0.0,0.81,0.688,1,87,-0.0547,93.26,0.299,3.9,bs_fallback
2026-06-26,MCD,2026-07-24,28,235.0,269.76,12.89,put,0.3881,0.02,1.36,0.69,1,158,-0.0849,89.71,0.294,3.83,market
2026-06-26,MCD,2026-07-24,28,240.0,269.76,11.03,put,0.3377,0.0,1.28,1.101,6,116,-0.0905,89.33,0.459,5.98,bs_fallback
2026-06-26,MCD,2026-07-24,28,245.0,269.76,9.18,put,0.2747,0.01,1.02,0.515,18,100,-0.0879,89.94,0.21,2.74,market
2026-06-26,MCD,2026-07-24,28,250.0,269.76,7.33,put,0.2369,0.43,1.1,0.765,6,176,-0.1056,88.19,0.306,3.99,market
2026-06-26,MCD,2026-07-24,28,255.0,269.76,5.47,put,0.23,0.97,1.81,1.39,9,53,-0.1647,81.9,0.545,7.11,market
2026-06-26,MCD,2026-07-24,28,260.0,269.76,3.62,put,0.2101,2.04,2.55,2.295,16,145,-0.2332,74.86,0.883,11.51,market
2026-06-26,MCD,2026-07-24,28,265.0,269.76,1.76,put,0.199,3.5,3.9,3.7,25,67,-0.3372,64.25,1.396,18.2,market
2026-06-26,MCD,2026-07-24,28,270.0,269.76,0.0,put,0.1921,5.55,5.95,5.75,3,253,-0.4673,51.15,2.13,27.76,market
2026-06-26,MCD,2026-07-24,28,275.0,269.76,0.0,put,0.1897,8.3,8.8,8.55,1,225,-0.6052,37.47,3.109,40.53,market
2026-06-26,MCD,2026-07-24,28,280.0,269.76,0.0,put,0.2331,10.7,13.45,12.075,3,196,-0.6863,29.12,4.312,56.22,market
2026-06-26,MCD,2026-07-24,28,285.0,269.76,0.0,put,0.238,14.8,17.4,16.1,1,58,-0.7711,20.94,5.649,73.64,market
2026-06-26,MCD,2026-07-24,28,290.0,269.76,0.0,put,0.2501,18.8,21.8,20.3,13,73,-0.83,15.3,7.0,91.25,market
2026-06-26,MCD,2026-07-24,28,295.0,269.76,0.0,put,0.2849,23.9,26.75,25.325,2,1,-0.8521,13.04,8.585,111.91,market
2026-06-26,MCD,2026-07-24,28,300.0,269.76,0.0,put,0.3267,28.3,31.85,30.075,1,1,-0.8614,11.96,10.025,130.68,market
2026-06-26,MCD,2026-07-24,28,305.0,269.76,0.0,put,0.3608,33.3,36.85,35.075,0,0,-0.8729,10.75,11.5,149.91,market
2026-06-26,MCD,2026-07-24,28,315.0,269.76,0.0,put,0.4146,43.3,46.7,45.0,1,0,-0.8961,8.47,14.286,186.22,market
2026-06-26,MCD,2026-07-24,28,345.0,269.76,0.0,put,0.5773,73.3,76.65,74.975,0,0,-0.9243,5.54,21.732,283.29,market
2026-06-26,MCD,2026-07-31,35,170.0,269.76,36.98,put,0.8662,0.0,2.13,0.945,0,1,-0.0305,94.58,0.556,5.8,bs_fallback
2026-06-26,MCD,2026-07-31,35,180.0,269.76,33.27,put,0.7744,0.0,2.13,0.942,0,1,-0.0339,94.38,0.524,5.46,bs_fallback
2026-06-26,MCD,2026-07-31,35,190.0,269.76,29.57,put,0.6868,0.0,2.13,0.939,0,1,-0.0378,94.11,0.494,5.15,bs_fallback
2026-06-26,MCD,2026-07-31,35,200.0,269.76,25.86,put,0.6033,0.0,2.14,0.94,0,1,-0.0426,93.75,0.47,4.9,bs_fallback
2026-06-26,MCD,2026-07-31,35,225.0,269.76,16.59,put,0.3947,0.0,0.97,0.832,10,17,-0.0565,92.82,0.37,3.86,bs_fallback
2026-06-26,MCD,2026-07-31,35,230.0,269.76,14.74,put,0.3601,0.07,1.01,0.54,10,5,-0.0632,92.18,0.235,2.45,market
2026-06-26,MCD,2026-07-31,35,235.0,269.76,12.89,put,0.3539,0.0,1.44,1.245,5,2,-0.0873,89.39,0.53,5.53,bs_fallback
2026-06-26,MCD,2026-07-31,35,240.0,269.76,11.03,put,0.301,0.09,1.25,0.67,4,8,-0.0882,89.59,0.279,2.91,market
2026-06-26,MCD,2026-07-31,35,245.0,269.76,9.18,put,0.2675,0.34,1.35,0.845,15,39,-0.1035,88.08,0.345,3.6,market
2026-06-26,MCD,2026-07-31,35,250.0,269.76,7.33,put,0.248,0.73,1.76,1.245,2,140,-0.1375,84.49,0.498,5.19,market
2026-06-26,MCD,2026-07-31,35,255.0,269.76,5.47,put,0.2316,1.48,2.4,1.94,16,261,-0.1874,79.27,0.761,7.93,market
2026-06-26,MCD,2026-07-31,35,260.0,269.76,3.62,put,0.2361,2.26,3.9,3.08,17,348,-0.2722,70.3,1.185,12.35,market
2026-06-26,MCD,2026-07-31,35,265.0,269.76,1.76,put,0.2314,3.9,5.6,4.75,10,147,-0.3627,61.01,1.792,18.69,market
2026-06-26,MCD,2026-07-31,35,270.0,269.76,0.0,put,0.2376,5.75,8.15,6.95,33,216,-0.4642,50.65,2.574,26.84,market
2026-06-26,MCD,2026-07-31,35,275.0,269.76,0.0,put,0.2135,8.2,10.2,9.2,6,295,-0.5735,40.07,3.345,34.89,market
2026-06-26,MCD,2026-07-31,35,280.0,269.76,0.0,put,0.2327,11.4,14.15,12.775,3,46,-0.6607,31.33,4.562,47.58,market
2026-06-26,MCD,2026-07-31,35,285.0,269.76,0.0,put,0.2313,15.1,17.85,16.475,80,16,-0.7468,23.08,5.781,60.28,market
2026-06-26,MCD,2026-07-31,35,290.0,269.76,0.0,put,0.243,19.4,22.2,20.8,81,57,-0.8051,17.48,7.172,74.8,market
2026-06-26,MCD,2026-07-31,35,295.0,269.76,0.0,put,0.2635,23.7,26.9,25.3,2,2,-0.8405,14.05,8.576,89.44,market
2026-06-26,MCD,2026-07-31,35,300.0,269.76,0.0,put,0.2876,28.75,31.75,30.25,1,0,-0.8632,11.83,10.083,105.15,market
2026-06-26,MCD,2026-07-31,35,305.0,269.76,0.0,put,0.3324,33.3,37.0,35.15,2,0,-0.8632,11.55,11.525,120.19,market
2026-06-26,MCD,2026-07-31,35,315.0,269.76,0.0,put,0.4087,43.3,47.3,45.3,2,0,-0.8695,10.56,14.381,149.97,market
2026-06-26,NKE,2026-07-17,21,22.5,40.75,44.79,put,1.1953,0.0,0.14,0.059,1,53,-0.013,97.37,0.26,4.52,bs_fallback
2026-06-26,NKE,2026-07-17,21,25.0,40.75,38.65,put,1.1016,0.0,0.24,0.103,11,24,-0.0232,95.8,0.41,7.13,bs_fallback
2026-06-26,NKE,2026-07-17,21,27.5,40.75,32.52,put,0.9531,0.0,0.3,0.128,5,160,-0.0324,94.72,0.467,8.11,bs_fallback
2026-06-26,NKE,2026-07-17,21,30.0,40.75,26.38,put,0.6602,0.02,0.11,0.065,21,1927,-0.0211,96.95,0.217,3.77,market
2026-06-26,NKE,2026-07-17,21,32.5,40.75,20.25,put,0.6309,0.02,0.34,0.18,34,810,-0.056,92.48,0.554,9.63,market
2026-06-26,NKE,2026-07-17,21,35.0,40.75,14.11,put,0.5195,0.2,0.35,0.275,81,3828,-0.0958,88.13,0.786,13.66,market
2026-06-26,NKE,2026-07-17,21,37.5,40.75,7.98,put,0.5381,0.8,0.86,0.83,91,9604,-0.2325,72.63,2.213,38.47,market
2026-06-26,NKE,2026-07-17,21,40.0,40.75,1.84,put,0.5283,1.69,1.78,1.735,479,15292,-0.408,54.22,4.338,75.39,market
2026-06-26,NKE,2026-07-17,21,42.5,40.75,0.0,put,0.5313,3.05,3.25,3.15,77,12081,-0.5963,35.53,7.412,128.82,market
2026-06-26,NKE,2026-07-17,21,45.0,40.75,0.0,put,0.5254,4.7,5.2,4.95,25,12898,-0.7585,20.4,11.0,191.19,market
2026-06-26,NKE,2026-07-17,21,47.5,40.75,0.0,put,0.6577,6.8,8.0,7.4,8,3748,-0.8091,15.1,15.579,270.78,market
2026-06-26,NKE,2026-07-17,21,50.0,40.75,0.0,put,0.6553,9.05,10.15,9.6,131,4903,-0.8858,8.66,19.2,333.71,market
2026-06-26,NKE,2026-07-17,21,52.5,40.75,0.0,put,0.582,11.1,12.6,11.85,5,660,-0.9577,3.12,22.571,392.31,market
2026-06-26,NKE,2026-07-17,21,55.0,40.75,0.0,put,0.6914,13.65,15.1,14.375,5,4281,-0.9562,3.05,26.136,454.27,market
2026-06-26,NKE,2026-07-17,21,57.5,40.75,0.0,put,0.8223,15.75,18.1,16.925,123,929,-0.9487,3.36,29.435,511.6,market
2026-06-26,NKE,2026-07-17,21,60.0,40.75,0.0,put,1.0195,18.8,20.35,19.575,186,146,-0.9262,4.53,32.625,567.05,market
2026-06-26,NKE,2026-07-17,21,62.5,40.75,0.0,put,1.2109,20.5,24.0,22.25,50,22,-0.9061,5.39,35.6,618.76,market
2026-06-26,NKE,2026-07-17,21,65.0,40.75,0.0,put,1.2891,23.0,26.5,24.75,216,58,-0.9109,4.89,38.077,661.81,market
2026-06-26,NKE,2026-07-17,21,67.5,40.75,0.0,put,1.2441,25.15,29.0,27.075,6,5,-0.9373,3.36,40.111,697.17,market
2026-06-26,NKE,2026-07-17,21,70.0,40.75,0.0,put,0.0,25.8,27.55,26.675,1,1,-1.0,0.0,38.107,662.34,market
2026-06-26,NKE,2026-07-17,21,72.5,40.75,0.0,put,1.5625,29.0,32.35,30.675,1,1,-0.9102,4.3,42.31,735.39,market
2026-06-26,NKE,2026-07-17,21,75.0,40.75,0.0,put,1.3672,32.7,36.3,34.5,1,0,-0.9542,2.19,46.0,799.52,market
2026-06-26,NKE,2026-07-17,21,80.0,40.75,0.0,put,0.0,0.0,0.0,39.02,6,0,-1.0,0.0,48.775,847.76,bs_fallback
2026-06-26,NKE,2026-07-17,21,85.0,40.75,0.0,put,1.4551,42.5,46.3,44.4,1,0,-0.9728,1.15,52.235,907.9,market
2026-06-26,NKE,2026-07-17,21,90.0,40.75,0.0,put,1.8564,48.0,51.4,49.7,30,0,-0.9395,2.3,55.222,959.81,market
2026-06-26,NKE,2026-07-17,21,95.0,40.75,0.0,put,0.0,46.95,51.05,49.0,1,0,-1.0,0.0,51.579,896.49,market
2026-06-26,NKE,2026-07-17,21,100.0,40.75,0.0,put,2.2188,58.6,61.3,59.95,3,0,-0.9215,2.57,59.95,1041.99,market
2026-06-26,NKE,2026-07-24,28,30.0,40.75,26.38,put,0.748,0.0,0.48,0.213,50,51,-0.0548,91.82,0.709,9.24,bs_fallback
2026-06-26,NKE,2026-07-24,28,33.0,40.75,19.02,put,0.5264,0.0,0.38,0.166,4,54,-0.061,91.93,0.503,6.55,bs_fallback
2026-06-26,NKE,2026-07-24,28,34.0,40.75,16.56,put,0.5205,0.0,0.57,0.252,1,129,-0.0877,88.7,0.743,9.68,bs_fallback
2026-06-26,NKE,2026-07-24,28,35.0,40.75,14.11,put,0.5088,0.3,0.4,0.35,482,188,-0.1196,84.99,1.0,13.04,market
2026-06-26,NKE,2026-07-24,28,36.0,40.75,11.66,put,0.5059,0.48,0.58,0.53,237,63,-0.163,80.01,1.472,19.19,market
2026-06-26,NKE,2026-07-24,28,37.0,40.75,9.2,put,0.5269,0.69,1.1,0.895,66,211,-0.2234,73.07,2.419,31.53,market
2026-06-26,NKE,2026-07-24,28,38.0,40.75,6.75,put,0.5249,1.0,1.2,1.1,4,195,-0.2811,66.8,2.895,37.73,market
2026-06-26,NKE,2026-07-24,28,39.0,40.75,4.29,put,0.4995,1.38,1.47,1.425,58,80,-0.3394,60.87,3.654,47.63,market
2026-06-26,NKE,2026-07-24,28,40.0,40.75,1.84,put,0.4971,1.8,1.9,1.85,113,474,-0.4084,53.74,4.625,60.29,market
2026-06-26,NKE,2026-07-24,28,41.0,40.75,0.0,put,0.5166,2.28,2.5,2.39,26,124,-0.4778,46.51,5.829,75.99,market
2026-06-26,NKE,2026-07-24,28,42.0,40.75,0.0,put,0.5327,2.7,3.15,2.925,2,54,-0.5418,40.03,6.964,90.78,market
2026-06-26,NKE,2026-07-24,28,43.0,40.75,0.0,put,0.5122,3.4,4.0,3.7,15,86,-0.6106,33.62,8.605,112.17,market
2026-06-26,NKE,2026-07-24,28,44.0,40.75,0.0,put,0.5186,4.1,4.75,4.425,2,77,-0.6685,28.12,10.057,131.1,market
2026-06-26,NKE,2026-07-24,28,45.0,40.75,0.0,put,0.5117,4.8,5.5,5.15,13,421,-0.7264,22.85,11.444,149.19,market
2026-06-26,NKE,2026-07-24,28,46.0,40.75,0.0,put,0.5552,5.6,6.6,6.1,30,1375,-0.7537,20.04,13.261,172.86,market
2026-06-26,NKE,2026-07-24,28,48.0,40.75,0.0,put,0.7715,6.75,8.5,7.625,2,19,-0.7394,19.62,15.885,207.08,market
2026-06-26,NKE,2026-07-24,28,49.0,40.75,0.0,put,0.6343,8.15,9.6,8.875,10,12,-0.8263,13.23,18.112,236.11,market
2026-06-26,NKE,2026-07-24,28,50.0,40.75,0.0,put,0.7681,8.25,10.15,9.2,16,135,-0.7988,14.69,18.4,239.86,market
2026-06-26,NKE,2026-07-24,28,51.0,40.75,0.0,put,0.5156,9.15,11.7,10.425,45,2,-0.9296,5.31,20.441,266.47,market
2026-06-26,NKE,2026-07-24,28,55.0,40.75,0.0,put,0.6035,13.1,15.65,14.375,15,52,-0.9542,3.18,26.136,340.71,market
2026-06-26,NKE,2026-07-24,28,60.0,40.75,0.0,put,1.4248,17.25,21.0,19.125,1,0,-0.7803,12.14,31.875,415.51,market
2026-06-26,NKE,2026-07-24,28,65.0,40.75,0.0,put,1.0684,23.0,26.3,24.65,5,0,-0.9218,4.34,37.923,494.35,market
2026-06-26,NKE,2026-07-31,35,30.0,40.75,26.38,put,0.7236,0.0,0.65,0.293,91,94,-0.0668,89.9,0.976,10.18,bs_fallback
2026-06-26,NKE,2026-07-31,35,34.0,40.75,16.56,put,0.5107,0.0,0.77,0.346,128,141,-0.1048,86.35,1.017,10.61,bs_fallback
2026-06-26,NKE,2026-07-31,35,35.0,40.75,14.11,put,0.4922,0.21,0.5,0.355,31,81,-0.1344,82.98,1.014,10.58,market
2026-06-26,NKE,2026-07-31,35,38.0,40.75,6.75,put,0.5205,1.01,1.42,1.215,74,112,-0.2933,64.9,3.197,33.34,market
2026-06-26,NKE,2026-07-31,35,39.0,40.75,4.29,put,0.4839,1.44,1.64,1.54,14,92,-0.3446,59.87,3.949,41.18,market
2026-06-26,NKE,2026-07-31,35,40.0,40.75,1.84,put,0.4741,1.85,2.04,1.945,44,202,-0.408,53.42,4.862,50.71,market
2026-06-26,NKE,2026-07-31,35,41.0,40.75,0.0,put,0.4932,2.14,2.65,2.395,62,64,-0.473,46.61,5.841,60.92,market
2026-06-26,NKE,2026-07-31,35,42.0,40.75,0.0,put,0.5176,2.51,3.35,2.93,6,132,-0.5313,40.57,6.976,72.75,market
2026-06-26,NKE,2026-07-31,35,43.0,40.75,0.0,put,0.541,3.15,4.1,3.625,52,55,-0.5825,35.35,8.43,87.92,market
2026-06-26,NKE,2026-07-31,35,44.0,40.75,0.0,put,0.5347,4.1,4.75,4.425,37,44,-0.6375,30.25,10.057,104.88,market
2026-06-26,NKE,2026-07-31,35,45.0,40.75,0.0,put,0.605,4.4,5.8,5.1,15,151,-0.6592,27.5,11.333,118.19,market
2026-06-26,NKE,2026-07-31,35,46.0,40.75,0.0,put,0.5703,5.7,6.4,6.05,21,1332,-0.7159,22.74,13.152,137.16,market
2026-06-26,NKE,2026-07-31,35,47.0,40.75,0.0,put,0.6323,5.55,7.45,6.5,0,1,-0.7279,21.12,13.83,144.22,market
2026-06-26,NKE,2026-07-31,35,48.0,40.75,0.0,put,0.5059,7.3,8.3,7.8,10,13,-0.8255,13.72,16.25,169.46,market
2026-06-26,NKE,2026-07-31,35,49.0,40.75,0.0,put,0.6206,7.8,9.05,8.425,2,3,-0.7991,15.14,17.194,179.31,market
2026-06-26,NKE,2026-07-31,35,50.0,40.75,0.0,put,0.5586,8.8,10.65,9.725,1,6,-0.8573,10.72,19.45,202.84,market
2026-06-26,NKE,2026-07-31,35,51.0,40.75,0.0,put,0.8862,9.2,11.75,10.475,0,2,-0.7463,17.43,20.539,214.19,market
2026-06-26,NKE,2026-07-31,35,54.0,40.75,0.0,put,0.5332,12.15,14.65,13.4,0,1,-0.9445,3.93,24.815,258.78,market
2026-06-26,SBUX,2026-07-17,21,45.0,104.6,56.98,put,1.3359,0.0,0.07,0.028,9,14,-0.0025,99.34,0.062,1.08,bs_fallback
2026-06-26,SBUX,2026-07-17,21,50.0,104.6,52.2,put,2.0244,0.0,2.13,0.948,2,3,-0.0385,90.03,1.896,32.95,bs_fallback
2026-06-26,SBUX,2026-07-17,21,55.0,104.6,47.42,put,1.5723,0.0,1.15,0.5,3,48,-0.0287,93.62,0.91,15.81,bs_fallback
2026-06-26,SBUX,2026-07-17,21,60.0,104.6,42.64,put,1.0957,0.0,0.3,0.124,2,59,-0.012,97.69,0.207,3.6,bs_fallback
2026-06-26,SBUX,2026-07-17,21,65.0,104.6,37.86,put,0.6875,0.0,0.02,0.007,3,107,-0.0014,99.76,0.011,0.19,bs_fallback
2026-06-26,SBUX,2026-07-17,21,70.0,104.6,33.08,put,0.6328,0.01,0.03,0.02,2,1249,-0.0031,99.52,0.029,0.5,market
2026-06-26,SBUX,2026-07-17,21,75.0,104.6,28.3,put,0.7422,0.0,0.43,0.181,51,787,-0.0242,96.37,0.241,4.18,bs_fallback
2026-06-26,SBUX,2026-07-17,21,80.0,104.6,23.52,put,0.5137,0.0,0.07,0.055,11,1667,-0.0119,98.37,0.069,1.2,bs_fallback
2026-06-26,SBUX,2026-07-17,21,85.0,104.6,18.74,put,0.4121,0.02,0.07,0.045,8,2054,-0.0147,98.12,0.053,0.92,market
2026-06-26,SBUX,2026-07-17,21,90.0,104.6,13.96,put,0.3613,0.08,0.16,0.12,4,5114,-0.0351,95.77,0.133,2.32,market
2026-06-26,SBUX,2026-07-17,21,95.0,104.6,9.18,put,0.293,0.21,0.3,0.255,142,4204,-0.0741,91.55,0.268,4.67,market
2026-06-26,SBUX,2026-07-17,21,100.0,104.6,4.4,put,0.2632,0.85,0.95,0.9,291,7744,-0.2149,76.62,0.9,15.64,market
2026-06-26,SBUX,2026-07-17,21,105.0,104.6,0.0,put,0.2774,2.54,3.05,2.795,266,8642,-0.4924,48.11,2.662,46.27,market
2026-06-26,SBUX,2026-07-17,21,110.0,104.6,0.0,put,0.3225,5.45,6.75,6.1,3,945,-0.7173,25.71,5.545,96.39,market
2026-06-26,SBUX,2026-07-17,21,115.0,104.6,0.0,put,0.5374,9.4,12.4,10.9,1,2,-0.7417,21.84,9.478,164.74,market
2026-06-26,SBUX,2026-07-17,21,120.0,104.6,0.0,put,0.6533,13.7,17.35,15.525,2,2,-0.7822,17.45,12.937,224.87,market
2026-06-26,SBUX,2026-07-17,21,125.0,104.6,0.0,put,0.6812,19.6,21.8,20.7,61,0,-0.8392,12.41,16.56,287.83,market
2026-06-26,SBUX,2026-07-17,21,130.0,104.6,0.0,put,1.0015,26.7,30.0,28.35,41,0,-0.7802,15.55,21.808,379.04,market
2026-06-26,SBUX,2026-07-17,21,135.0,104.6,0.0,put,1.8446,38.65,41.15,39.9,1,0,-0.6364,21.44,29.556,513.7,market
2026-06-26,SBUX,2026-07-17,21,145.0,104.6,0.0,put,1.2778,41.75,44.95,43.35,1,0,-0.8167,11.33,29.897,519.63,market
2026-06-26,SBUX,2026-07-24,28,70.0,104.6,33.08,put,1.064,0.0,2.13,0.965,2,7,-0.0638,89.04,1.379,17.98,bs_fallback
2026-06-26,SBUX,2026-07-24,28,75.0,104.6,28.3,put,0.917,0.0,2.13,0.964,1,19,-0.0733,88.45,1.285,16.75,bs_fallback
2026-06-26,SBUX,2026-07-24,28,80.0,104.6,23.52,put,0.7791,0.0,2.15,0.971,9,4,-0.0856,87.54,1.214,15.83,bs_fallback
2026-06-26,SBUX,2026-07-24,28,85.0,104.6,18.74,put,0.6301,0.0,2.0,0.899,0,28,-0.0971,86.94,1.057,13.78,bs_fallback
2026-06-26,SBUX,2026-07-24,28,86.0,104.6,17.78,put,0.6218,0.0,2.2,0.992,1,82,-0.1065,85.84,1.153,15.03,bs_fallback
2026-06-26,SBUX,2026-07-24,28,87.0,104.6,16.83,put,0.6062,0.1,2.23,1.165,2,268,-0.1143,84.99,1.339,17.46,market
2026-06-26,SBUX,2026-07-24,28,88.0,104.6,15.87,put,0.5811,0.1,2.25,1.175,1,112,-0.1194,84.55,1.335,17.41,market
2026-06-26,SBUX,2026-07-24,28,89.0,104.6,14.91,put,0.5054,0.0,1.76,0.785,5,410,-0.1054,86.68,0.881,11.49,bs_fallback
2026-06-26,SBUX,2026-07-24,28,90.0,104.6,13.96,put,0.5752,0.0,1.5,1.364,1,659,-0.1475,81.27,1.515,19.75,bs_fallback
2026-06-26,SBUX,2026-07-24,28,91.0,104.6,13.0,put,0.5015,0.0,2.36,1.061,1,522,-0.1357,83.17,1.166,15.2,bs_fallback
2026-06-26,SBUX,2026-07-24,28,92.0,104.6,12.05,put,0.6301,0.0,2.39,2.208,6,9,-0.1991,74.86,2.4,31.28,bs_fallback
2026-06-26,SBUX,2026-07-24,28,93.0,104.6,11.09,put,0.4685,0.0,1.33,1.2,7,351,-0.1586,80.8,1.291,16.82,bs_fallback
2026-06-26,SBUX,2026-07-24,28,94.0,104.6,10.13,put,0.4128,0.0,1.12,1.001,6,160,-0.1526,81.88,1.065,13.88,bs_fallback
2026-06-26,SBUX,2026-07-24,28,95.0,104.6,9.18,put,0.4319,0.19,1.48,0.835,6,21,-0.185,78.14,0.879,11.46,market
2026-06-26,SBUX,2026-07-24,28,96.0,104.6,8.22,put,0.333,0.18,0.92,0.55,2,151,-0.1544,82.27,0.573,7.47,market
2026-06-26,SBUX,2026-07-24,28,97.0,104.6,7.27,put,0.3171,0.33,1.0,0.665,5,15,-0.172,80.47,0.686,8.94,market
2026-06-26,SBUX,2026-07-24,28,98.0,104.6,6.31,put,0.3648,0.33,1.66,0.995,4,425,-0.2316,73.65,1.015,13.24,market
2026-06-26,SBUX,2026-07-24,28,99.0,104.6,5.35,put,0.3323,0.73,1.64,1.185,1,15,-0.2465,72.36,1.197,15.6,market
2026-06-26,SBUX,2026-07-24,28,100.0,104.6,4.4,put,0.2781,0.93,1.41,1.17,10,89,-0.2507,72.41,1.17,15.25,market
2026-06-26,SBUX,2026-07-24,28,101.0,104.6,3.44,put,0.3057,1.4,2.02,1.71,1,16,-0.3081,66.15,1.693,22.07,market
2026-06-26,SBUX,2026-07-24,28,102.0,104.6,2.49,put,0.2705,1.77,2.01,1.89,3,18,-0.3356,63.67,1.853,24.15,market
2026-06-26,SBUX,2026-07-24,28,103.0,104.6,1.53,put,0.4381,1.83,4.35,3.09,3,14,-0.4132,53.9,3.0,39.11,market
2026-06-26,SBUX,2026-07-24,28,105.0,104.6,0.0,put,0.3606,2.74,4.45,3.595,24,24,-0.48,48.02,3.424,44.63,market
2026-06-26,SBUX,2026-07-24,28,106.0,104.6,0.0,put,0.3433,3.5,4.8,4.15,11,2,-0.5207,44.16,3.915,51.04,market
2026-06-26,SBUX,2026-07-24,28,108.0,104.6,0.0,put,0.4158,3.8,6.85,5.325,10,14,-0.5741,38.13,4.931,64.27,market
2026-06-26,SBUX,2026-07-24,28,110.0,104.6,0.0,put,0.4277,5.9,8.3,7.1,0,1,-0.6305,32.57,6.455,84.14,market
2026-06-26,SBUX,2026-07-31,35,70.0,104.6,33.08,put,0.9639,0.0,2.21,1.008,0,1,-0.0654,88.73,1.44,15.02,bs_fallback
2026-06-26,SBUX,2026-07-31,35,75.0,104.6,28.3,put,0.8345,0.0,2.24,1.021,0,1,-0.0756,88.03,1.361,14.19,bs_fallback
2026-06-26,SBUX,2026-07-31,35,80.0,104.6,23.52,put,0.5474,0.0,0.8,0.35,14,13,-0.0451,93.64,0.438,4.56,bs_fallback
2026-06-26,SBUX,2026-07-31,35,85.0,104.6,18.74,put,0.5554,0.0,0.94,0.844,14,25,-0.0934,87.46,0.992,10.35,bs_fallback
2026-06-26,SBUX,2026-07-31,35,87.0,104.6,16.83,put,0.5596,0.0,2.54,1.149,0,0,-0.1195,84.24,1.321,13.78,bs_fallback
2026-06-26,SBUX,2026-07-31,35,89.0,104.6,14.91,put,0.6001,0.34,1.97,1.155,11,12,-0.1616,78.87,1.298,13.53,market
2026-06-26,SBUX,2026-07-31,35,90.0,104.6,13.96,put,0.5034,0.63,1.4,1.015,1,37,-0.1416,82.05,1.128,11.76,market
2026-06-26,SBUX,2026-07-31,35,92.0,104.6,12.05,put,0.4883,0.52,1.69,1.105,1,86,-0.1695,78.96,1.201,12.53,market
2026-06-26,SBUX,2026-07-31,35,93.0,104.6,11.09,put,0.4407,0.59,1.5,1.045,8,234,-0.1673,79.62,1.124,11.72,market
2026-06-26,SBUX,2026-07-31,35,94.0,104.6,10.13,put,0.4297,0.75,1.63,1.19,32,176,-0.1826,78.01,1.266,13.2,market
2026-06-26,SBUX,2026-07-31,35,95.0,104.6,9.18,put,0.3897,1.25,1.5,1.375,198,31,-0.1846,78.15,1.447,15.09,market
2026-06-26,SBUX,2026-07-31,35,96.0,104.6,8.22,put,0.4607,1.05,2.47,1.76,10,118,-0.24,71.35,1.833,19.12,market
2026-06-26,SBUX,2026-07-31,35,97.0,104.6,7.27,put,0.4263,1.5,2.41,1.955,21,117,-0.2502,70.6,2.015,21.02,market
2026-06-26,SBUX,2026-07-31,35,98.0,104.6,6.31,put,0.5449,1.03,4.1,2.565,100,138,-0.3089,62.94,2.617,27.3,market
2026-06-26,SBUX,2026-07-31,35,99.0,104.6,5.35,put,0.4053,2.11,2.84,2.475,103,11,-0.2948,66.05,2.5,26.07,market
2026-06-26,SBUX,2026-07-31,35,100.0,104.6,4.4,put,0.4002,2.38,3.15,2.765,12,5,-0.3215,63.3,2.765,28.84,market
2026-06-26,SBUX,2026-07-31,35,101.0,104.6,3.44,put,0.4607,2.6,4.3,3.45,4,5,-0.363,58.23,3.416,35.62,market
2026-06-26,SBUX,2026-07-31,35,102.0,104.6,2.49,put,0.4492,2.65,4.6,3.625,22,38,-0.3878,55.8,3.554,37.06,market
2026-06-26,SBUX,2026-07-31,35,103.0,104.6,1.53,put,0.4049,3.05,4.5,3.775,13,13,-0.4114,53.92,3.665,38.22,market
2026-06-26,SBUX,2026-07-31,35,105.0,104.6,0.0,put,0.3923,4.1,5.35,4.725,1,48,-0.4726,47.9,4.5,46.93,market
2026-06-26,SBUX,2026-07-31,35,106.0,104.6,0.0,put,0.438,3.75,6.5,5.125,2,2,-0.498,44.81,4.835,50.42,market
2026-06-26,SBUX,2026-07-31,35,108.0,104.6,0.0,put,0.4893,4.85,8.35,6.6,0,1,-0.5413,39.93,6.111,63.73,market
2026-06-26,DIS,2026-07-17,21,55.0,98.79,44.33,put,1.3008,0.0,0.61,0.261,3,14,-0.0206,95.82,0.474,8.24,bs_fallback
2026-06-26,DIS,2026-07-17,21,60.0,98.79,39.27,put,0.9512,0.0,0.21,0.086,3,29,-0.0104,98.14,0.143,2.48,bs_fallback
2026-06-26,DIS,2026-07-17,21,65.0,98.79,34.2,put,1.2813,0.0,2.13,0.952,20,100,-0.0636,88.84,1.465,25.46,bs_fallback
2026-06-26,DIS,2026-07-17,21,70.0,98.79,29.14,put,0.5391,0.0,0.03,0.012,1,694,-0.003,99.56,0.017,0.29,bs_fallback
2026-06-26,DIS,2026-07-17,21,75.0,98.79,24.08,put,0.6523,0.0,0.48,0.202,1,366,-0.0316,95.55,0.269,4.68,bs_fallback
2026-06-26,DIS,2026-07-17,21,80.0,98.79,19.02,put,0.4375,0.0,0.09,0.071,1,505,-0.0183,97.64,0.089,1.55,bs_fallback
2026-06-26,DIS,2026-07-17,21,85.0,98.79,13.96,put,0.3701,0.0,0.17,0.139,29,1960,-0.0383,95.37,0.164,2.85,bs_fallback
2026-06-26,DIS,2026-07-17,21,90.0,98.79,8.9,put,0.3374,0.15,0.51,0.33,130,5961,-0.1098,87.42,0.367,6.37,market
2026-06-26,DIS,2026-07-17,21,95.0,98.79,3.84,put,0.2649,0.88,1.06,0.97,238,4762,-0.2442,73.54,1.021,17.75,market
2026-06-26,DIS,2026-07-17,21,100.0,98.79,0.0,put,0.2932,2.83,3.5,3.165,118,9711,-0.5386,43.35,3.165,55.01,market
2026-06-26,DIS,2026-07-17,21,105.0,98.79,0.0,put,0.4014,6.75,7.85,7.3,45,4578,-0.7106,25.74,6.952,120.84,market
2026-06-26,DIS,2026-07-17,21,110.0,98.79,0.0,put,0.6755,9.85,13.9,11.875,1,755,-0.7138,23.37,10.795,187.64,market
2026-06-26,DIS,2026-07-17,21,115.0,98.79,0.0,put,0.8015,14.9,18.85,16.875,18,712,-0.7515,19.18,14.674,255.05,market
2026-06-26,DIS,2026-07-17,21,120.0,98.79,0.0,put,0.7737,19.85,22.85,21.35,1,468,-0.8263,13.02,17.792,309.24,market
2026-06-26,DIS,2026-07-17,21,125.0,98.79,0.0,put,0.8027,25.2,27.45,26.325,9,9,-0.8667,9.62,21.06,366.04,market
2026-06-26,DIS,2026-07-17,21,130.0,98.79,0.0,put,0.8921,29.85,32.45,31.15,3,3,-0.8775,8.43,23.962,416.47,market
2026-06-26,DIS,2026-07-17,21,135.0,98.79,0.0,put,0.0,24.75,24.85,24.8,1,0,-1.0,0.0,18.37,319.29,market
2026-06-26,DIS,2026-07-17,21,150.0,98.79,0.0,put,0.0,40.3,42.95,41.625,1,0,-1.0,0.0,27.75,482.32,market
2026-06-26,DIS,2026-07-17,21,160.0,98.79,0.0,put,0.0,54.65,57.55,56.1,1,0,-1.0,0.0,35.062,609.42,market
2026-06-26,DIS,2026-07-17,21,165.0,98.79,0.0,put,0.0,51.65,56.4,54.025,1,0,-1.0,0.0,32.742,569.09,market
2026-06-26,DIS,2026-07-24,28,70.0,98.79,29.14,put,0.957,0.0,2.13,0.966,0,1,-0.074,88.13,1.38,17.99,bs_fallback
2026-06-26,DIS,2026-07-24,28,80.0,98.79,19.02,put,0.6025,0.0,1.55,0.691,53,52,-0.0853,88.56,0.864,11.26,bs_fallback
2026-06-26,DIS,2026-07-24,28,85.0,98.79,13.96,put,0.4517,0.0,0.68,0.599,0,1,-0.0977,87.9,0.705,9.19,bs_fallback
2026-06-26,DIS,2026-07-24,28,87.0,98.79,11.93,put,0.5979,0.0,2.03,1.869,2,2,-0.1912,76.05,2.148,28.0,bs_fallback
2026-06-26,DIS,2026-07-24,28,88.0,98.79,10.92,put,0.3814,0.0,0.72,0.633,1,2,-0.1182,85.96,0.72,9.38,bs_fallback
2026-06-26,DIS,2026-07-24,28,89.0,98.79,9.91,put,0.4746,0.0,1.56,1.418,3,35,-0.1871,77.56,1.593,20.77,bs_fallback
2026-06-26,DIS,2026-07-24,28,90.0,98.79,8.9,put,0.3501,0.15,0.86,0.505,2,26,-0.1471,82.95,0.561,7.31,market
2026-06-26,DIS,2026-07-24,28,91.0,98.79,7.89,put,0.3499,0.0,1.06,0.942,100,159,-0.1747,79.92,1.035,13.49,bs_fallback
2026-06-26,DIS,2026-07-24,28,92.0,98.79,6.87,put,0.3543,0.07,1.33,0.7,3,18,-0.2079,76.29,0.761,9.92,market
2026-06-26,DIS,2026-07-24,28,93.0,98.79,5.86,put,0.3037,0.55,1.16,0.855,20,51,-0.2102,76.47,0.919,11.98,market
2026-06-26,DIS,2026-07-24,28,94.0,98.79,4.85,put,0.3386,0.65,1.76,1.205,3,91,-0.2684,69.98,1.282,16.71,market
2026-06-26,DIS,2026-07-24,28,95.0,98.79,3.84,put,0.2983,1.13,1.7,1.415,39,47,-0.2873,68.39,1.489,19.42,market
2026-06-26,DIS,2026-07-24,28,96.0,98.79,2.82,put,0.3196,1.08,2.28,1.68,18,40,-0.3404,62.65,1.75,22.81,market
2026-06-26,DIS,2026-07-24,28,97.0,98.79,1.81,put,0.2997,1.66,2.48,2.07,11,355,-0.379,58.9,2.134,27.82,market
2026-06-26,DIS,2026-07-24,28,98.0,98.79,0.8,put,0.293,2.09,2.86,2.475,4,31,-0.4259,54.21,2.526,32.92,market
2026-06-26,DIS,2026-07-24,28,99.0,98.79,0.0,put,0.3684,2.52,4.2,3.36,3,9,-0.473,48.63,3.394,44.24,market
2026-06-26,DIS,2026-07-24,28,100.0,98.79,0.0,put,0.3279,3.0,4.3,3.65,6,93,-0.5185,44.54,3.65,47.58,market
2026-06-26,DIS,2026-07-24,28,101.0,98.79,0.0,put,0.3241,3.35,4.85,4.1,5,15,-0.5631,40.18,4.059,52.92,market
2026-06-26,DIS,2026-07-24,28,102.0,98.79,0.0,put,0.4324,2.76,6.65,4.705,2,37,-0.5695,38.4,4.613,60.13,market
2026-06-26,DIS,2026-07-24,28,103.0,98.79,0.0,put,0.4705,3.55,7.7,5.625,5,8,-0.5893,36.09,5.461,71.19,market
2026-06-26,DIS,2026-07-24,28,104.0,98.79,0.0,put,0.4788,4.4,8.45,6.425,1,2,-0.615,33.54,6.178,80.53,market
2026-06-26,DIS,2026-07-24,28,105.0,98.79,0.0,put,0.4163,6.25,8.5,7.375,3,157,-0.6693,29.01,7.024,91.56,market
2026-06-26,DIS,2026-07-24,28,106.0,98.79,0.0,put,0.4541,7.25,9.6,8.425,0,3,-0.6796,27.68,7.948,103.61,market
2026-06-26,DIS,2026-07-24,28,107.0,98.79,0.0,put,0.4706,8.15,10.5,9.325,10,10,-0.6977,25.84,8.715,113.61,market
2026-06-26,DIS,2026-07-24,28,110.0,98.79,0.0,put,0.4951,10.7,13.05,11.875,5,15,-0.754,20.49,10.795,140.73,market
2026-06-26,DIS,2026-07-31,35,88.0,98.79,10.92,put,0.501,0.0,1.97,1.805,2,5,-0.1965,75.77,2.051,21.39,bs_fallback
2026-06-26,DIS,2026-07-31,35,89.0,98.79,9.91,put,0.516,0.0,2.38,2.193,20,21,-0.2227,72.68,2.464,25.7,bs_fallback
2026-06-26,DIS,2026-07-31,35,90.0,98.79,8.9,put,0.3447,0.15,1.1,0.625,2,97,-0.1657,80.63,0.694,7.24,market
2026-06-26,DIS,2026-07-31,35,91.0,98.79,7.89,put,0.3972,0.0,1.81,1.642,2,5,-0.2212,74.06,1.804,18.81,bs_fallback
2026-06-26,DIS,2026-07-31,35,92.0,98.79,6.87,put,0.4817,0.32,2.98,1.65,3,11,-0.2796,66.82,1.793,18.7,market
2026-06-26,DIS,2026-07-31,35,93.0,98.79,5.86,put,0.3772,0.58,2.21,1.395,5,17,-0.2688,69.14,1.5,15.64,market
2026-06-26,DIS,2026-07-31,35,94.0,98.79,4.85,put,0.3143,0.54,1.87,1.205,2,74,-0.2714,69.54,1.282,13.37,market
2026-06-26,DIS,2026-07-31,35,95.0,98.79,3.84,put,0.2825,1.25,1.86,1.555,13,36,-0.2926,67.66,1.637,17.07,market
2026-06-26,DIS,2026-07-31,35,96.0,98.79,2.82,put,0.2998,1.5,2.43,1.965,4,23,-0.3421,62.32,2.047,21.35,market
2026-06-26,DIS,2026-07-31,35,97.0,98.79,1.81,put,0.2908,1.81,2.74,2.275,1,175,-0.3816,58.37,2.345,24.46,market
2026-06-26,DIS,2026-07-31,35,98.0,98.79,0.8,put,0.2988,2.08,3.3,2.69,2,22,-0.4267,53.68,2.745,28.63,market
2026-06-26,DIS,2026-07-31,35,99.0,98.79,0.0,put,0.3185,2.8,4.05,3.425,2,4,-0.4696,49.11,3.46,36.08,market
2026-06-26,DIS,2026-07-31,35,100.0,98.79,0.0,put,0.2861,3.45,4.2,3.825,17,33,-0.5155,44.92,3.825,39.89,market
2026-06-26,DIS,2026-07-31,35,101.0,98.79,0.0,put,0.3032,3.7,5.0,4.35,1,13,-0.5547,40.85,4.307,44.92,market
2026-06-26,DIS,2026-07-31,35,102.0,98.79,0.0,put,0.4334,3.05,7.2,5.125,11,77,-0.5539,39.37,5.025,52.4,market
2026-06-26,DIS,2026-07-31,35,103.0,98.79,0.0,put,0.439,3.8,7.9,5.85,1,1,-0.5807,36.7,5.68,59.23,market
2026-06-26,DIS,2026-07-31,35,105.0,98.79,0.0,put,0.431,5.8,9.15,7.475,3,26,-0.6384,31.29,7.119,74.24,market
2026-06-26,DIS,2026-07-31,35,106.0,98.79,0.0,put,0.4211,7.3,9.75,8.525,1,2,-0.6694,28.48,8.042,83.87,market
2026-06-26,DIS,2026-07-31,35,120.0,98.79,0.0,put,0.7192,19.85,23.85,21.85,1,7,-0.7705,16.77,18.208,189.89,market
2026-06-26,HD,2026-07-17,21,210.0,348.86,39.8,put,1.1455,0.0,2.13,0.909,25,68,-0.023,95.73,0.433,7.52,bs_fallback
2026-06-26,HD,2026-07-17,21,215.0,348.86,38.37,put,1.0991,0.0,2.13,0.908,1,81,-0.0239,95.68,0.422,7.34,bs_fallback
2026-06-26,HD,2026-07-17,21,220.0,348.86,36.94,put,1.0542,0.0,2.13,0.909,1,85,-0.0249,95.62,0.413,7.18,bs_fallback
2026-06-26,HD,2026-07-17,21,225.0,348.86,35.5,put,1.0098,0.0,2.13,0.909,50,91,-0.026,95.56,0.404,7.02,bs_fallback
2026-06-26,HD,2026-07-17,21,230.0,348.86,34.07,put,0.8486,0.0,1.0,0.413,12,72,-0.0153,97.49,0.18,3.12,bs_fallback
2026-06-26,HD,2026-07-17,21,235.0,348.86,32.64,put,0.6348,0.01,0.15,0.08,1,70,-0.0036,99.44,0.034,0.59,market
2026-06-26,HD,2026-07-17,21,240.0,348.86,31.2,put,0.8818,0.0,2.13,0.909,1,317,-0.0295,95.31,0.379,6.58,bs_fallback
2026-06-26,HD,2026-07-17,21,245.0,348.86,29.77,put,0.8403,0.0,2.13,0.907,20,168,-0.0309,95.22,0.37,6.44,bs_fallback
2026-06-26,HD,2026-07-17,21,250.0,348.86,28.34,put,0.8005,0.0,2.14,0.912,45,183,-0.0324,95.1,0.365,6.34,bs_fallback
2026-06-26,HD,2026-07-17,21,255.0,348.86,26.9,put,0.5557,0.0,0.3,0.117,11,561,-0.0074,98.95,0.046,0.8,bs_fallback
2026-06-26,HD,2026-07-17,21,260.0,348.86,25.47,put,0.5527,0.0,0.44,0.174,2408,2501,-0.0106,98.51,0.067,1.16,bs_fallback
2026-06-26,HD,2026-07-17,21,265.0,348.86,24.04,put,0.5708,0.0,0.8,0.326,42,251,-0.018,97.5,0.123,2.14,bs_fallback
2026-06-26,HD,2026-07-17,21,270.0,348.86,22.61,put,0.4688,0.0,0.16,0.124,1,296,-0.0091,98.77,0.046,0.8,bs_fallback
2026-06-26,HD,2026-07-17,21,275.0,348.86,21.17,put,0.4395,0.0,0.16,0.125,57,576,-0.0097,98.72,0.045,0.79,bs_fallback
2026-06-26,HD,2026-07-17,21,280.0,348.86,19.74,put,0.4968,0.0,0.54,0.445,57,602,-0.0269,96.48,0.159,2.76,bs_fallback
2026-06-26,HD,2026-07-17,21,285.0,348.86,18.31,put,0.4692,0.0,0.58,0.478,11,379,-0.0302,96.13,0.168,2.92,bs_fallback
2026-06-26,HD,2026-07-17,21,290.0,348.86,16.87,put,0.4053,0.0,0.39,0.315,875,1448,-0.0239,97.01,0.109,1.89,bs_fallback
2026-06-26,HD,2026-07-17,21,295.0,348.86,15.44,put,0.4124,0.14,0.66,0.4,51,718,-0.038,95.3,0.136,2.36,market
2026-06-26,HD,2026-07-17,21,300.0,348.86,14.01,put,0.3962,0.25,0.82,0.535,43,1030,-0.0479,94.18,0.178,3.1,market
2026-06-26,HD,2026-07-17,21,305.0,348.86,12.57,put,0.3479,0.3,0.69,0.495,10,627,-0.0459,94.55,0.162,2.82,market
2026-06-26,HD,2026-07-17,21,310.0,348.86,11.14,put,0.3247,0.5,0.8,0.65,8,655,-0.0557,93.5,0.21,3.64,market
2026-06-26,HD,2026-07-17,21,315.0,348.86,9.71,put,0.3076,0.4,1.02,0.71,288,687,-0.0722,91.71,0.225,3.92,market
2026-06-26,HD,2026-07-17,21,320.0,348.86,8.27,put,0.2964,1.1,1.4,1.25,451,742,-0.0984,88.87,0.391,6.79,market
2026-06-26,HD,2026-07-17,21,325.0,348.86,6.84,put,0.3038,1.5,2.3,1.9,18,210,-0.1473,83.52,0.585,10.16,market
2026-06-26,HD,2026-07-17,21,330.0,348.86,5.41,put,0.2891,1.97,2.98,2.475,99,1155,-0.19,79.06,0.75,13.04,market
2026-06-26,HD,2026-07-17,21,335.0,348.86,3.97,put,0.2861,3.15,4.2,3.675,20,265,-0.2524,72.52,1.097,19.07,market
2026-06-26,HD,2026-07-17,21,340.0,348.86,2.54,put,0.2699,4.4,5.35,4.875,30,419,-0.3177,65.89,1.434,24.92,market
2026-06-26,HD,2026-07-17,21,345.0,348.86,1.11,put,0.3111,5.1,8.75,6.925,2,85,-0.411,55.98,2.007,34.89,market
2026-06-26,HD,2026-07-17,21,350.0,348.86,0.0,put,0.3046,7.8,11.0,9.4,6,169,-0.4875,48.33,2.686,46.68,market
2026-06-26,HD,2026-07-17,21,355.0,348.86,0.0,put,0.2971,10.6,13.6,12.1,1,19,-0.567,40.51,3.408,59.24,market
2026-06-26,HD,2026-07-17,21,360.0,348.86,0.0,put,0.2932,13.75,16.7,15.225,1,51,-0.6446,32.95,4.229,73.51,market
2026-06-26,HD,2026-07-17,21,365.0,348.86,0.0,put,0.2924,17.2,20.25,18.725,4,35,-0.7153,26.14,5.13,89.17,market
2026-06-26,HD,2026-07-17,21,370.0,348.86,0.0,put,0.3087,21.15,24.55,22.85,10,39,-0.7638,21.4,6.176,107.34,market
2026-06-26,HD,2026-07-17,21,375.0,348.86,0.0,put,1.4394,63.15,66.6,64.875,1,1,-0.5113,35.44,17.3,300.69,market
2026-06-26,HD,2026-07-17,21,380.0,348.86,0.0,put,0.3399,30.1,33.55,31.825,1,0,-0.8347,14.59,8.375,145.57,market
2026-06-26,HD,2026-07-17,21,385.0,348.86,0.0,put,0.3604,35.0,38.3,36.65,0,0,-0.8563,12.5,9.519,165.46,market
2026-06-26,HD,2026-07-17,21,390.0,348.86,0.0,put,0.4178,39.9,43.8,41.85,1,0,-0.8493,12.84,10.731,186.51,market
2026-06-26,HD,2026-07-17,21,400.0,348.86,0.0,put,0.4658,49.7,53.55,51.625,5,0,-0.8734,10.48,12.906,224.32,market
2026-06-26,HD,2026-07-17,21,415.0,348.86,0.0,put,0.5503,64.8,68.55,66.675,1,0,-0.8902,8.7,16.066,279.25,market
2026-06-26,HD,2026-07-17,21,420.0,348.86,0.0,put,0.5863,69.8,73.7,71.75,21,0,-0.8904,8.54,17.083,296.92,market
2026-06-26,HD,2026-07-17,21,425.0,348.86,0.0,put,0.603,74.7,78.55,76.625,6,0,-0.8984,7.82,18.029,313.37,market
2026-06-26,HD,2026-07-24,28,220.0,348.86,36.94,put,0.918,0.0,2.13,0.928,2,2,-0.0253,95.56,0.422,5.5,bs_fallback
2026-06-26,HD,2026-07-24,28,235.0,348.86,32.64,put,0.8044,0.0,2.13,0.927,4,5,-0.0286,95.34,0.394,5.14,bs_fallback
2026-06-26,HD,2026-07-24,28,240.0,348.86,31.2,put,0.7681,0.0,2.13,0.927,2,247,-0.0299,95.25,0.386,5.03,bs_fallback
2026-06-26,HD,2026-07-24,28,245.0,348.86,29.77,put,0.7319,0.0,2.13,0.925,0,39,-0.0312,95.16,0.377,4.92,bs_fallback
2026-06-26,HD,2026-07-24,28,250.0,348.86,28.34,put,0.6653,0.0,1.67,0.718,2,122,-0.0273,95.88,0.287,3.74,bs_fallback
2026-06-26,HD,2026-07-24,28,255.0,348.86,26.9,put,0.6626,0.0,2.14,0.928,0,1,-0.0343,94.92,0.364,4.75,bs_fallback
2026-06-26,HD,2026-07-24,28,260.0,348.86,25.47,put,0.6282,0.0,2.14,0.927,3,3,-0.036,94.79,0.356,4.65,bs_fallback
2026-06-26,HD,2026-07-24,28,270.0,348.86,22.61,put,0.5625,0.0,2.17,0.938,2,1,-0.0403,94.42,0.347,4.53,bs_fallback
2026-06-26,HD,2026-07-24,28,275.0,348.86,21.17,put,0.5303,0.0,2.19,0.944,2,7,-0.0428,94.21,0.343,4.48,bs_fallback
2026-06-26,HD,2026-07-24,28,280.0,348.86,19.74,put,0.4107,0.0,0.4,0.329,1,31,-0.0215,97.19,0.117,1.53,bs_fallback
2026-06-26,HD,2026-07-24,28,285.0,348.86,18.31,put,0.3904,0.05,0.45,0.25,1,32,-0.025,96.79,0.088,1.14,market
2026-06-26,HD,2026-07-24,28,290.0,348.86,16.87,put,0.3755,0.0,0.55,0.455,12,24,-0.031,96.09,0.157,2.04,bs_fallback
2026-06-26,HD,2026-07-24,28,295.0,348.86,15.44,put,0.3923,0.14,1.0,0.57,7,56,-0.0513,93.63,0.193,2.52,market
2026-06-26,HD,2026-07-24,28,300.0,348.86,14.01,put,0.3337,0.0,0.7,0.581,7,45,-0.0427,94.82,0.194,2.53,bs_fallback
2026-06-26,HD,2026-07-24,28,305.0,348.86,12.57,put,0.337,0.22,1.1,0.66,51,50,-0.0634,92.42,0.216,2.82,market
2026-06-26,HD,2026-07-24,28,310.0,348.86,11.14,put,0.4076,0.54,2.98,1.76,7,41,-0.1279,84.7,0.568,7.4,market
2026-06-26,HD,2026-07-24,28,315.0,348.86,9.71,put,0.3131,0.41,1.79,1.1,2,621,-0.103,88.06,0.349,4.55,market
2026-06-26,HD,2026-07-24,28,320.0,348.86,8.27,put,0.3204,1.48,2.73,2.105,8,133,-0.1445,83.44,0.658,8.58,market
2026-06-26,HD,2026-07-24,28,325.0,348.86,6.84,put,0.2824,2.15,2.74,2.445,18,32,-0.1601,82.01,0.752,9.81,market
2026-06-26,HD,2026-07-24,28,330.0,348.86,5.41,put,0.2682,2.98,3.45,3.215,12,62,-0.2013,77.72,0.974,12.7,market
2026-06-26,HD,2026-07-24,28,335.0,348.86,3.97,put,0.2644,4.15,4.7,4.425,7,80,-0.2603,71.54,1.321,17.22,market
2026-06-26,HD,2026-07-24,28,340.0,348.86,2.54,put,0.275,5.65,6.8,6.225,4,24,-0.335,63.68,1.831,23.87,market
2026-06-26,HD,2026-07-24,28,345.0,348.86,1.11,put,0.2567,7.5,8.2,7.85,4,123,-0.4029,56.94,2.275,29.66,market
2026-06-26,HD,2026-07-24,28,350.0,348.86,0.0,put,0.2538,9.8,10.55,10.175,20,1,-0.4827,48.92,2.907,37.9,market
2026-06-26,HD,2026-07-24,28,355.0,348.86,0.0,put,0.2692,11.7,14.0,12.85,10,1,-0.5577,41.3,3.62,47.19,market
2026-06-26,HD,2026-07-24,28,360.0,348.86,0.0,put,0.276,14.9,17.45,16.175,3,1,-0.6266,34.49,4.493,58.57,market
2026-06-26,HD,2026-07-24,28,370.0,348.86,0.0,put,0.2902,22.65,25.2,23.925,0,1,-0.7402,23.44,6.466,84.29,market
2026-06-26,HD,2026-07-24,28,380.0,348.86,0.0,put,0.3021,30.65,33.7,32.175,4,0,-0.8249,15.44,8.467,110.37,market
2026-06-26,HD,2026-07-24,28,390.0,348.86,0.0,put,0.3413,39.9,43.3,41.6,2,0,-0.8625,11.78,10.667,139.05,market
2026-06-26,HD,2026-07-24,28,400.0,348.86,0.0,put,0.413,49.7,53.7,51.7,4,0,-0.8655,11.13,12.925,168.49,market
2026-06-26,HD,2026-07-31,35,240.0,348.86,31.2,put,0.6904,0.0,2.15,0.941,1,248,-0.0301,95.2,0.392,4.09,bs_fallback
2026-06-26,HD,2026-07-31,35,245.0,348.86,29.77,put,0.6472,0.0,1.97,0.858,0,39,-0.0295,95.42,0.35,3.65,bs_fallback
2026-06-26,HD,2026-07-31,35,250.0,348.86,28.34,put,0.6104,0.02,1.86,0.94,40,120,-0.0299,95.49,0.376,3.92,market
2026-06-26,HD,2026-07-31,35,255.0,348.86,26.9,put,0.5967,0.0,2.18,0.949,0,1,-0.0348,94.84,0.372,3.88,bs_fallback
2026-06-26,HD,2026-07-31,35,260.0,348.86,25.47,put,0.5679,0.0,2.22,0.966,3,3,-0.037,94.64,0.371,3.87,bs_fallback
2026-06-26,HD,2026-07-31,35,265.0,348.86,24.04,put,0.5696,0.0,1.46,1.281,1,1,-0.047,93.29,0.484,5.04,bs_fallback
2026-06-26,HD,2026-07-31,35,275.0,348.86,21.17,put,0.4094,0.0,0.5,0.417,1,31,-0.024,96.79,0.152,1.58,bs_fallback
2026-06-26,HD,2026-07-31,35,285.0,348.86,18.31,put,0.4476,0.0,1.49,1.296,4,32,-0.0591,92.28,0.455,4.74,bs_fallback
2026-06-26,HD,2026-07-31,35,290.0,348.86,16.87,put,0.4277,0.44,1.65,1.045,6,25,-0.0671,91.39,0.36,3.76,market
2026-06-26,HD,2026-07-31,35,295.0,348.86,15.44,put,0.4595,0.0,2.8,2.487,1,15,-0.0997,87.31,0.843,8.79,bs_fallback
2026-06-26,HD,2026-07-31,35,300.0,348.86,14.01,put,0.342,0.75,1.26,1.005,6,51,-0.0639,92.17,0.335,3.49,market
2026-06-26,HD,2026-07-31,35,305.0,348.86,12.57,put,0.3761,0.73,2.45,1.59,2,61,-0.1051,87.21,0.521,5.44,market
2026-06-26,HD,2026-07-31,35,310.0,348.86,11.14,put,0.3409,0.59,2.4,1.495,4,255,-0.1118,86.68,0.482,5.03,market
2026-06-26,HD,2026-07-31,35,315.0,348.86,9.71,put,0.3513,1.6,3.5,2.55,5,180,-0.1498,82.34,0.81,8.44,market
2026-06-26,HD,2026-07-31,35,320.0,348.86,8.27,put,0.3293,1.72,3.9,2.81,10,43,-0.1724,80.03,0.878,9.16,market
2026-06-26,HD,2026-07-31,35,325.0,348.86,6.84,put,0.3126,2.25,4.55,3.4,1,2,-0.2033,76.82,1.046,10.91,market
2026-06-26,HD,2026-07-31,35,330.0,348.86,5.41,put,0.2922,3.4,5.2,4.3,9,189,-0.2381,73.3,1.303,13.59,market
2026-06-26,HD,2026-07-31,35,335.0,348.86,3.97,put,0.281,4.3,6.35,5.325,1,104,-0.2862,68.35,1.59,16.58,market
2026-06-26,HD,2026-07-31,35,340.0,348.86,2.54,put,0.2785,5.9,8.1,7.0,5,20,-0.3457,62.2,2.059,21.47,market
2026-06-26,HD,2026-07-31,35,345.0,348.86,1.11,put,0.2816,7.4,10.4,8.9,1,3,-0.4105,55.53,2.58,26.9,market
2026-06-26,HD,2026-07-31,35,350.0,348.86,0.0,put,0.2793,9.65,12.8,11.225,2,2,-0.4757,48.98,3.207,33.45,market
2026-06-26,TGT,2026-07-17,21,45.0,140.39,67.95,put,1.7813,0.0,0.1,0.039,1,4,-0.002,99.3,0.086,1.5,bs_fallback
2026-06-26,TGT,2026-07-17,21,50.0,140.39,64.38,put,1.625,0.0,0.1,0.039,1,148,-0.0022,99.31,0.078,1.36,bs_fallback
2026-06-26,TGT,2026-07-17,21,55.0,140.39,60.82,put,1.4844,0.0,0.1,0.04,1,68,-0.0024,99.31,0.072,1.25,bs_fallback
2026-06-26,TGT,2026-07-17,21,60.0,140.39,57.26,put,1.3516,0.0,0.1,0.039,1,99,-0.0026,99.32,0.065,1.13,bs_fallback
2026-06-26,TGT,2026-07-17,21,65.0,140.39,53.7,put,1.2344,0.0,0.1,0.04,1,56,-0.0029,99.31,0.061,1.06,bs_fallback
2026-06-26,TGT,2026-07-17,21,70.0,140.39,50.14,put,1.1211,0.0,0.1,0.039,4,113,-0.0031,99.31,0.055,0.96,bs_fallback
2026-06-26,TGT,2026-07-17,21,75.0,140.39,46.58,put,1.0195,0.0,0.1,0.039,1,129,-0.0035,99.29,0.053,0.91,bs_fallback
2026-06-26,TGT,2026-07-17,21,80.0,140.39,43.02,put,0.9219,0.0,0.1,0.039,2,215,-0.0038,99.28,0.049,0.85,bs_fallback
2026-06-26,TGT,2026-07-17,21,85.0,140.39,39.45,put,0.832,0.0,0.1,0.04,1,314,-0.0043,99.24,0.047,0.81,bs_fallback
2026-06-26,TGT,2026-07-17,21,90.0,140.39,35.89,put,0.959,0.0,0.6,0.252,10,664,-0.0197,96.64,0.28,4.87,bs_fallback
2026-06-26,TGT,2026-07-17,21,95.0,140.39,32.33,put,0.6445,0.0,0.08,0.031,2,1005,-0.0044,99.32,0.033,0.57,bs_fallback
2026-06-26,TGT,2026-07-17,21,100.0,140.39,28.77,put,0.6387,0.0,0.2,0.08,3,3463,-0.0104,98.45,0.08,1.4,bs_fallback
2026-06-26,TGT,2026-07-17,21,105.0,140.39,25.21,put,0.5918,0.03,0.27,0.15,2,2017,-0.0163,97.7,0.143,2.48,market
2026-06-26,TGT,2026-07-17,21,110.0,140.39,21.65,put,0.4541,0.0,0.07,0.055,29,2520,-0.0102,98.65,0.05,0.86,bs_fallback
2026-06-26,TGT,2026-07-17,21,115.0,140.39,18.09,put,0.3955,0.05,0.09,0.07,80,3639,-0.0146,98.15,0.061,1.06,market
2026-06-26,TGT,2026-07-17,21,120.0,140.39,14.52,put,0.3623,0.09,0.18,0.135,32,3857,-0.0299,96.37,0.113,1.96,market
2026-06-26,TGT,2026-07-17,21,125.0,140.39,10.96,put,0.3394,0.27,0.41,0.34,100,2642,-0.0665,92.23,0.272,4.73,market
2026-06-26,TGT,2026-07-17,21,130.0,140.39,7.4,put,0.3113,0.6,0.85,0.725,31,2079,-0.1344,84.87,0.558,9.69,market
2026-06-26,TGT,2026-07-17,21,135.0,140.39,3.84,put,0.2874,1.41,1.76,1.585,494,2783,-0.2597,71.74,1.174,20.41,market
2026-06-26,TGT,2026-07-17,21,140.0,140.39,0.28,put,0.2944,3.25,3.85,3.55,42,403,-0.4541,51.79,2.536,44.07,market
2026-06-26,TGT,2026-07-17,21,145.0,140.39,0.0,put,0.3005,6.0,6.9,6.45,3,20,-0.6451,32.84,4.448,77.32,market
2026-06-26,TGT,2026-07-17,21,150.0,140.39,0.0,put,0.3745,9.7,11.45,10.575,7,8,-0.7454,22.66,7.05,122.54,market
2026-06-26,TGT,2026-07-17,21,155.0,140.39,0.0,put,0.4229,13.75,16.0,14.875,19,0,-0.8151,15.9,9.597,166.8,market
2026-06-26,TGT,2026-07-24,28,95.0,140.39,32.33,put,0.8208,0.0,1.0,0.438,0,4,-0.0323,94.75,0.461,6.01,bs_fallback
2026-06-26,TGT,2026-07-24,28,100.0,140.39,28.77,put,0.6914,0.0,0.76,0.329,2,2,-0.0296,95.5,0.329,4.29,bs_fallback
2026-06-26,TGT,2026-07-24,28,105.0,140.39,25.21,put,0.6426,0.0,1.01,0.44,2,4,-0.0407,94.12,0.419,5.46,bs_fallback
2026-06-26,TGT,2026-07-24,28,110.0,140.39,21.65,put,0.5562,0.0,1.0,0.434,3,26,-0.0459,93.72,0.395,5.15,bs_fallback
2026-06-26,TGT,2026-07-24,28,111.0,140.39,20.93,put,0.5669,0.0,1.25,0.546,16,16,-0.0549,92.53,0.492,6.41,bs_fallback
2026-06-26,TGT,2026-07-24,28,112.0,140.39,20.22,put,0.5466,0.0,1.22,0.532,11,11,-0.0556,92.53,0.475,6.2,bs_fallback
2026-06-26,TGT,2026-07-24,28,113.0,140.39,19.51,put,0.5684,0.0,1.63,0.719,8,2,-0.0692,90.73,0.636,8.3,bs_fallback
2026-06-26,TGT,2026-07-24,28,114.0,140.39,18.8,put,0.5889,0.0,1.05,0.935,2,12,-0.0835,88.85,0.82,10.69,bs_fallback
2026-06-26,TGT,2026-07-24,28,115.0,140.39,18.09,put,0.4404,0.0,0.36,0.306,2,23,-0.042,94.58,0.266,3.47,bs_fallback
2026-06-26,TGT,2026-07-24,28,116.0,140.39,17.37,put,0.5606,0.04,1.11,0.575,1,8,-0.0915,88.02,0.496,6.46,market
2026-06-26,TGT,2026-07-24,28,117.0,140.39,16.66,put,0.595,0.0,1.51,1.362,5,4,-0.1128,85.24,1.164,15.17,bs_fallback
2026-06-26,TGT,2026-07-24,28,118.0,140.39,15.95,put,0.5525,0.0,1.33,1.193,2,12,-0.1081,86.08,1.011,13.18,bs_fallback
2026-06-26,TGT,2026-07-24,28,119.0,140.39,15.24,put,0.4548,0.0,0.77,0.674,4,8,-0.0799,89.97,0.567,7.39,bs_fallback
2026-06-26,TGT,2026-07-24,28,120.0,140.39,14.52,put,0.3953,0.1,0.52,0.31,8,24,-0.0638,92.13,0.258,3.37,market
2026-06-26,TGT,2026-07-24,28,121.0,140.39,13.81,put,0.4185,0.01,0.76,0.385,2,7,-0.0848,89.57,0.318,4.15,market
2026-06-26,TGT,2026-07-24,28,122.0,140.39,13.1,put,0.4055,0.01,0.79,0.4,2,4,-0.0901,89.03,0.328,4.27,market
2026-06-26,TGT,2026-07-24,28,123.0,140.39,12.39,put,0.3906,0.01,0.81,0.41,2,16,-0.0948,88.56,0.333,4.35,market
2026-06-26,TGT,2026-07-24,28,124.0,140.39,11.67,put,0.3811,0.05,0.87,0.46,1,12,-0.1029,87.69,0.371,4.84,market
2026-06-26,TGT,2026-07-24,28,125.0,140.39,10.96,put,0.3672,0.04,0.9,0.47,8,418,-0.1093,87.05,0.376,4.9,market
2026-06-26,TGT,2026-07-24,28,126.0,140.39,10.25,put,0.366,0.2,1.04,0.62,1,4,-0.124,85.41,0.492,6.41,market
2026-06-26,TGT,2026-07-24,28,127.0,140.39,9.54,put,0.3584,0.19,1.14,0.665,7,8,-0.1361,84.1,0.524,6.83,market
2026-06-26,TGT,2026-07-24,28,128.0,140.39,8.83,put,0.3499,0.4,1.24,0.82,20,34,-0.1488,82.76,0.641,8.35,market
2026-06-26,TGT,2026-07-24,28,129.0,140.39,8.11,put,0.3444,0.55,1.38,0.965,12,18,-0.1648,81.05,0.748,9.75,market
2026-06-26,TGT,2026-07-24,28,130.0,140.39,7.4,put,0.3419,0.77,1.57,1.17,1,381,-0.1841,78.96,0.9,11.73,market
2026-06-26,TGT,2026-07-24,28,131.0,140.39,6.69,put,0.3186,1.02,1.54,1.28,7,16,-0.1916,78.34,0.977,12.74,market
2026-06-26,TGT,2026-07-24,28,132.0,140.39,5.98,put,0.3279,1.23,1.9,1.565,1,8,-0.2218,75.03,1.186,15.46,market
2026-06-26,TGT,2026-07-24,28,133.0,140.39,5.26,put,0.313,1.16,1.99,1.575,2,52,-0.2384,73.39,1.184,15.44,market
2026-06-26,TGT,2026-07-24,28,134.0,140.39,4.55,put,0.3071,1.41,2.21,1.81,1,134,-0.2626,70.89,1.351,17.61,market
2026-06-26,TGT,2026-07-24,28,135.0,140.39,3.84,put,0.3167,1.93,2.67,2.3,16,69,-0.2967,67.23,1.704,22.21,market
2026-06-26,TGT,2026-07-24,28,136.0,140.39,3.13,put,0.3076,2.21,2.9,2.555,55,11,-0.3226,64.63,1.879,24.49,market
2026-06-26,TGT,2026-07-24,28,137.0,140.39,2.41,put,0.2915,2.59,3.05,2.82,20,11,-0.348,62.17,2.058,26.83,market
2026-06-26,TGT,2026-07-31,35,115.0,140.39,18.09,put,0.4663,0.01,0.74,0.375,2,13,-0.0685,91.03,0.326,3.4,market
2026-06-26,TGT,2026-07-31,35,117.0,140.39,16.66,put,0.5935,0.0,2.07,1.887,4,1,-0.1336,82.27,1.613,16.82,bs_fallback
2026-06-26,TGT,2026-07-31,35,118.0,140.39,15.95,put,0.4119,0.0,0.69,0.6,0,10,-0.0717,90.92,0.508,5.3,bs_fallback
2026-06-26,TGT,2026-07-31,35,120.0,140.39,14.52,put,0.3516,0.0,0.5,0.426,2,7,-0.0618,92.38,0.355,3.71,bs_fallback
2026-06-26,TGT,2026-07-31,35,121.0,140.39,13.81,put,0.4063,0.0,1.0,0.88,1,1,-0.0998,87.63,0.727,7.59,bs_fallback
2026-06-26,TGT,2026-07-31,35,122.0,140.39,13.1,put,0.3652,0.23,0.8,0.515,5,3,-0.0901,89.01,0.422,4.4,market
2026-06-26,TGT,2026-07-31,35,124.0,140.39,11.67,put,0.3807,0.05,1.22,0.635,2,13,-0.1245,84.96,0.512,5.34,market
2026-06-26,TGT,2026-07-31,35,125.0,140.39,10.96,put,0.3707,0.2,1.29,0.745,1,13,-0.1334,84.03,0.596,6.22,market
2026-06-26,TGT,2026-07-31,35,126.0,140.39,10.25,put,0.3457,0.5,1.21,0.855,2,12,-0.1338,84.17,0.679,7.08,market
2026-06-26,TGT,2026-07-31,35,127.0,140.39,9.54,put,0.3518,0.81,1.46,1.135,14,161,-0.1542,81.85,0.894,9.32,market
2026-06-26,TGT,2026-07-31,35,128.0,140.39,8.83,put,0.3848,0.58,2.07,1.325,1,2,-0.1907,77.52,1.035,10.8,market
2026-06-26,TGT,2026-07-31,35,130.0,140.39,7.4,put,0.3339,1.17,1.91,1.54,1,141,-0.2,76.99,1.185,12.35,market
2026-06-26,TGT,2026-07-31,35,131.0,140.39,6.69,put,0.3375,1.31,2.22,1.765,121,122,-0.2235,74.41,1.347,14.05,market
2026-06-26,TGT,2026-07-31,35,132.0,140.39,5.98,put,0.3273,1.58,2.36,1.97,14,11,-0.2401,72.73,1.492,15.56,market
2026-06-26,TGT,2026-07-31,35,134.0,140.39,4.55,put,0.3373,2.06,3.15,2.605,3,25,-0.2932,66.99,1.944,20.27,market
2026-06-26,TGT,2026-07-31,35,135.0,140.39,3.84,put,0.3178,2.55,3.2,2.875,3,14,-0.31,65.45,2.13,22.21,market
2026-06-26,TGT,2026-07-31,35,136.0,140.39,3.13,put,0.319,2.64,3.6,3.12,3,4,-0.3374,62.58,2.294,23.92,market
2026-06-26,TGT,2026-07-31,35,140.0,140.39,0.28,put,0.3071,4.25,5.2,4.725,1,6,-0.4494,51.28,3.375,35.2,market
2026-06-26,XOM,2026-07-17,21,65.0,136.54,52.39,put,1.1953,0.0,0.1,0.039,1,187,-0.0031,99.3,0.06,1.05,bs_fallback
2026-06-26,XOM,2026-07-17,21,70.0,136.54,48.73,put,1.0938,0.01,0.1,0.055,0,5,-0.0036,99.24,0.079,1.37,market
2026-06-26,XOM,2026-07-17,21,75.0,136.54,45.07,put,1.5938,0.0,2.13,0.94,1,32,-0.0387,91.68,1.253,21.78,bs_fallback
2026-06-26,XOM,2026-07-17,21,80.0,136.54,41.41,put,1.0957,0.0,0.49,0.205,16,61,-0.0148,97.22,0.256,4.45,bs_fallback
2026-06-26,XOM,2026-07-17,21,85.0,136.54,37.75,put,0.918,0.0,0.31,0.127,39,14,-0.0114,98.01,0.149,2.6,bs_fallback
2026-06-26,XOM,2026-07-17,21,90.0,136.54,34.09,put,1.0928,0.0,1.53,0.668,2,62,-0.0416,92.92,0.743,12.91,bs_fallback
2026-06-26,XOM,2026-07-17,21,95.0,136.54,30.42,put,0.71,0.0,0.27,0.11,1,426,-0.0128,98.04,0.115,2.01,bs_fallback
2026-06-26,XOM,2026-07-17,21,100.0,136.54,26.76,put,0.5078,0.0,0.06,0.022,11,1252,-0.0041,99.41,0.022,0.38,bs_fallback
2026-06-26,XOM,2026-07-17,21,105.0,136.54,23.1,put,0.625,0.0,0.65,0.274,5,2195,-0.0324,95.51,0.261,4.54,bs_fallback
2026-06-26,XOM,2026-07-17,21,110.0,136.54,19.44,put,0.5166,0.0,0.28,0.235,3,1030,-0.0337,95.59,0.213,3.71,bs_fallback
2026-06-26,XOM,2026-07-17,21,115.0,136.54,15.78,put,0.4243,0.04,0.27,0.155,10,4067,-0.0387,95.2,0.135,2.34,market
2026-06-26,XOM,2026-07-17,21,120.0,136.54,12.11,put,0.3164,0.05,0.2,0.125,120,4569,-0.0378,95.56,0.104,1.81,market
2026-06-26,XOM,2026-07-17,21,125.0,136.54,8.45,put,0.2935,0.36,0.5,0.43,66,6662,-0.0917,89.62,0.344,5.98,market
2026-06-26,XOM,2026-07-17,21,130.0,136.54,4.79,put,0.2693,1.05,1.17,1.11,290,9152,-0.2014,78.0,0.854,14.84,market
2026-06-26,XOM,2026-07-17,21,135.0,136.54,1.13,put,0.2615,2.52,2.76,2.64,102,8889,-0.3982,57.74,1.956,33.99,market
2026-06-26,XOM,2026-07-17,21,140.0,136.54,0.0,put,0.2627,5.1,5.55,5.325,266,5582,-0.6255,35.09,3.804,66.11,market
2026-06-26,XOM,2026-07-17,21,145.0,136.54,0.0,put,0.3276,8.85,9.95,9.4,79,5193,-0.7546,22.14,6.483,112.68,market
2026-06-26,XOM,2026-07-17,21,150.0,136.54,0.0,put,0.3484,13.15,14.3,13.725,30,8805,-0.8529,12.87,9.15,159.04,market
2026-06-26,XOM,2026-07-17,21,155.0,136.54,0.0,put,0.4275,18.2,19.3,18.75,8,2420,-0.8764,10.39,12.097,210.25,market
2026-06-26,XOM,2026-07-17,21,160.0,136.54,0.0,put,0.5652,22.2,24.75,23.475,151,1988,-0.8601,11.2,14.672,255.01,market
2026-06-26,XOM,2026-07-17,21,165.0,136.54,0.0,put,0.6377,27.2,29.75,28.475,150,123,-0.8734,9.76,17.258,299.95,market
2026-06-26,XOM,2026-07-17,21,170.0,136.54,0.0,put,0.801,32.0,35.45,33.725,73,18,-0.8484,11.09,19.838,344.81,market
2026-06-26,XOM,2026-07-17,21,175.0,136.54,0.0,put,0.8696,36.35,40.45,38.4,5,1,-0.8581,10.02,21.943,381.39,market
2026-06-26,XOM,2026-07-17,21,180.0,136.54,0.0,put,0.8628,42.0,44.95,43.475,8,0,-0.8884,7.71,24.153,419.8,market
2026-06-26,XOM,2026-07-17,21,185.0,136.54,0.0,put,0.6455,47.0,50.45,48.725,1,0,-0.969,2.17,26.338,457.78,market
2026-06-26,XOM,2026-07-17,21,190.0,136.54,0.0,put,0.9788,52.0,54.95,53.475,1,0,-0.8993,6.52,28.145,489.18,market
2026-06-26,XOM,2026-07-17,21,195.0,136.54,0.0,put,1.1118,56.45,60.45,58.45,1,0,-0.8834,7.23,29.974,520.98,market
2026-06-26,XOM,2026-07-17,21,200.0,136.54,0.0,put,1.0762,62.0,64.9,63.45,2,1,-0.9096,5.52,31.725,551.41,market
2026-06-26,XOM,2026-07-17,21,240.0,136.54,0.0,put,0.7813,101.5,105.45,103.475,0,0,-0.9981,0.1,43.115,749.37,market
2026-06-26,XOM,2026-07-17,21,250.0,136.54,0.0,put,1.614,111.45,115.45,113.45,1,0,-0.9133,4.02,45.38,788.75,market
2026-06-26,XOM,2026-07-24,28,100.0,136.54,26.76,put,0.5439,0.0,0.28,0.116,9,86,-0.0151,97.82,0.116,1.51,bs_fallback
2026-06-26,XOM,2026-07-24,28,105.0,136.54,23.1,put,0.7153,0.0,2.18,0.975,6,125,-0.0744,89.36,0.929,12.11,bs_fallback
2026-06-26,XOM,2026-07-24,28,110.0,136.54,19.44,put,0.377,0.0,0.1,0.081,15,37,-0.0154,98.0,0.074,0.96,bs_fallback
2026-06-26,XOM,2026-07-24,28,115.0,136.54,15.78,put,0.4268,0.0,0.52,0.448,4,16,-0.0613,92.3,0.389,5.08,bs_fallback
2026-06-26,XOM,2026-07-24,28,120.0,136.54,12.11,put,0.3757,0.0,0.73,0.634,2,251,-0.0918,88.98,0.528,6.89,bs_fallback
2026-06-26,XOM,2026-07-24,28,125.0,136.54,8.45,put,0.2813,0.49,0.69,0.59,169,242,-0.1109,87.37,0.472,6.15,market
2026-06-26,XOM,2026-07-24,28,130.0,136.54,4.79,put,0.2636,1.34,1.51,1.425,18,402,-0.2232,75.44,1.096,14.29,market
2026-06-26,XOM,2026-07-24,28,135.0,136.54,1.13,put,0.2636,3.0,3.3,3.15,23,599,-0.4034,56.81,2.333,30.42,market
2026-06-26,XOM,2026-07-24,28,140.0,136.54,0.0,put,0.2699,5.65,6.15,5.9,28,412,-0.5972,37.42,4.214,54.94,market
2026-06-26,XOM,2026-07-24,28,145.0,136.54,0.0,put,0.314,8.15,10.3,9.225,15,69,-0.727,24.49,6.362,82.93,market
2026-06-26,XOM,2026-07-24,28,150.0,136.54,0.0,put,0.3789,12.5,15.05,13.775,1,68,-0.7901,18.09,9.183,119.71,market
2026-06-26,XOM,2026-07-24,28,155.0,136.54,0.0,put,0.4939,16.95,20.45,18.7,1,19,-0.7969,16.67,12.065,157.27,market
2026-06-26,XOM,2026-07-24,28,160.0,136.54,0.0,put,0.5203,21.95,25.0,23.475,1,16,-0.8417,12.59,14.672,191.26,market
2026-06-26,XOM,2026-07-24,28,165.0,136.54,0.0,put,0.6343,26.45,30.45,28.45,0,0,-0.8335,12.64,17.242,224.77,market
2026-06-26,XOM,2026-07-31,35,95.0,136.54,30.42,put,0.5449,0.0,0.12,0.099,28,29,-0.0118,98.19,0.105,1.09,bs_fallback
2026-06-26,XOM,2026-07-31,35,115.0,136.54,15.78,put,0.376,0.0,0.48,0.411,2,24,-0.0577,92.75,0.357,3.73,bs_fallback
2026-06-26,XOM,2026-07-31,35,120.0,136.54,12.11,put,0.3045,0.0,0.5,0.422,14,151,-0.0711,91.52,0.351,3.66,bs_fallback
2026-06-26,XOM,2026-07-31,35,125.0,136.54,8.45,put,0.2891,0.75,1.04,0.895,183,131,-0.139,84.02,0.716,7.47,market
2026-06-26,XOM,2026-07-31,35,130.0,136.54,4.79,put,0.27,1.49,1.97,1.73,36,258,-0.2463,72.66,1.331,13.88,market
2026-06-26,XOM,2026-07-31,35,135.0,136.54,1.13,put,0.2782,3.05,4.0,3.525,6,563,-0.4089,55.73,2.611,27.23,market
2026-06-26,XOM,2026-07-31,35,140.0,136.54,0.0,put,0.2695,5.9,6.6,6.25,3,194,-0.5795,38.82,4.464,46.56,market
2026-06-26,XOM,2026-07-31,35,145.0,136.54,0.0,put,0.3402,9.25,11.15,10.2,2,48,-0.6817,28.17,7.034,73.36,market
2026-06-26,XOM,2026-07-31,35,150.0,136.54,0.0,put,0.3319,12.75,14.95,13.85,1,67,-0.7929,17.89,9.233,96.29,market
2026-06-26,XOM,2026-07-31,35,155.0,136.54,0.0,put,0.4043,17.35,20.0,18.675,2,61,-0.8191,14.98,12.048,125.65,market
2026-06-26,XOM,2026-07-31,35,165.0,136.54,0.0,put,0.5693,26.5,30.45,28.475,1,0,-0.8311,12.82,17.258,179.97,market
2026-06-26,CVX,2026-07-17,21,95.0,171.06,44.46,put,0.9375,0.0,0.1,0.038,1,1,-0.0031,99.41,0.04,0.7,bs_fallback
2026-06-26,CVX,2026-07-17,21,100.0,171.06,41.54,put,0.8633,0.0,0.1,0.039,1,1,-0.0034,99.38,0.039,0.67,bs_fallback
2026-06-26,CVX,2026-07-17,21,125.0,171.06,26.93,put,0.7109,0.0,0.73,0.307,1,1,-0.0261,96.17,0.246,4.27,bs_fallback
2026-06-26,CVX,2026-07-17,21,130.0,171.06,24.0,put,0.6284,0.0,0.69,0.289,1,108,-0.0277,96.12,0.222,3.86,bs_fallback
2026-06-26,CVX,2026-07-17,21,135.0,171.06,21.08,put,0.4522,0.0,0.1,0.078,30,50,-0.0118,98.44,0.058,1.01,bs_fallback
2026-06-26,CVX,2026-07-17,21,140.0,171.06,18.16,put,0.3555,0.0,0.05,0.038,10,62,-0.0076,99.04,0.027,0.47,bs_fallback
2026-06-26,CVX,2026-07-17,21,145.0,171.06,15.23,put,0.4116,0.0,0.34,0.282,1,109,-0.0398,95.09,0.194,3.37,bs_fallback
2026-06-26,CVX,2026-07-17,21,150.0,171.06,12.31,put,0.2983,0.1,0.17,0.135,8,270,-0.0279,96.71,0.09,1.56,market
2026-06-26,CVX,2026-07-17,21,155.0,171.06,9.39,put,0.2783,0.26,0.37,0.315,11,563,-0.0602,93.14,0.203,3.53,market
2026-06-26,CVX,2026-07-17,21,160.0,171.06,6.47,put,0.2681,0.69,0.88,0.785,36,1757,-0.1321,85.36,0.491,8.53,market
2026-06-26,CVX,2026-07-17,21,165.0,171.06,3.54,put,0.2555,1.67,1.85,1.76,84,2019,-0.2527,72.74,1.067,18.54,market
2026-06-26,CVX,2026-07-17,21,170.0,171.06,0.62,put,0.249,3.4,3.65,3.525,378,2645,-0.4278,54.87,2.074,36.04,market
2026-06-26,CVX,2026-07-17,21,175.0,171.06,0.0,put,0.288,6.0,7.1,6.55,137,1997,-0.6001,37.35,3.743,65.05,market
2026-06-26,CVX,2026-07-17,21,180.0,171.06,0.0,put,0.3211,9.8,11.1,10.45,44,2199,-0.7209,25.38,5.806,100.91,market
2026-06-26,CVX,2026-07-17,21,185.0,171.06,0.0,put,0.3679,14.15,15.65,14.9,7,2870,-0.7913,18.43,8.054,139.99,market
2026-06-26,CVX,2026-07-17,21,190.0,171.06,0.0,put,0.4021,18.8,20.25,19.525,4,1573,-0.8439,13.41,10.276,178.61,market
2026-06-26,CVX,2026-07-17,21,195.0,171.06,0.0,put,0.5215,22.65,25.8,24.225,2,111,-0.8319,13.86,12.423,215.92,market
2026-06-26,CVX,2026-07-17,21,200.0,171.06,0.0,put,0.5645,28.0,30.6,29.3,3,0,-0.8567,11.49,14.65,254.63,market
2026-06-26,CVX,2026-07-17,21,210.0,171.06,0.0,put,0.6301,38.35,40.2,39.275,2,0,-0.8966,7.88,18.702,325.07,market
2026-06-26,CVX,2026-07-17,21,220.0,171.06,0.0,put,0.6216,48.15,50.95,49.55,2,0,-0.9445,4.07,22.523,391.47,market
2026-06-26,CVX,2026-07-17,21,230.0,171.06,0.0,put,0.6484,57.65,61.0,59.325,2,0,-0.9646,2.48,25.793,448.32,market
2026-06-26,CVX,2026-07-17,21,240.0,171.06,0.0,put,0.73,67.65,71.05,69.35,2,0,-0.9664,2.25,28.896,502.24,market
2026-06-26,CVX,2026-07-17,21,250.0,171.06,0.0,put,0.8076,77.7,81.05,79.375,10,0,-0.9676,2.06,31.75,551.85,market
2026-06-26,CVX,2026-07-17,21,270.0,171.06,0.0,put,0.0,79.05,82.2,80.625,0,0,-1.0,0.0,29.861,519.01,market
2026-06-26,CVX,2026-07-24,28,120.0,171.06,29.85,put,0.7725,0.0,1.35,0.592,2,5,-0.0374,94.16,0.493,6.43,bs_fallback
2026-06-26,CVX,2026-07-24,28,125.0,171.06,26.93,put,0.6992,0.0,1.36,0.596,0,1,-0.0412,93.86,0.477,6.21,bs_fallback
2026-06-26,CVX,2026-07-24,28,135.0,171.06,21.08,put,0.5327,0.0,0.56,0.483,2,120,-0.0442,94.02,0.358,4.66,bs_fallback
2026-06-26,CVX,2026-07-24,28,140.0,171.06,18.16,put,0.4658,0.0,0.56,0.482,4,17,-0.0498,93.55,0.344,4.48,bs_fallback
2026-06-26,CVX,2026-07-24,28,145.0,171.06,15.23,put,0.4155,0.0,0.66,0.568,2,16,-0.0634,92.1,0.391,5.1,bs_fallback
2026-06-26,CVX,2026-07-24,28,150.0,171.06,12.31,put,0.29,0.1,0.3,0.2,13,11,-0.0424,94.98,0.133,1.74,market
2026-06-26,CVX,2026-07-24,28,155.0,171.06,9.39,put,0.2739,0.43,0.6,0.515,214,50,-0.0826,90.52,0.332,4.33,market
2026-06-26,CVX,2026-07-24,28,160.0,171.06,6.47,put,0.2616,1.05,1.21,1.13,328,51,-0.1559,82.62,0.706,9.21,market
2026-06-26,CVX,2026-07-24,28,165.0,171.06,3.54,put,0.2501,2.11,2.3,2.205,1,121,-0.2707,70.59,1.336,17.42,market
2026-06-26,CVX,2026-07-24,28,170.0,171.06,0.62,put,0.2457,3.9,4.2,4.05,3,92,-0.4279,54.52,2.382,31.06,market
2026-06-26,CVX,2026-07-24,28,175.0,171.06,0.0,put,0.2427,6.6,6.95,6.775,10,698,-0.598,37.63,3.871,50.47,market
2026-06-26,CVX,2026-07-24,28,180.0,171.06,0.0,put,0.3042,9.8,11.5,10.65,2,102,-0.6974,27.38,5.917,77.13,market
2026-06-26,CVX,2026-07-24,28,185.0,171.06,0.0,put,0.3383,13.7,15.9,14.8,10,39,-0.7729,19.99,8.0,104.29,market
2026-06-26,CVX,2026-07-24,28,190.0,171.06,0.0,put,0.3834,18.35,20.65,19.5,1,34,-0.8158,15.73,10.263,133.79,market
2026-06-26,CVX,2026-07-24,28,195.0,171.06,0.0,put,0.4822,22.35,26.15,24.25,0,2,-0.812,15.41,12.436,162.11,market
2026-06-26,CVX,2026-07-24,28,200.0,171.06,0.0,put,0.5266,27.35,31.0,29.175,42,0,-0.8346,13.17,14.588,190.16,market
2026-06-26,CVX,2026-07-24,28,205.0,171.06,0.0,put,0.5925,32.35,36.15,34.25,0,1,-0.8407,12.27,16.707,217.79,market
2026-06-26,CVX,2026-07-31,35,130.0,171.06,24.0,put,0.4273,0.0,0.15,0.123,15,71,-0.0147,97.96,0.095,0.99,bs_fallback
2026-06-26,CVX,2026-07-31,35,135.0,171.06,21.08,put,0.5298,0.0,1.76,0.774,241,121,-0.0601,91.78,0.574,5.98,bs_fallback
2026-06-26,CVX,2026-07-31,35,140.0,171.06,18.16,put,0.4597,0.0,0.84,0.734,2,34,-0.0652,91.47,0.524,5.47,bs_fallback
2026-06-26,CVX,2026-07-31,35,145.0,171.06,15.23,put,0.3977,0.0,0.85,0.739,1,1,-0.0746,90.65,0.51,5.31,bs_fallback
2026-06-26,CVX,2026-07-31,35,150.0,171.06,12.31,put,0.3524,0.1,1.02,0.56,2,32,-0.0964,88.36,0.373,3.89,market
2026-06-26,CVX,2026-07-31,35,155.0,171.06,9.39,put,0.2881,0.5,1.03,0.765,4,70,-0.1144,86.74,0.494,5.15,market
2026-06-26,CVX,2026-07-31,35,160.0,171.06,6.47,put,0.2881,0.8,2.0,1.4,106,122,-0.1983,77.59,0.875,9.12,market
2026-06-26,CVX,2026-07-31,35,165.0,171.06,3.54,put,0.2695,2.5,3.15,2.825,5,125,-0.2976,67.29,1.712,17.85,market
2026-06-26,CVX,2026-07-31,35,170.0,171.06,0.62,put,0.2816,4.45,5.5,4.975,6,47,-0.4326,53.29,2.926,30.52,market
2026-06-26,CVX,2026-07-31,35,175.0,171.06,0.0,put,0.2972,7.1,8.6,7.85,11,650,-0.5594,40.46,4.486,46.78,market
2026-06-26,CVX,2026-07-31,35,180.0,171.06,0.0,put,0.3129,10.1,12.25,11.175,1,34,-0.6656,29.99,6.208,64.74,market
2026-06-26,CVX,2026-07-31,35,185.0,171.06,0.0,put,0.3281,13.6,16.3,14.95,13,29,-0.7495,21.93,8.081,84.27,market
2026-06-26,CVX,2026-07-31,35,190.0,171.06,0.0,put,0.3749,18.4,21.1,19.75,3,26,-0.7897,17.84,10.395,108.4,market
2026-06-26,CVX,2026-07-31,35,195.0,171.06,0.0,put,0.4077,22.4,25.8,24.1,2,11,-0.8255,14.4,12.359,128.89,market
2026-06-26,CVX,2026-07-31,35,200.0,171.06,0.0,put,0.4838,27.2,31.15,29.175,42,0,-0.8255,13.87,14.588,152.13,market
2026-06-26,CVX,2026-07-31,35,205.0,171.06,0.0,put,0.5319,32.35,36.15,34.25,5,0,-0.8383,12.46,16.707,174.23,market
2026-06-26,OXY,2026-07-17,21,35.0,49.99,29.99,put,1.3872,0.01,2.14,1.075,5,25,-0.1063,81.95,3.071,53.38,market
2026-06-26,OXY,2026-07-17,21,37.5,49.99,24.98,put,0.6523,0.0,0.2,0.084,21,26,-0.0266,96.22,0.223,3.88,bs_fallback
2026-06-26,OXY,2026-07-17,21,40.0,49.99,19.98,put,0.5508,0.0,0.25,0.105,1,83,-0.0379,94.98,0.263,4.58,bs_fallback
2026-06-26,OXY,2026-07-17,21,42.5,49.99,14.98,put,0.5029,0.0,0.25,0.217,109,145,-0.0764,90.47,0.512,8.89,bs_fallback
2026-06-26,OXY,2026-07-17,21,45.0,49.99,9.98,put,0.3604,0.06,0.24,0.15,10,396,-0.098,88.62,0.333,5.79,market
2026-06-26,OXY,2026-07-17,21,47.5,49.99,4.98,put,0.3213,0.53,0.6,0.565,15,957,-0.23,74.59,1.189,20.67,market
2026-06-26,OXY,2026-07-17,21,50.0,49.99,0.0,put,0.3176,1.45,1.56,1.505,136,3249,-0.4708,49.88,3.01,52.32,market
2026-06-26,OXY,2026-07-17,21,52.5,49.99,0.0,put,0.5303,1.92,4.1,3.01,12,2393,-0.6175,33.5,5.733,99.65,market
2026-06-26,OXY,2026-07-17,21,55.0,49.99,0.0,put,0.3804,4.95,5.4,5.175,36,2943,-0.8339,14.44,9.409,163.54,market
2026-06-26,OXY,2026-07-17,21,57.5,49.99,0.0,put,0.9243,6.35,9.5,7.925,22,1528,-0.6941,23.3,13.783,239.55,market
2026-06-26,OXY,2026-07-17,21,60.0,49.99,0.0,put,1.0645,7.95,12.05,10.0,24,1466,-0.7177,20.29,16.667,289.68,market
2026-06-26,OXY,2026-07-17,21,62.5,49.99,0.0,put,1.1812,10.5,14.55,12.525,2,30,-0.7378,17.88,20.04,348.31,market
2026-06-26,OXY,2026-07-17,21,65.0,49.99,0.0,put,1.2886,13.0,17.05,15.025,5,0,-0.7535,15.99,23.115,401.77,market
2026-06-26,OXY,2026-07-17,21,67.5,49.99,0.0,put,1.3882,15.5,19.55,17.525,2,0,-0.7663,14.46,25.963,451.26,market
2026-06-26,OXY,2026-07-17,21,70.0,49.99,0.0,put,1.4546,18.0,21.95,19.975,2,0,-0.783,12.9,28.536,495.98,market
2026-06-26,OXY,2026-07-17,21,75.0,49.99,0.0,put,1.6235,22.9,26.95,24.925,1,0,-0.7994,10.95,33.233,577.63,market
2026-06-26,OXY,2026-07-17,21,80.0,49.99,0.0,put,0.0,20.95,23.75,22.35,0,1,-1.0,0.0,27.938,485.58,market
2026-06-26,OXY,2026-07-17,21,90.0,49.99,0.0,put,0.0,28.8,32.55,30.675,0,0,-1.0,0.0,34.083,592.4,market
2026-06-26,OXY,2026-07-24,28,44.0,49.99,11.98,put,0.3696,0.09,0.26,0.175,86,6,-0.0909,89.12,0.398,5.18,market
2026-06-26,OXY,2026-07-24,28,45.0,49.99,9.98,put,0.3355,0.14,0.3,0.22,66,61,-0.1113,87.01,0.489,6.37,market
2026-06-26,OXY,2026-07-24,28,46.0,49.99,7.98,put,0.3667,0.2,0.59,0.395,4,12,-0.1821,78.99,0.859,11.19,market
2026-06-26,OXY,2026-07-24,28,47.0,49.99,5.98,put,0.3218,0.54,0.65,0.595,17,56,-0.2178,75.51,1.266,16.5,market
2026-06-26,OXY,2026-07-24,28,48.0,49.99,3.98,put,0.3154,0.83,0.92,0.875,12,24,-0.2903,67.91,1.823,23.76,market
2026-06-26,OXY,2026-07-24,28,49.0,49.99,1.98,put,0.311,1.19,1.28,1.235,3,24,-0.3746,59.24,2.52,32.86,market
2026-06-26,OXY,2026-07-24,28,50.0,49.99,0.0,put,0.3123,1.65,1.76,1.705,122,143,-0.466,49.95,3.41,44.45,market
2026-06-26,OXY,2026-07-24,28,51.0,49.99,0.0,put,0.3135,2.2,2.33,2.265,53,11,-0.5568,40.92,4.441,57.89,market
2026-06-26,OXY,2026-07-24,28,52.0,49.99,0.0,put,0.3274,2.32,3.05,2.685,1,252,-0.6357,33.08,5.163,67.31,market
2026-06-26,OXY,2026-07-24,28,53.0,49.99,0.0,put,0.6951,2.18,5.7,3.94,1,13,-0.5744,35.2,7.434,96.91,market
2026-06-26,OXY,2026-07-24,28,54.0,49.99,0.0,put,0.7188,2.35,6.5,4.425,2,33,-0.606,31.99,8.194,106.82,market
2026-06-26,OXY,2026-07-24,28,55.0,49.99,0.0,put,0.7471,4.8,7.35,6.075,7,27,-0.6329,29.24,11.045,143.99,market
2026-06-26,OXY,2026-07-24,28,56.0,49.99,0.0,put,0.4526,4.85,6.7,5.775,15,15,-0.7917,17.42,10.312,134.43,market
2026-06-26,OXY,2026-07-24,28,57.0,49.99,0.0,put,0.8113,5.1,9.15,7.125,8,26,-0.6753,24.85,12.5,162.95,market
2026-06-26,OXY,2026-07-24,28,58.0,49.99,0.0,put,0.8486,6.05,10.1,8.075,5,37,-0.6909,23.16,13.922,181.49,market
2026-06-26,OXY,2026-07-24,28,59.0,49.99,0.0,put,0.8101,7.0,10.7,8.85,2,2,-0.7288,20.22,15.0,195.54,market
2026-06-26,OXY,2026-07-24,28,60.0,49.99,0.0,put,0.8848,8.0,11.85,9.925,1,1,-0.728,19.72,16.542,215.63,market
2026-06-26,OXY,2026-07-24,28,62.0,49.99,0.0,put,1.0093,10.0,14.05,12.025,0,1,-0.7313,18.51,19.395,252.83,market
2026-06-26,OXY,2026-07-31,35,46.0,49.99,7.98,put,0.3648,0.0,0.75,0.673,4,88,-0.2018,76.5,1.464,15.27,bs_fallback
2026-06-26,OXY,2026-07-31,35,47.0,49.99,5.98,put,0.689,0.0,2.85,2.7,2,4,-0.3379,58.12,5.744,59.91,bs_fallback
2026-06-26,OXY,2026-07-31,35,48.0,49.99,3.98,put,0.3435,0.71,1.26,0.985,1,73,-0.3156,64.57,2.052,21.4,market
2026-06-26,OXY,2026-07-31,35,49.0,49.99,1.98,put,0.634,1.02,3.45,2.235,7,2,-0.4112,51.12,4.561,47.57,market
2026-06-26,OXY,2026-07-31,35,50.0,49.99,0.0,put,0.3298,0.03,2.07,1.05,32,190,-0.4617,49.76,2.1,21.9,market
2026-06-26,OXY,2026-07-31,35,51.0,49.99,0.0,put,0.3782,2.14,2.93,2.535,38,19,-0.5284,42.53,4.971,51.84,market
2026-06-26,OXY,2026-07-31,35,52.0,49.99,0.0,put,0.3447,2.65,3.35,3.0,1,32,-0.6068,35.28,5.769,60.16,market
2026-06-26,OXY,2026-07-31,35,53.0,49.99,0.0,put,0.3547,3.15,4.1,3.625,23,40,-0.6677,29.34,6.84,71.33,market
2026-06-26,OXY,2026-07-31,35,54.0,49.99,0.0,put,0.4395,3.9,5.3,4.6,33,33,-0.6786,27.43,8.519,88.84,market
2026-06-26,OXY,2026-07-31,35,55.0,49.99,0.0,put,0.3565,4.6,5.65,5.125,4,7,-0.7784,19.02,9.318,97.18,market
2026-06-26,OXY,2026-07-31,35,56.0,49.99,0.0,put,0.4702,4.5,7.0,5.75,10,14,-0.7498,20.62,10.268,107.08,market
2026-06-26,OXY,2026-07-31,35,57.0,49.99,0.0,put,0.4775,5.9,7.85,6.875,3,16,-0.7826,17.65,12.061,125.78,market
2026-06-26,OXY,2026-07-31,35,59.0,49.99,0.0,put,0.8115,7.05,11.15,9.1,1,1,-0.6966,22.18,15.424,160.85,market
2026-06-26,OXY,2026-07-31,35,60.0,49.99,0.0,put,0.7253,8.05,11.5,9.775,10,12,-0.7514,18.31,16.292,169.9,market
2026-06-26,OXY,2026-07-31,35,65.0,49.99,0.0,put,1.0073,13.0,17.05,15.025,1,0,-0.7487,16.3,23.115,241.06,market
2026-06-26,SLB,2026-07-17,21,20.0,47.0,57.45,put,1.5703,0.01,0.1,0.055,6,6,-0.0069,98.16,0.275,4.78,market
2026-06-26,SLB,2026-07-17,21,22.5,47.0,52.13,put,1.7109,0.0,0.43,0.186,1,0,-0.0224,94.48,0.828,14.39,bs_fallback
2026-06-26,SLB,2026-07-17,21,25.0,47.0,46.81,put,0.5,0.0,0.0,0.0,25,0,-0.0,100.0,0.0,0.0,bs_fallback
2026-06-26,SLB,2026-07-17,21,27.5,47.0,41.49,put,1.0977,0.0,0.17,0.07,20,180,-0.0147,97.22,0.256,4.44,bs_fallback
2026-06-26,SLB,2026-07-17,21,30.0,47.0,36.17,put,1.4102,0.0,1.18,0.53,1,189,-0.0662,87.83,1.765,30.68,bs_fallback
2026-06-26,SLB,2026-07-17,21,32.5,47.0,30.85,put,0.8945,0.0,0.33,0.141,2,204,-0.0329,94.8,0.433,7.53,bs_fallback
2026-06-26,SLB,2026-07-17,21,35.0,47.0,25.53,put,0.5977,0.03,0.07,0.05,1,357,-0.0159,97.75,0.143,2.48,market
2026-06-26,SLB,2026-07-17,21,37.5,47.0,20.21,put,0.793,0.0,0.99,0.444,7,342,-0.0972,86.59,1.184,20.57,bs_fallback
2026-06-26,SLB,2026-07-17,21,40.0,47.0,14.89,put,0.4795,0.0,0.2,0.172,1,548,-0.0688,91.46,0.429,7.46,bs_fallback
2026-06-26,SLB,2026-07-17,21,42.5,47.0,9.57,put,0.377,0.01,0.29,0.15,21,833,-0.117,86.43,0.353,6.13,market
2026-06-26,SLB,2026-07-17,21,45.0,47.0,4.26,put,0.3262,0.61,0.68,0.645,16,3835,-0.2638,71.0,1.433,24.91,market
2026-06-26,SLB,2026-07-17,21,47.5,47.0,0.0,put,0.3735,1.64,1.99,1.815,46,3165,-0.5164,44.8,3.821,66.41,market
2026-06-26,SLB,2026-07-17,21,50.0,47.0,0.0,put,0.3701,3.3,3.65,3.475,6,5996,-0.7324,23.92,6.95,120.8,market
2026-06-26,SLB,2026-07-17,21,52.5,47.0,0.0,put,0.4307,5.5,5.9,5.7,9,2866,-0.8393,13.67,10.857,188.71,market
2026-06-26,SLB,2026-07-17,21,55.0,47.0,0.0,put,0.6187,7.6,8.6,8.1,10,2127,-0.8329,13.26,14.727,255.97,market
2026-06-26,SLB,2026-07-17,21,57.5,47.0,0.0,put,0.7637,9.15,11.2,10.175,10,507,-0.8398,11.97,17.696,307.57,market
2026-06-26,SLB,2026-07-17,21,60.0,47.0,0.0,put,0.6758,11.45,15.1,13.275,6,7,-0.9204,5.82,22.125,384.55,market
2026-06-26,SLB,2026-07-17,21,62.5,47.0,0.0,put,0.6904,13.75,17.6,15.675,3,0,-0.9475,3.7,25.08,435.91,market
2026-06-26,SLB,2026-07-17,21,65.0,47.0,0.0,put,0.8359,16.45,20.1,18.275,1,0,-0.9335,4.43,28.115,488.67,market
2026-06-26,SLB,2026-07-17,21,70.0,47.0,0.0,put,1.793,23.7,27.25,25.475,10,0,-0.7594,12.83,36.393,632.54,market
2026-06-26,SLB,2026-07-24,28,44.0,47.0,6.38,put,0.3799,0.62,0.8,0.71,1,21,-0.237,72.93,1.614,21.03,market
2026-06-26,SLB,2026-07-24,28,45.0,47.0,4.26,put,0.3623,0.89,1.04,0.965,4,49,-0.3009,66.33,2.144,27.95,market
2026-06-26,SLB,2026-07-24,28,46.0,47.0,2.13,put,0.3945,1.24,1.6,1.42,10,41,-0.3872,57.04,3.087,40.24,market
2026-06-26,SLB,2026-07-24,28,47.0,47.0,0.0,put,0.3501,1.7,1.85,1.775,1,23,-0.4649,49.64,3.777,49.23,market
2026-06-26,SLB,2026-07-24,28,48.0,47.0,0.0,put,0.3921,2.22,2.63,2.425,1,13,-0.5415,41.57,5.052,65.86,market
2026-06-26,SLB,2026-07-24,28,49.0,47.0,0.0,put,0.4585,2.79,3.6,3.195,18,46,-0.5927,35.89,6.52,85.0,market
2026-06-26,SLB,2026-07-24,28,50.0,47.0,0.0,put,0.4629,2.91,4.3,3.605,5,25,-0.6512,30.26,7.21,93.99,market
2026-06-26,SLB,2026-07-24,28,51.0,47.0,0.0,put,0.4998,4.2,5.2,4.7,32,34,-0.6891,26.38,9.216,120.13,market
2026-06-26,SLB,2026-07-24,28,52.0,47.0,0.0,put,0.7026,3.95,6.9,5.425,1,32,-0.6563,27.52,10.433,136.0,market
2026-06-26,SLB,2026-07-24,28,53.0,47.0,0.0,put,0.6929,4.8,7.6,6.2,1,11,-0.695,24.13,11.698,152.49,market
2026-06-26,SLB,2026-07-24,28,54.0,47.0,0.0,put,0.6982,5.85,8.4,7.125,5,111,-0.7262,21.34,13.194,172.0,market
2026-06-26,SLB,2026-07-24,28,55.0,47.0,0.0,put,0.8467,6.35,9.85,8.1,3,7,-0.7043,22.03,14.727,191.98,market
2026-06-26,SLB,2026-07-24,28,56.0,47.0,0.0,put,0.8252,7.55,10.55,9.05,10,10,-0.7375,19.38,16.161,210.67,market
2026-06-26,SLB,2026-07-31,35,43.0,47.0,8.51,put,0.4326,0.5,0.94,0.72,2,98,-0.2216,73.66,1.674,17.46,market
2026-06-26,SLB,2026-07-31,35,44.0,47.0,6.38,put,0.4331,0.62,1.25,0.935,8,25,-0.2761,67.74,2.125,22.16,market
2026-06-26,SLB,2026-07-31,35,45.0,47.0,4.26,put,0.4404,0.96,1.66,1.31,10,38,-0.3364,61.25,2.911,30.36,market
2026-06-26,SLB,2026-07-31,35,46.0,47.0,2.13,put,0.4275,1.07,2.02,1.545,1,7,-0.3956,55.27,3.359,35.03,market
2026-06-26,SLB,2026-07-31,35,47.0,47.0,0.0,put,0.3892,1.8,2.29,2.045,3,25,-0.4602,49.18,4.351,45.38,market
2026-06-26,SLB,2026-07-31,35,48.0,47.0,0.0,put,0.4575,2.24,3.25,2.745,1,12,-0.5175,42.64,5.719,59.64,market
2026-06-26,SLB,2026-07-31,35,50.0,47.0,0.0,put,0.4155,3.35,4.3,3.825,1,80,-0.6478,30.57,7.65,79.78,market
2026-06-26,SLB,2026-07-31,35,51.0,47.0,0.0,put,0.458,4.15,5.25,4.7,32,2,-0.6812,26.99,9.216,96.11,market
2026-06-26,SLB,2026-07-31,35,52.0,47.0,0.0,put,0.6582,4.6,7.05,5.825,1,21,-0.6445,28.29,11.202,116.82,market
2026-06-26,SLB,2026-07-31,35,53.0,47.0,0.0,put,0.6509,5.0,7.75,6.375,1,17,-0.6814,25.04,12.028,125.44,market
2026-06-26,SLB,2026-07-31,35,54.0,47.0,0.0,put,0.6868,5.7,8.7,7.2,2,2,-0.6998,23.07,13.333,139.05,market
2026-06-26,SLB,2026-07-31,35,55.0,47.0,0.0,put,0.6582,7.5,9.35,8.425,2,10,-0.7408,19.78,15.318,159.75,market
2026-06-26,SLB,2026-07-31,35,65.0,47.0,0.0,put,1.1733,16.0,20.1,18.05,2,0,-0.7573,14.44,27.769,289.59,market
2026-06-26,DVN,2026-07-17,21,17.5,42.21,58.54,put,0.5,0.0,0.0,0.0,1,0,-0.0,100.0,0.0,0.0,bs_fallback
2026-06-26,DVN,2026-07-17,21,22.5,42.21,46.7,put,1.8965,0.0,1.15,0.516,2,30,-0.053,87.74,2.293,39.86,bs_fallback
2026-06-26,DVN,2026-07-17,21,25.0,42.21,40.77,put,1.1445,0.0,0.22,0.093,50,114,-0.0199,96.26,0.373,6.48,bs_fallback
2026-06-26,DVN,2026-07-17,21,27.5,42.21,34.85,put,1.1113,0.0,0.46,0.201,1,3,-0.0399,93.12,0.729,12.68,bs_fallback
2026-06-26,DVN,2026-07-17,21,30.0,42.21,28.93,put,1.0781,0.0,0.87,0.389,1,380,-0.072,88.54,1.296,22.53,bs_fallback
2026-06-26,DVN,2026-07-17,21,32.5,42.21,23.0,put,0.6387,0.0,0.23,0.097,2,128,-0.0358,95.04,0.299,5.2,bs_fallback
2026-06-26,DVN,2026-07-17,21,35.0,42.21,17.08,put,0.6563,0.0,0.75,0.333,2,405,-0.0991,87.07,0.95,16.52,bs_fallback
2026-06-26,DVN,2026-07-17,21,37.5,42.21,11.16,put,0.417,0.11,0.25,0.18,22,2331,-0.1035,87.73,0.48,8.34,market
2026-06-26,DVN,2026-07-17,21,40.0,42.21,5.24,put,0.3496,0.49,0.57,0.53,70,5772,-0.2365,73.68,1.325,23.03,market
2026-06-26,DVN,2026-07-17,21,42.5,42.21,0.0,put,0.3814,1.45,1.73,1.59,77,4791,-0.4991,46.45,3.741,65.03,market
2026-06-26,DVN,2026-07-17,21,45.0,42.21,0.0,put,0.4419,3.05,3.6,3.325,104,3637,-0.6998,26.44,7.389,128.43,market
2026-06-26,DVN,2026-07-17,21,47.5,42.21,0.0,put,0.5586,5.05,5.95,5.5,107,2668,-0.786,17.7,11.579,201.25,market
2026-06-26,DVN,2026-07-17,21,50.0,42.21,0.0,put,0.6572,7.05,8.35,7.7,100,1817,-0.8358,12.82,15.4,267.67,market
2026-06-26,DVN,2026-07-17,21,52.5,42.21,0.0,put,0.7544,9.5,10.8,10.15,2,146,-0.8642,10.02,19.333,336.03,market
2026-06-26,DVN,2026-07-17,21,55.0,42.21,0.0,put,1.1968,11.35,14.2,12.775,2,0,-0.7789,14.56,23.227,403.71,market
2026-06-26,DVN,2026-07-17,21,57.5,42.21,0.0,put,1.2598,13.8,16.55,15.175,0,0,-0.8058,12.21,26.391,458.71,market
2026-06-26,DVN,2026-07-17,21,60.0,42.21,0.0,put,0.7305,15.85,19.9,17.875,0,0,-0.9715,1.88,29.792,517.81,market
2026-06-26,DVN,2026-07-17,21,70.0,42.21,0.0,put,1.6943,26.5,29.0,27.75,0,0,-0.8495,7.48,39.643,689.03,market
2026-06-26,DVN,2026-07-24,28,30.0,42.21,28.93,put,0.9502,0.0,0.91,0.412,0,5,-0.0744,88.11,1.374,17.92,bs_fallback
2026-06-26,DVN,2026-07-24,28,35.0,42.21,17.08,put,0.6152,0.0,0.95,0.429,20,21,-0.1137,85.0,1.225,15.96,bs_fallback
2026-06-26,DVN,2026-07-24,28,36.0,42.21,14.71,put,0.4307,0.05,0.21,0.13,1,56,-0.0769,90.43,0.361,4.71,market
2026-06-26,DVN,2026-07-24,28,37.0,42.21,12.34,put,0.415,0.15,0.3,0.225,1,5,-0.1081,86.9,0.608,7.93,market
2026-06-26,DVN,2026-07-24,28,38.0,42.21,9.97,put,0.3867,0.25,0.39,0.32,1,22,-0.1422,83.23,0.842,10.98,market
2026-06-26,DVN,2026-07-24,28,39.0,42.21,7.6,put,0.3594,0.42,0.51,0.465,1,2,-0.1886,78.33,1.192,15.54,market
2026-06-26,DVN,2026-07-24,28,40.0,42.21,5.24,put,0.3608,0.64,0.79,0.715,2,50,-0.2655,70.07,1.787,23.3,market
2026-06-26,DVN,2026-07-24,28,41.0,42.21,2.87,put,0.3452,0.97,1.08,1.025,2,17,-0.3475,61.66,2.5,32.59,market
2026-06-26,DVN,2026-07-24,28,42.0,42.21,0.5,put,0.3853,1.4,1.72,1.56,1,338,-0.4459,51.17,3.714,48.42,market
2026-06-26,DVN,2026-07-24,28,43.0,42.21,0.0,put,0.3477,1.93,2.09,2.01,1,80,-0.5416,42.04,4.674,60.93,market
2026-06-26,DVN,2026-07-24,28,44.0,42.21,0.0,put,0.395,2.38,2.94,2.66,1,36,-0.614,34.49,6.045,78.81,market
2026-06-26,DVN,2026-07-24,28,45.0,42.21,0.0,put,0.4326,3.1,3.8,3.45,50,430,-0.6708,28.7,7.667,99.94,market
2026-06-26,DVN,2026-07-24,28,46.0,42.21,0.0,put,0.4326,3.85,4.55,4.2,0,95,-0.7342,22.8,9.13,119.02,market
2026-06-26,DVN,2026-07-24,28,48.0,42.21,0.0,put,0.5112,5.05,6.45,5.75,40,40,-0.791,17.07,11.979,156.16,market
2026-06-26,DVN,2026-07-24,28,53.0,42.21,0.0,put,0.7647,9.5,11.55,10.525,0,0,-0.8292,12.25,19.858,258.87,market
2026-06-26,DVN,2026-07-24,28,54.0,42.21,0.0,put,0.5557,10.7,13.25,11.975,0,0,-0.933,4.92,22.176,289.08,market
2026-06-26,DVN,2026-07-24,28,55.0,42.21,0.0,put,1.2144,10.85,14.85,12.85,5,8,-0.7282,17.27,23.364,304.56,market
2026-06-26,DVN,2026-07-31,35,35.0,42.21,17.08,put,0.5542,0.01,0.95,0.48,1,33,-0.1141,84.93,1.371,14.3,market
2026-06-26,DVN,2026-07-31,35,38.0,42.21,9.97,put,0.3955,0.36,0.55,0.455,2,25,-0.169,79.84,1.197,12.49,market
2026-06-26,DVN,2026-07-31,35,39.0,42.21,7.6,put,0.3613,0.33,0.66,0.495,22,43,-0.2102,75.61,1.269,13.24,market
2026-06-26,DVN,2026-07-31,35,40.0,42.21,5.24,put,0.3831,0.8,1.06,0.93,35,35,-0.2901,66.8,2.325,24.25,market
2026-06-26,DVN,2026-07-31,35,41.0,42.21,2.87,put,0.3735,1.11,1.4,1.255,1,19,-0.3629,59.29,3.061,31.92,market
2026-06-26,DVN,2026-07-31,35,42.0,42.21,0.5,put,0.3591,1.4,1.79,1.595,3,31,-0.4429,51.29,3.798,39.6,market
2026-06-26,DVN,2026-07-31,35,43.0,42.21,0.0,put,0.377,1.92,2.43,2.175,1,25,-0.5237,43.01,5.058,52.75,market
2026-06-26,DVN,2026-07-31,35,44.0,42.21,0.0,put,0.3862,2.51,3.1,2.805,20,173,-0.5977,35.68,6.375,66.48,market
2026-06-26,DVN,2026-07-31,35,45.0,42.21,0.0,put,0.3989,3.35,3.85,3.6,1,105,-0.6619,29.42,8.0,83.43,market
2026-06-26,DVN,2026-07-31,35,46.0,42.21,0.0,put,0.4111,3.95,4.65,4.3,1,196,-0.717,24.15,9.348,97.48,market
2026-06-26,DVN,2026-07-31,35,48.0,42.21,0.0,put,0.4453,5.1,6.4,5.75,50,151,-0.7963,16.69,11.979,124.93,market
2026-06-26,DVN,2026-07-31,35,53.0,42.21,0.0,put,1.0308,8.85,12.95,10.9,18,0,-0.7049,19.55,20.566,214.47,market
2026-06-26,MPC,2026-07-17,21,110.0,254.06,56.7,put,1.3477,0.0,0.2,0.079,1,4,-0.0029,99.26,0.071,1.24,bs_fallback
2026-06-26,MPC,2026-07-17,21,120.0,254.06,52.77,put,1.7349,0.75,1.55,1.15,1,3,-0.0218,94.54,0.958,16.66,market
2026-06-26,MPC,2026-07-17,21,125.0,254.06,50.8,put,0.5,0.0,0.0,0.0,2,0,-0.0,100.0,0.0,0.0,bs_fallback
2026-06-26,MPC,2026-07-17,21,130.0,254.06,48.83,put,0.5,0.0,0.0,0.0,4,0,-0.0,100.0,0.0,0.0,bs_fallback
2026-06-26,MPC,2026-07-17,21,135.0,254.06,46.86,put,1.4731,0.0,2.15,0.927,2,6,-0.0242,94.75,0.687,11.94,bs_fallback
2026-06-26,MPC,2026-07-17,21,140.0,254.06,44.89,put,1.3989,0.0,2.15,0.928,1,204,-0.0255,94.7,0.663,11.52,bs_fallback
2026-06-26,MPC,2026-07-17,21,145.0,254.06,42.93,put,0.9551,0.0,0.25,0.099,70,20,-0.005,99.05,0.068,1.18,bs_fallback
2026-06-26,MPC,2026-07-17,21,150.0,254.06,40.96,put,1.408,1.55,2.15,1.85,1,6,-0.0411,91.92,1.233,21.44,market
2026-06-26,MPC,2026-07-17,21,155.0,254.06,38.99,put,1.1902,0.6,1.55,1.075,1,27,-0.0298,94.5,0.694,12.05,market
2026-06-26,MPC,2026-07-17,21,160.0,254.06,37.02,put,0.9033,0.0,0.6,0.246,8,18,-0.012,97.93,0.154,2.67,bs_fallback
2026-06-26,MPC,2026-07-17,21,165.0,254.06,35.05,put,1.061,0.0,2.15,0.929,10,4,-0.0333,94.29,0.563,9.79,bs_fallback
2026-06-26,MPC,2026-07-17,21,170.0,254.06,33.09,put,0.9988,0.0,2.15,0.929,1,36,-0.0352,94.17,0.546,9.5,bs_fallback
2026-06-26,MPC,2026-07-17,21,175.0,254.06,31.12,put,0.7739,0.0,0.75,0.31,1,38,-0.0172,97.32,0.177,3.08,bs_fallback
2026-06-26,MPC,2026-07-17,21,180.0,254.06,29.15,put,0.8833,0.0,2.2,0.952,1,90,-0.0404,93.75,0.529,9.19,bs_fallback
2026-06-26,MPC,2026-07-17,21,185.0,254.06,27.18,put,0.6875,0.1,0.75,0.425,1,89,-0.0215,96.85,0.23,3.99,market
2026-06-26,MPC,2026-07-17,21,190.0,254.06,25.21,put,0.7715,0.0,2.25,0.973,2,59,-0.0467,93.23,0.512,8.9,bs_fallback
2026-06-26,MPC,2026-07-17,21,195.0,254.06,23.25,put,0.7188,0.0,2.3,0.995,2,53,-0.0508,92.86,0.51,8.87,bs_fallback
2026-06-26,MPC,2026-07-17,21,200.0,254.06,21.28,put,0.5161,0.1,0.55,0.325,1,220,-0.0218,97.09,0.163,2.82,market
2026-06-26,MPC,2026-07-17,21,210.0,254.06,17.34,put,0.5481,0.2,1.1,0.65,6,509,-0.0622,92.0,0.31,5.38,market
2026-06-26,MPC,2026-07-17,21,220.0,254.06,13.41,put,0.4469,0.35,1.15,0.75,1,779,-0.0773,90.59,0.341,5.93,market
2026-06-26,MPC,2026-07-17,21,230.0,254.06,9.47,put,0.4016,1.0,1.95,1.475,12,597,-0.1333,84.48,0.641,11.15,market
2026-06-26,MPC,2026-07-17,21,240.0,254.06,5.53,put,0.3939,2.4,4.1,3.25,25,597,-0.2482,72.1,1.354,23.54,market
2026-06-26,MPC,2026-07-17,21,250.0,254.06,1.6,put,0.393,5.3,7.8,6.55,6,235,-0.4018,56.13,2.62,45.54,market
2026-06-26,MPC,2026-07-17,21,260.0,254.06,0.0,put,0.3872,10.3,13.0,11.65,7,178,-0.5681,39.58,4.481,77.88,market
2026-06-26,MPC,2026-07-17,21,270.0,254.06,0.0,put,0.3791,17.4,19.7,18.55,3,148,-0.7231,24.73,6.87,119.41,market
2026-06-26,MPC,2026-07-17,21,280.0,254.06,0.0,put,0.4086,25.9,28.3,27.1,2,236,-0.8196,15.59,9.679,168.22,market
2026-06-26,MPC,2026-07-17,21,290.0,254.06,0.0,put,0.463,34.9,37.8,36.35,1,5,-0.8665,11.11,12.534,217.86,market
2026-06-26,MPC,2026-07-17,21,300.0,254.06,0.0,put,0.5502,44.7,47.9,46.3,0,0,-0.8793,9.62,15.433,268.25,market
2026-06-26,MPC,2026-07-17,21,350.0,254.06,0.0,put,0.6543,94.7,98.0,96.35,0,0,-0.9741,1.78,27.529,478.47,market
2026-06-26,MPC,2026-07-17,21,360.0,254.06,0.0,put,0.6724,104.3,108.2,106.25,0,0,-0.9804,1.31,29.514,512.98,market
2026-06-26,BA,2026-07-17,21,120.0,217.25,44.76,put,0.75,0.0,0.01,0.003,10,38,-0.0003,99.94,0.003,0.05,bs_fallback
2026-06-26,BA,2026-07-17,21,125.0,217.25,42.46,put,0.7031,0.0,0.01,0.004,10,16,-0.0004,99.93,0.003,0.05,bs_fallback
2026-06-26,BA,2026-07-17,21,130.0,217.25,40.16,put,0.6563,0.0,0.01,0.004,561,576,-0.0004,99.93,0.003,0.05,bs_fallback
2026-06-26,BA,2026-07-17,21,135.0,217.25,37.86,put,1.3901,0.0,4.3,1.914,1,14,-0.0546,89.77,1.418,24.64,bs_fallback
2026-06-26,BA,2026-07-17,21,140.0,217.25,35.56,put,0.6367,0.0,0.04,0.015,10,67,-0.0015,99.76,0.01,0.18,bs_fallback
2026-06-26,BA,2026-07-17,21,145.0,217.25,33.26,put,1.2188,0.0,4.3,1.915,1,121,-0.0619,89.38,1.321,22.96,bs_fallback
2026-06-26,BA,2026-07-17,21,150.0,217.25,30.96,put,1.137,0.0,4.3,1.918,10,212,-0.0661,89.11,1.278,22.22,bs_fallback
2026-06-26,BA,2026-07-17,21,155.0,217.25,28.65,put,1.0569,0.0,4.3,1.917,3,26,-0.0708,88.81,1.237,21.5,bs_fallback
2026-06-26,BA,2026-07-17,21,160.0,217.25,26.35,put,0.9788,0.0,4.3,1.918,1,238,-0.076,88.45,1.198,20.83,bs_fallback
2026-06-26,BA,2026-07-17,21,165.0,217.25,24.05,put,0.5059,0.02,0.2,0.11,1,194,-0.0093,98.71,0.067,1.16,market
2026-06-26,BA,2026-07-17,21,170.0,217.25,21.75,put,0.5474,0.05,0.64,0.345,2,355,-0.0253,96.59,0.203,3.53,market
2026-06-26,BA,2026-07-17,21,175.0,217.25,19.45,put,0.4653,0.0,0.25,0.203,3,570,-0.0217,97.18,0.116,2.02,bs_fallback
2026-06-26,BA,2026-07-17,21,180.0,217.25,17.15,put,0.398,0.08,0.2,0.14,13,2822,-0.0203,97.46,0.078,1.35,market
2026-06-26,BA,2026-07-17,21,185.0,217.25,14.84,put,0.396,0.1,0.4,0.25,73,951,-0.0384,95.3,0.135,2.35,market
2026-06-26,BA,2026-07-17,21,190.0,217.25,12.54,put,0.4114,0.34,0.88,0.61,92,4871,-0.0754,90.96,0.321,5.58,market
2026-06-26,BA,2026-07-17,21,195.0,217.25,10.24,put,0.3669,0.68,1.04,0.86,299,4651,-0.0961,88.81,0.441,7.67,market
2026-06-26,BA,2026-07-17,21,200.0,217.25,7.94,put,0.3438,1.17,1.52,1.345,435,3311,-0.1402,84.06,0.672,11.69,market
2026-06-26,BA,2026-07-17,21,205.0,217.25,5.64,put,0.3434,2.0,2.59,2.295,114,1704,-0.2175,75.75,1.12,19.46,market
2026-06-26,BA,2026-07-17,21,210.0,217.25,3.34,put,0.3469,3.2,4.2,3.7,106,3440,-0.3142,65.57,1.762,30.62,market
2026-06-26,BA,2026-07-17,21,215.0,217.25,1.04,put,0.365,4.6,6.65,5.625,98,2433,-0.4225,54.3,2.616,45.47,market
2026-06-26,BA,2026-07-17,21,220.0,217.25,0.0,put,0.3903,7.1,9.8,8.45,45,3127,-0.5227,44.02,3.841,66.76,market
2026-06-26,BA,2026-07-17,21,225.0,217.25,0.0,put,0.4645,10.0,14.4,12.2,57,1007,-0.5922,36.52,5.422,94.24,market
2026-06-26,BA,2026-07-17,21,230.0,217.25,0.0,put,0.4627,13.8,17.75,15.775,35,1833,-0.6673,29.34,6.859,119.21,market
2026-06-26,BA,2026-07-17,21,235.0,217.25,0.0,put,0.526,16.95,22.6,19.775,4,809,-0.7042,25.37,8.415,146.26,market
2026-06-26,BA,2026-07-17,21,240.0,217.25,0.0,put,0.5631,21.55,27.1,24.325,2,414,-0.7417,21.66,10.135,176.16,market
2026-06-26,BA,2026-07-17,21,245.0,217.25,0.0,put,0.5314,26.4,30.65,28.525,3,128,-0.8042,16.25,11.643,202.36,market
2026-06-26,BA,2026-07-17,21,250.0,217.25,0.0,put,0.4832,31.4,34.35,32.875,4,136,-0.8705,10.66,13.15,228.56,market
2026-06-26,BA,2026-07-17,21,255.0,217.25,0.0,put,0.6244,36.2,40.5,38.35,14,153,-0.8354,13.02,15.039,261.4,market
2026-06-26,BA,2026-07-17,21,260.0,217.25,0.0,put,0.7734,40.35,46.9,43.625,41,0,-0.8051,14.79,16.779,291.63,market
2026-06-26,BA,2026-07-17,21,265.0,217.25,0.0,put,0.5325,45.35,51.9,48.625,40,0,-0.9291,5.51,18.349,318.92,market
2026-06-26,BA,2026-07-17,21,270.0,217.25,0.0,put,0.5591,50.35,56.75,53.55,27,10,-0.9373,4.78,19.833,344.72,market
2026-06-26,BA,2026-07-17,21,275.0,217.25,0.0,put,0.7928,55.35,60.35,57.85,26,0,-0.8706,9.35,21.036,365.63,market
2026-06-26,BA,2026-07-17,21,280.0,217.25,0.0,put,0.8516,60.35,65.55,62.95,1,0,-0.8699,9.17,22.482,390.76,market
2026-06-26,BA,2026-07-17,21,285.0,217.25,0.0,put,0.5147,65.35,70.5,67.925,1,1,-0.9827,1.26,23.833,414.25,market
2026-06-26,BA,2026-07-17,21,290.0,217.25,0.0,put,0.8359,72.05,77.15,74.6,77,0,-0.9076,6.35,25.724,447.11,market
2026-06-26,BA,2026-07-17,21,300.0,217.25,0.0,put,1.3552,86.95,93.4,90.175,9,0,-0.7943,12.58,30.058,522.44,market
2026-06-26,BA,2026-07-17,21,315.0,217.25,0.0,put,1.0044,97.05,102.15,99.6,0,0,-0.9207,4.94,31.619,549.57,market
2026-06-26,BA,2026-07-24,28,130.0,217.25,40.16,put,0.8447,0.0,0.44,0.185,22,27,-0.01,98.19,0.142,1.85,bs_fallback
2026-06-26,BA,2026-07-24,28,135.0,217.25,37.86,put,1.2109,0.0,4.3,1.947,26,5,-0.0551,89.66,1.443,18.81,bs_fallback
2026-06-26,BA,2026-07-24,28,140.0,217.25,35.56,put,1.1353,0.0,4.3,1.947,6,6,-0.0586,89.48,1.391,18.13,bs_fallback
2026-06-26,BA,2026-07-24,28,145.0,217.25,33.26,put,1.0054,0.0,3.45,1.551,2,0,-0.0542,90.77,1.07,13.95,bs_fallback
2026-06-26,BA,2026-07-24,28,150.0,217.25,30.96,put,0.8542,0.0,2.32,1.029,2,3,-0.0446,92.83,0.686,8.94,bs_fallback
2026-06-26,BA,2026-07-24,28,155.0,217.25,28.65,put,0.9233,0.0,4.35,1.967,16,7,-0.0717,88.63,1.269,16.54,bs_fallback
2026-06-26,BA,2026-07-24,28,165.0,217.25,24.05,put,0.6711,0.0,2.32,1.025,8,2,-0.0555,92.04,0.621,8.1,bs_fallback
2026-06-26,BA,2026-07-24,28,170.0,217.25,21.75,put,0.4653,0.0,0.3,0.251,6,39,-0.0229,96.91,0.147,1.92,bs_fallback
2026-06-26,BA,2026-07-24,28,175.0,217.25,19.45,put,0.6631,0.0,4.45,2.006,12,15,-0.0985,86.58,1.146,14.94,bs_fallback
2026-06-26,BA,2026-07-24,28,180.0,217.25,17.15,put,0.48,0.0,1.0,0.872,1,5,-0.0655,91.58,0.484,6.31,bs_fallback
2026-06-26,BA,2026-07-24,28,185.0,217.25,14.84,put,0.4829,0.0,1.59,1.409,24,19,-0.0973,87.76,0.762,9.93,bs_fallback
2026-06-26,BA,2026-07-24,28,190.0,217.25,12.54,put,0.3755,0.3,1.05,0.675,12,85,-0.0842,89.86,0.355,4.63,market
2026-06-26,BA,2026-07-24,28,195.0,217.25,10.24,put,0.3931,0.2,1.99,1.095,1,120,-0.1396,83.48,0.562,7.32,market
2026-06-26,BA,2026-07-24,28,200.0,217.25,7.94,put,0.4211,1.44,3.55,2.495,86,178,-0.2117,75.3,1.248,16.26,market
2026-06-26,BA,2026-07-24,28,205.0,217.25,5.64,put,0.3284,2.24,3.15,2.695,13,96,-0.234,73.72,1.315,17.14,market
2026-06-26,BA,2026-07-24,28,210.0,217.25,3.34,put,0.3224,3.75,4.65,4.2,89,136,-0.32,64.74,2.0,26.07,market
2026-06-26,BA,2026-07-24,28,215.0,217.25,1.04,put,0.3262,5.65,6.85,6.25,33,185,-0.4196,54.48,2.907,37.89,market
2026-06-26,BA,2026-07-24,28,220.0,217.25,0.0,put,0.3317,8.1,9.6,8.85,80,182,-0.5196,44.39,4.023,52.44,market
2026-06-26,BA,2026-07-24,28,225.0,217.25,0.0,put,0.306,11.0,12.1,11.55,20,34,-0.6277,34.07,5.133,66.92,market
2026-06-26,BA,2026-07-24,28,230.0,217.25,0.0,put,0.4187,12.7,18.1,15.4,2,22,-0.6557,30.27,6.696,87.28,market
2026-06-26,BA,2026-07-24,28,235.0,217.25,0.0,put,0.4794,16.7,23.05,19.875,1,11,-0.6901,26.47,8.457,110.25,market
2026-06-26,BA,2026-07-24,28,240.0,217.25,0.0,put,0.4329,20.7,26.0,23.35,35,103,-0.77,19.53,9.729,126.83,market
2026-06-26,BA,2026-07-24,28,245.0,217.25,0.0,put,0.4802,26.15,30.95,28.55,0,1,-0.7906,17.32,11.653,151.91,market
2026-06-26,BA,2026-07-24,28,250.0,217.25,0.0,put,0.5094,31.05,35.65,33.35,1,65,-0.8153,14.95,13.34,173.9,market
2026-06-26,BA,2026-07-24,28,260.0,217.25,0.0,put,0.6796,39.0,47.0,43.0,10,0,-0.7995,15.19,16.538,215.59,market
2026-06-26,BA,2026-07-31,35,130.0,217.25,40.16,put,0.7607,0.0,0.45,0.192,1,53,-0.0102,98.13,0.148,1.54,bs_fallback
2026-06-26,BA,2026-07-31,35,135.0,217.25,37.86,put,1.093,0.0,4.4,2.009,4,53,-0.056,89.45,1.488,15.52,bs_fallback
2026-06-26,BA,2026-07-31,35,140.0,217.25,35.56,put,1.0276,0.0,4.45,2.03,4,49,-0.06,89.19,1.45,15.12,bs_fallback
2026-06-26,BA,2026-07-31,35,145.0,217.25,33.26,put,0.9613,0.0,4.45,2.029,2,31,-0.0639,88.98,1.399,14.59,bs_fallback
2026-06-26,BA,2026-07-31,35,150.0,217.25,30.96,put,0.8994,0.0,4.5,2.05,8,4,-0.0686,88.65,1.367,14.25,bs_fallback
2026-06-26,BA,2026-07-31,35,155.0,217.25,28.65,put,0.8389,0.0,4.55,2.071,0,19,-0.0738,88.26,1.336,13.93,bs_fallback
2026-06-26,BA,2026-07-31,35,160.0,217.25,26.35,put,0.7795,0.0,4.6,2.091,10,8,-0.0796,87.82,1.307,13.63,bs_fallback
2026-06-26,BA,2026-07-31,35,165.0,217.25,24.05,put,0.7212,0.0,4.65,2.11,14,9,-0.0861,87.32,1.279,13.34,bs_fallback
2026-06-26,BA,2026-07-31,35,170.0,217.25,21.75,put,0.5369,0.0,2.1,0.923,2,6,-0.0562,92.23,0.543,5.66,bs_fallback
2026-06-26,BA,2026-07-31,35,175.0,217.25,19.45,put,0.6224,0.25,4.9,2.575,102,112,-0.1069,85.33,1.471,15.34,market
2026-06-26,BA,2026-07-31,35,180.0,217.25,17.15,put,0.4412,0.0,1.1,0.961,130,125,-0.0694,91.05,0.534,5.57,bs_fallback
2026-06-26,BA,2026-07-31,35,185.0,217.25,14.84,put,0.5118,0.01,5.35,2.68,1,40,-0.1306,83.27,1.449,15.11,market
2026-06-26,BA,2026-07-31,35,190.0,217.25,12.54,put,0.4811,0.0,3.15,2.855,8,31,-0.1571,80.44,1.502,15.67,bs_fallback
2026-06-26,BA,2026-07-31,35,195.0,217.25,10.24,put,0.5048,0.0,4.8,4.41,1,29,-0.2118,74.01,2.262,23.58,bs_fallback
2026-06-26,BA,2026-07-31,35,200.0,217.25,7.94,put,0.3877,2.07,3.75,2.91,15,68,-0.215,74.83,1.455,15.17,market
2026-06-26,BA,2026-07-31,35,205.0,217.25,5.64,put,0.3722,3.9,4.9,4.4,13,57,-0.2733,68.71,2.146,22.38,market
2026-06-26,BA,2026-07-31,35,210.0,217.25,3.34,put,0.3977,4.65,7.4,6.025,144,21,-0.3534,59.99,2.869,29.92,market
2026-06-26,BA,2026-07-31,35,215.0,217.25,1.04,put,0.3727,6.65,9.0,7.825,61,99,-0.4249,52.95,3.64,37.96,market
2026-06-26,BA,2026-07-31,35,220.0,217.25,0.0,put,0.3916,8.85,12.15,10.5,102,39,-0.5014,45.03,4.773,49.77,market
2026-06-26,BA,2026-07-31,35,225.0,217.25,0.0,put,0.3802,11.7,14.85,13.275,198,77,-0.5785,37.61,5.9,61.53,market
2026-06-26,BA,2026-07-31,35,230.0,217.25,0.0,put,0.4797,14.9,20.75,17.825,2,29,-0.6092,33.51,7.75,80.82,market
2026-06-26,BA,2026-07-31,35,235.0,217.25,0.0,put,0.4155,18.55,22.7,20.625,11,31,-0.6946,26.19,8.777,91.53,market
2026-06-26,BA,2026-07-31,35,240.0,217.25,0.0,put,0.4312,22.45,26.9,24.675,49,77,-0.74,21.86,10.281,107.22,market
2026-06-26,BA,2026-07-31,35,245.0,217.25,0.0,put,0.4387,27.25,31.1,29.175,6,6,-0.7828,17.95,11.908,124.19,market
2026-06-26,BA,2026-07-31,35,255.0,217.25,0.0,put,0.4969,36.4,40.65,38.525,4,2,-0.8246,13.85,15.108,157.55,market
2026-06-26,BA,2026-07-31,35,265.0,217.25,0.0,put,0.5774,45.15,50.75,47.95,0,1,-0.8401,12.02,18.094,188.7,market
2026-06-26,CAT,2026-07-17,21,350.0,997.47,64.91,put,1.2969,0.0,0.05,0.017,4,561,-0.0002,99.94,0.005,0.09,bs_fallback
2026-06-26,CAT,2026-07-17,21,360.0,997.47,63.91,put,1.8223,0.0,2.05,0.839,1,406,-0.0053,98.3,0.233,4.05,bs_fallback
2026-06-26,CAT,2026-07-17,21,370.0,997.47,62.91,put,1.9731,0.0,4.3,1.809,2,18,-0.0097,96.89,0.489,8.5,bs_fallback
2026-06-26,CAT,2026-07-17,21,380.0,997.47,61.9,put,1.9246,0.01,4.3,2.155,792,25,-0.01,96.9,0.567,9.86,market
2026-06-26,CAT,2026-07-17,21,390.0,997.47,60.9,put,1.2227,0.01,0.08,0.045,137,420,-0.0004,99.89,0.012,0.2,market
2026-06-26,CAT,2026-07-17,21,400.0,997.47,59.9,put,1.1914,0.01,0.08,0.045,3,541,-0.0004,99.89,0.011,0.2,market
2026-06-26,CAT,2026-07-17,21,410.0,997.47,58.9,put,1.1602,0.01,0.08,0.045,48,1019,-0.0004,99.89,0.011,0.19,market
2026-06-26,CAT,2026-07-17,21,420.0,997.47,57.89,put,1.7393,0.0,4.3,1.81,174,269,-0.011,96.94,0.431,7.49,bs_fallback
2026-06-26,CAT,2026-07-17,21,430.0,997.47,56.89,put,1.5249,0.01,2.05,1.03,327,218,-0.0064,98.32,0.24,4.16,market
2026-06-26,CAT,2026-07-17,21,440.0,997.47,55.89,put,1.2568,0.0,0.5,0.193,10,289,-0.002,99.5,0.044,0.76,bs_fallback
2026-06-26,CAT,2026-07-17,21,450.0,997.47,54.89,put,1.0547,0.0,0.1,0.036,14,2037,-0.0005,99.88,0.008,0.14,bs_fallback
2026-06-26,CAT,2026-07-17,21,460.0,997.47,53.88,put,1.1973,0.0,0.52,0.201,30,56,-0.0022,99.48,0.044,0.76,bs_fallback
2026-06-26,CAT,2026-07-17,21,470.0,997.47,52.88,put,1.3193,0.0,1.5,0.606,16,90,-0.0055,98.71,0.129,2.24,bs_fallback
2026-06-26,CAT,2026-07-17,21,480.0,997.47,51.88,put,1.4929,0.0,4.3,1.809,2,26,-0.0129,96.94,0.377,6.55,bs_fallback
2026-06-26,CAT,2026-07-17,21,490.0,997.47,50.88,put,1.4548,0.0,4.3,1.809,1,121,-0.0132,96.93,0.369,6.42,bs_fallback
2026-06-26,CAT,2026-07-17,21,500.0,997.47,49.87,put,1.0723,0.0,0.5,0.193,1,296,-0.0024,99.49,0.039,0.67,bs_fallback
2026-06-26,CAT,2026-07-17,21,510.0,997.47,48.87,put,1.381,0.0,4.3,1.809,2,28,-0.0139,96.91,0.355,6.17,bs_fallback
2026-06-26,CAT,2026-07-17,21,520.0,997.47,47.87,put,1.3452,0.0,4.3,1.81,2,24,-0.0143,96.9,0.348,6.05,bs_fallback
2026-06-26,CAT,2026-07-17,21,530.0,997.47,46.87,put,1.3098,0.0,4.3,1.809,3,36,-0.0147,96.89,0.341,5.93,bs_fallback
2026-06-26,CAT,2026-07-17,21,540.0,997.47,45.86,put,0.9404,0.0,0.41,0.156,52,36,-0.0022,99.56,0.029,0.5,bs_fallback
2026-06-26,CAT,2026-07-17,21,550.0,997.47,44.86,put,1.2269,0.0,4.0,1.678,364,78,-0.0146,97.03,0.305,5.3,bs_fallback
2026-06-26,CAT,2026-07-17,21,560.0,997.47,43.86,put,1.208,0.0,4.3,1.81,1,51,-0.0159,96.84,0.323,5.62,bs_fallback
2026-06-26,CAT,2026-07-17,21,570.0,997.47,42.86,put,1.0745,0.01,2.4,1.205,83,88,-0.0104,98.0,0.211,3.67,market
2026-06-26,CAT,2026-07-17,21,580.0,997.47,41.85,put,1.1428,0.0,4.3,1.81,1,177,-0.0168,96.79,0.312,5.42,bs_fallback
2026-06-26,CAT,2026-07-17,21,590.0,997.47,40.85,put,0.7617,0.0,0.21,0.078,116,84,-0.0014,99.74,0.013,0.23,bs_fallback
2026-06-26,CAT,2026-07-17,21,600.0,997.47,39.85,put,1.0796,0.0,4.3,1.809,9,1142,-0.0177,96.74,0.301,5.24,bs_fallback
2026-06-26,CAT,2026-07-17,21,610.0,997.47,38.85,put,1.0488,0.0,4.3,1.81,4,443,-0.0182,96.71,0.297,5.16,bs_fallback
2026-06-26,CAT,2026-07-17,21,620.0,997.47,37.84,put,1.0204,0.0,4.35,1.831,4,152,-0.0189,96.65,0.295,5.13,bs_fallback
2026-06-26,CAT,2026-07-17,21,630.0,997.47,36.84,put,0.6387,0.0,0.12,0.043,1,361,-0.001,99.84,0.007,0.12,bs_fallback
2026-06-26,CAT,2026-07-17,21,640.0,997.47,35.84,put,0.9608,0.0,4.35,1.831,4,196,-0.02,96.58,0.286,4.97,bs_fallback
2026-06-26,CAT,2026-07-17,21,650.0,997.47,34.84,put,0.8784,0.0,3.05,1.264,1,513,-0.0157,97.39,0.195,3.38,bs_fallback
2026-06-26,CAT,2026-07-17,21,660.0,997.47,33.83,put,0.8723,0.0,3.55,1.482,3,369,-0.0182,97.01,0.225,3.9,bs_fallback
2026-06-26,CAT,2026-07-17,21,670.0,997.47,32.83,put,0.8086,0.0,2.71,1.118,3,150,-0.0152,97.56,0.167,2.9,bs_fallback
2026-06-26,CAT,2026-07-17,21,680.0,997.47,31.83,put,0.834,0.0,4.0,1.677,4,155,-0.0212,96.63,0.247,4.29,bs_fallback
2026-06-26,CAT,2026-07-17,21,690.0,997.47,30.82,put,0.699,0.16,1.45,0.805,33,202,-0.0108,98.35,0.117,2.03,market
2026-06-26,CAT,2026-07-17,21,700.0,997.47,29.82,put,0.6201,0.05,0.81,0.43,65,363,-0.0067,99.0,0.061,1.07,market
2026-06-26,CAT,2026-07-17,21,710.0,997.47,28.82,put,0.7167,0.0,3.0,1.242,9,187,-0.0187,97.18,0.175,3.04,bs_fallback
2026-06-26,CAT,2026-07-17,21,720.0,997.47,27.82,put,0.6548,0.1,2.04,1.07,3,284,-0.0149,97.81,0.149,2.58,market
2026-06-26,CAT,2026-07-17,21,730.0,997.47,26.81,put,0.6216,0.0,1.95,0.791,1,180,-0.0143,97.93,0.108,1.88,bs_fallback
2026-06-26,CAT,2026-07-17,21,740.0,997.47,25.81,put,0.5454,0.25,0.78,0.515,5,453,-0.0089,98.74,0.07,1.21,market
2026-06-26,CAT,2026-07-17,21,750.0,997.47,24.81,put,0.5768,0.3,1.7,1.0,1,534,-0.0157,97.79,0.133,2.32,market
2026-06-26,CAT,2026-07-17,21,760.0,997.47,23.81,put,0.5232,0.34,1.04,0.69,8,268,-0.0122,98.33,0.091,1.58,market
2026-06-26,CAT,2026-07-17,21,770.0,997.47,22.8,put,0.5217,0.41,1.39,0.9,754,200,-0.0156,97.88,0.117,2.03,market
2026-06-26,CAT,2026-07-17,21,780.0,997.47,21.8,put,0.5244,0.32,1.22,0.77,4,218,-0.0206,97.23,0.099,1.72,market
2026-06-26,CAT,2026-07-17,21,790.0,997.47,20.8,put,0.5131,0.8,2.0,1.4,9,323,-0.0239,96.83,0.177,3.08,market
2026-06-26,CAT,2026-07-17,21,800.0,997.47,19.8,put,0.4987,0.7,1.55,1.125,38,1150,-0.0269,96.47,0.141,2.44,market
2026-06-26,CAT,2026-07-17,21,810.0,997.47,18.79,put,0.5335,1.11,2.8,1.955,3,216,-0.0433,94.36,0.241,4.2,market
2026-06-26,CAT,2026-07-17,21,820.0,997.47,17.79,put,0.474,0.93,2.0,1.465,7,393,-0.0355,95.46,0.179,3.11,market
2026-06-26,CAT,2026-07-17,21,830.0,997.47,16.79,put,0.4851,1.48,2.87,2.175,3,204,-0.0482,93.9,0.262,4.55,market
2026-06-26,CAT,2026-07-17,21,840.0,997.47,15.79,put,0.4872,1.69,3.7,2.695,11,448,-0.0602,92.45,0.321,5.58,market
2026-06-26,CAT,2026-07-17,21,850.0,997.47,14.78,put,0.4683,2.58,3.95,3.265,34,484,-0.066,91.83,0.384,6.68,market
2026-06-26,CAT,2026-07-17,21,860.0,997.47,13.78,put,0.4709,3.05,5.05,4.05,9,855,-0.0815,90.01,0.471,8.19,market
2026-06-26,CAT,2026-07-17,21,870.0,997.47,12.78,put,0.4933,3.7,7.3,5.5,5,631,-0.1077,86.88,0.632,10.99,market
2026-06-26,CAT,2026-07-17,21,880.0,997.47,11.78,put,0.4832,4.2,8.3,6.25,54,485,-0.1222,85.27,0.71,12.34,market
2026-06-26,CAT,2026-07-17,21,890.0,997.47,10.77,put,0.4619,6.1,8.8,7.45,3,153,-0.1334,84.13,0.837,14.55,market
2026-06-26,CAT,2026-07-17,21,900.0,997.47,9.77,put,0.4796,7.45,11.75,9.6,54,607,-0.1644,80.55,1.067,18.54,market
2026-06-26,CAT,2026-07-17,21,910.0,997.47,8.77,put,0.4632,8.65,12.85,10.75,5,121,-0.1821,78.71,1.181,20.53,market
2026-06-26,CAT,2026-07-17,21,920.0,997.47,7.77,put,0.4603,10.3,15.05,12.675,5,168,-0.2079,75.9,1.378,23.95,market
2026-06-26,CAT,2026-07-17,21,930.0,997.47,6.76,put,0.455,11.95,17.35,14.65,9,73,-0.235,73.02,1.575,27.38,market
2026-06-26,CAT,2026-07-17,21,940.0,997.47,5.76,put,0.4495,14.5,19.9,17.2,37,143,-0.264,69.96,1.83,31.8,market
2026-06-26,CAT,2026-07-17,21,950.0,997.47,4.76,put,0.4347,17.55,21.95,19.75,80,330,-0.2921,67.11,2.079,36.13,market
2026-06-26,CAT,2026-07-17,21,960.0,997.47,3.76,put,0.4373,20.4,25.8,23.1,22,82,-0.3282,63.31,2.406,41.82,market
2026-06-26,CAT,2026-07-17,21,970.0,997.47,2.75,put,0.4412,23.3,30.15,26.725,30,151,-0.3654,59.41,2.755,47.89,market
2026-06-26,CAT,2026-07-17,21,980.0,997.47,1.75,put,0.434,27.6,33.85,30.725,24,57,-0.4015,55.78,3.135,54.49,market
2026-06-26,CAT,2026-07-17,21,990.0,997.47,0.75,put,0.4362,31.8,38.8,35.3,1,46,-0.4397,51.88,3.566,61.97,market
2026-06-26,CAT,2026-07-17,21,1000.0,997.47,0.0,put,0.4329,36.75,43.6,40.175,741,146,-0.478,48.06,4.017,69.83,market
2026-06-26,CAT,2026-07-17,21,1010.0,997.47,0.0,put,0.4314,41.95,48.95,45.45,66,15,-0.5164,44.25,4.5,78.21,market
2026-06-26,CAT,2026-07-17,21,1020.0,997.47,0.0,put,0.4355,47.0,55.2,51.1,25,23,-0.5533,40.57,5.01,87.08,market
2026-06-26,CAT,2026-07-17,21,1030.0,997.47,0.0,put,0.4333,53.45,61.2,57.325,9,48,-0.5906,36.95,5.566,96.73,market
2026-06-26,CAT,2026-07-17,21,1040.0,997.47,0.0,put,0.4251,60.0,67.0,63.5,8,28,-0.6294,33.28,6.106,106.12,market
2026-06-26,CAT,2026-07-17,21,1050.0,997.47,0.0,put,0.4379,65.5,75.05,70.275,20,47,-0.6586,30.37,6.693,116.33,market
2026-06-26,CAT,2026-07-17,21,1060.0,997.47,0.0,put,0.4236,73.0,81.0,77.0,26,28,-0.6982,26.73,7.264,126.26,market
2026-06-26,CAT,2026-07-17,21,1080.0,997.47,0.0,put,0.4422,88.0,97.75,92.875,2,4,-0.7484,21.91,8.6,149.47,market
2026-06-26,CAT,2026-07-17,21,1100.0,997.47,0.0,put,0.4797,104.55,116.55,110.55,19,19,-0.7787,18.86,10.05,174.68,market
2026-06-26,CAT,2026-07-17,21,1120.0,997.47,0.0,put,0.492,122.45,134.0,128.225,15,41,-0.8155,15.47,11.449,198.99,market
2026-06-26,CAT,2026-07-17,21,1160.0,997.47,0.0,put,0.5477,156.25,172.0,164.125,2,2,-0.8557,11.65,14.149,245.92,market
2026-06-26,CAT,2026-07-17,21,1180.0,997.47,0.0,put,0.5678,175.15,190.9,183.025,0,0,-0.8738,10.01,15.511,269.59,market
2026-06-26,CAT,2026-07-17,21,1200.0,997.47,0.0,put,0.5974,194.85,210.45,202.65,3,2,-0.8846,8.98,16.887,293.52,market
2026-06-26,CAT,2026-07-24,28,455.0,997.47,54.38,put,1.3862,0.0,4.3,1.865,0,1,-0.0123,96.87,0.41,5.34,bs_fallback
2026-06-26,CAT,2026-07-24,28,560.0,997.47,43.86,put,1.0541,0.0,4.35,1.881,2,0,-0.0163,96.74,0.336,4.38,bs_fallback
2026-06-26,CAT,2026-07-24,28,595.0,997.47,40.35,put,0.9576,0.0,4.4,1.901,0,15,-0.0181,96.64,0.32,4.17,bs_fallback
2026-06-26,CAT,2026-07-24,28,605.0,997.47,39.35,put,0.9304,0.0,4.4,1.899,5,5,-0.0186,96.61,0.314,4.09,bs_fallback
2026-06-26,CAT,2026-07-24,28,620.0,997.47,37.84,put,0.8535,0.0,3.4,1.454,15,15,-0.0159,97.19,0.235,3.06,bs_fallback
2026-06-26,CAT,2026-07-24,28,625.0,997.47,37.34,put,0.8408,0.0,3.4,1.454,18,20,-0.0162,97.18,0.233,3.03,bs_fallback
2026-06-26,CAT,2026-07-24,28,630.0,997.47,36.84,put,0.8281,0.0,3.4,1.452,26,115,-0.0164,97.16,0.231,3.01,bs_fallback
2026-06-26,CAT,2026-07-24,28,675.0,997.47,32.33,put,0.7321,0.0,3.8,1.626,0,16,-0.0204,96.74,0.241,3.14,bs_fallback
2026-06-26,CAT,2026-07-24,28,680.0,997.47,31.83,put,0.7201,0.0,3.8,1.625,204,111,-0.0207,96.72,0.239,3.12,bs_fallback
2026-06-26,CAT,2026-07-24,28,685.0,997.47,31.33,put,0.7097,0.0,3.85,1.646,50,11,-0.0212,96.66,0.24,3.13,bs_fallback
2026-06-26,CAT,2026-07-24,28,690.0,997.47,30.82,put,0.6094,0.0,1.62,0.669,2,24,-0.011,98.31,0.097,1.26,bs_fallback
2026-06-26,CAT,2026-07-24,28,700.0,997.47,29.82,put,0.5898,0.0,1.65,0.681,1,19,-0.0115,98.26,0.097,1.27,bs_fallback
2026-06-26,CAT,2026-07-24,28,710.0,997.47,28.82,put,0.5894,0.0,2.09,0.87,4,8,-0.0143,97.85,0.122,1.6,bs_fallback
2026-06-26,CAT,2026-07-24,28,715.0,997.47,28.32,put,0.5787,0.0,2.09,0.869,184,10,-0.0146,97.84,0.122,1.58,bs_fallback
2026-06-26,CAT,2026-07-24,28,720.0,997.47,27.82,put,0.6133,0.0,3.35,1.42,147,26,-0.0214,96.83,0.197,2.57,bs_fallback
2026-06-26,CAT,2026-07-24,28,725.0,997.47,27.32,put,0.5212,0.11,1.21,0.66,10,12,-0.0105,98.48,0.091,1.19,market
2026-06-26,CAT,2026-07-24,28,730.0,997.47,26.81,put,0.5068,0.01,1.23,0.62,1478,19,-0.0101,98.54,0.085,1.11,market
2026-06-26,CAT,2026-07-24,28,740.0,997.47,25.81,put,0.5947,0.0,4.3,1.837,1179,221,-0.0275,96.02,0.248,3.24,bs_fallback
2026-06-26,CAT,2026-07-24,28,750.0,997.47,24.81,put,0.5593,0.0,3.8,1.613,137,35,-0.026,96.31,0.215,2.8,bs_fallback
2026-06-26,CAT,2026-07-24,28,755.0,997.47,24.31,put,0.5726,0.0,4.8,2.056,58,16,-0.0315,95.55,0.272,3.55,bs_fallback
2026-06-26,CAT,2026-07-24,28,760.0,997.47,23.81,put,0.5436,0.0,4.05,1.721,1,10,-0.0283,96.05,0.226,2.95,bs_fallback
2026-06-26,CAT,2026-07-24,28,770.0,997.47,22.8,put,0.5461,0.0,5.15,2.208,4,26,-0.035,95.16,0.287,3.74,bs_fallback
2026-06-26,CAT,2026-07-24,28,775.0,997.47,22.3,put,0.5369,0.0,5.25,2.251,0,150,-0.0361,95.04,0.291,3.79,bs_fallback
2026-06-26,CAT,2026-07-24,28,780.0,997.47,21.8,put,0.5275,0.0,5.35,2.293,2,167,-0.0373,94.91,0.294,3.83,bs_fallback
2026-06-26,CAT,2026-07-24,28,785.0,997.47,21.3,put,0.5152,0.0,5.3,2.269,10,10,-0.0378,94.89,0.289,3.77,bs_fallback
2026-06-26,CAT,2026-07-24,28,790.0,997.47,20.8,put,0.513,0.0,2.89,2.482,441,27,-0.041,94.49,0.314,4.1,bs_fallback
2026-06-26,CAT,2026-07-24,28,795.0,997.47,20.3,put,0.5004,0.01,5.7,2.855,36,4,-0.0415,94.47,0.359,4.68,market
2026-06-26,CAT,2026-07-24,28,800.0,997.47,19.8,put,0.4935,1.05,2.98,2.015,4,22,-0.0436,94.22,0.252,3.28,market
2026-06-26,CAT,2026-07-24,28,810.0,997.47,18.79,put,0.5707,0.07,6.65,3.36,1,5,-0.0778,89.66,0.415,5.41,market
2026-06-26,CAT,2026-07-24,28,815.0,997.47,18.29,put,0.513,0.0,4.8,4.197,4,7,-0.0643,91.59,0.515,6.71,bs_fallback
2026-06-26,CAT,2026-07-24,28,820.0,997.47,17.79,put,0.5527,0.91,7.0,3.955,1,46,-0.0836,89.04,0.482,6.29,market
2026-06-26,CAT,2026-07-24,28,825.0,997.47,17.29,put,0.5451,0.01,7.25,3.63,1,1,-0.0872,88.64,0.44,5.74,market
2026-06-26,CAT,2026-07-24,28,830.0,997.47,16.79,put,0.5433,0.01,7.8,3.905,1,15,-0.0931,87.93,0.47,6.13,market
2026-06-26,CAT,2026-07-24,28,835.0,997.47,16.29,put,0.538,0.08,8.2,4.14,31,35,-0.0979,87.38,0.496,6.46,market
2026-06-26,CAT,2026-07-24,28,840.0,997.47,15.79,put,0.5277,2.3,8.35,5.325,1,41,-0.1012,87.05,0.634,8.26,market
2026-06-26,CAT,2026-07-24,28,845.0,997.47,15.29,put,0.5227,1.31,8.8,5.055,7,2,-0.1066,86.43,0.598,7.8,market
2026-06-26,CAT,2026-07-24,28,850.0,997.47,14.78,put,0.5173,3.3,9.25,6.275,5,21,-0.1122,85.81,0.738,9.62,market
2026-06-26,CAT,2026-07-24,28,855.0,997.47,14.28,put,0.5125,3.75,9.75,6.75,5,26,-0.1182,85.13,0.789,10.29,market
2026-06-26,CAT,2026-07-24,28,860.0,997.47,13.78,put,0.4912,4.65,9.3,6.975,5,24,-0.1178,85.32,0.811,10.57,market
2026-06-26,CAT,2026-07-24,28,865.0,997.47,13.28,put,0.5038,3.25,10.9,7.075,9,83,-0.1317,83.62,0.818,10.66,market
2026-06-26,CAT,2026-07-24,28,870.0,997.47,12.78,put,0.4961,5.45,11.3,8.375,4,7,-0.1375,83.0,0.963,12.55,market
2026-06-26,CAT,2026-07-24,28,875.0,997.47,12.28,put,0.4955,6.25,12.2,9.225,1,9,-0.1466,81.96,1.054,13.74,market
2026-06-26,CAT,2026-07-24,28,880.0,997.47,11.78,put,0.4935,6.9,13.05,9.975,2,8,-0.1555,80.96,1.134,14.78,market
2026-06-26,CAT,2026-07-24,28,885.0,997.47,11.28,put,0.4915,7.6,13.95,10.775,2,3,-0.1648,79.92,1.218,15.87,market
2026-06-26,CAT,2026-07-24,28,890.0,997.47,10.77,put,0.4869,8.4,14.7,11.55,1,15,-0.1733,79.0,1.298,16.92,market
2026-06-26,CAT,2026-07-24,28,895.0,997.47,10.27,put,0.485,9.35,15.7,12.525,24,31,-0.1834,77.88,1.399,18.24,market
2026-06-26,CAT,2026-07-24,28,900.0,997.47,9.77,put,0.4609,10.7,15.0,12.85,23,38,-0.1842,77.99,1.428,18.61,market
2026-06-26,CAT,2026-07-24,28,905.0,997.47,9.27,put,0.4775,11.1,17.55,14.325,3,11,-0.2031,75.76,1.583,20.63,market
2026-06-26,CAT,2026-07-24,28,910.0,997.47,8.77,put,0.4666,13.0,17.95,15.475,2,30,-0.2106,75.02,1.701,22.17,market
2026-06-26,CAT,2026-07-24,28,915.0,997.47,8.27,put,0.4718,13.4,19.75,16.575,6,33,-0.2251,73.38,1.811,23.61,market
2026-06-26,CAT,2026-07-24,28,920.0,997.47,7.77,put,0.4545,14.45,19.65,17.05,5,35,-0.231,72.9,1.853,24.16,market
2026-06-26,CAT,2026-07-24,28,925.0,997.47,7.27,put,0.4571,16.05,21.35,18.7,18,22,-0.2453,71.32,2.022,26.35,market
2026-06-26,CAT,2026-07-24,28,930.0,997.47,6.76,put,0.4668,17.8,23.8,20.8,8,25,-0.2624,69.38,2.237,29.16,market
2026-06-26,CAT,2026-07-24,28,935.0,997.47,6.26,put,0.456,19.2,24.4,21.8,9,7,-0.2724,68.42,2.332,30.39,market
2026-06-26,CAT,2026-07-24,28,940.0,997.47,5.76,put,0.4627,20.9,26.75,23.825,13,26,-0.2888,66.6,2.535,33.04,market
2026-06-26,CAT,2026-07-24,28,950.0,997.47,4.76,put,0.4609,23.0,30.2,26.6,6,18,-0.3171,63.61,2.8,36.5,market
2026-06-26,CAT,2026-07-24,28,955.0,997.47,4.26,put,0.4505,25.7,31.05,28.375,3,7,-0.3293,62.44,2.971,38.73,market
2026-06-26,CAT,2026-07-24,28,960.0,997.47,3.76,put,0.4563,26.45,33.65,30.05,5,12,-0.3459,60.65,3.13,40.8,market
2026-06-26,CAT,2026-07-24,28,965.0,997.47,3.26,put,0.4574,27.7,35.85,31.775,3,15,-0.3614,59.02,3.293,42.92,market
2026-06-26,CAT,2026-07-24,28,970.0,997.47,2.75,put,0.4569,30.6,37.95,34.275,3,18,-0.3767,57.45,3.534,46.06,market
2026-06-26,CAT,2026-07-24,28,975.0,997.47,2.25,put,0.4547,32.05,39.95,36.0,5,11,-0.3919,55.9,3.692,48.13,market
2026-06-26,CAT,2026-07-24,28,980.0,997.47,1.75,put,0.4523,32.9,42.0,37.45,1,19,-0.4074,54.34,3.821,49.82,market
2026-06-26,CAT,2026-07-24,28,985.0,997.47,1.25,put,0.4488,35.35,44.0,39.675,2,6,-0.423,52.79,4.028,52.51,market
2026-06-26,CAT,2026-07-24,28,990.0,997.47,0.75,put,0.4531,37.85,46.95,42.4,1,17,-0.4391,51.11,4.283,55.83,market
2026-06-26,CAT,2026-07-24,28,995.0,997.47,0.25,put,0.4505,41.4,49.2,45.3,10,18,-0.455,49.53,4.553,59.35,market
2026-06-26,CAT,2026-07-24,28,1000.0,997.47,0.0,put,0.4538,44.0,52.2,48.1,3,24,-0.4708,47.91,4.81,62.7,market
2026-06-26,CAT,2026-07-24,28,1010.0,997.47,0.0,put,0.449,48.15,57.15,52.65,6,2,-0.5029,44.76,5.213,67.95,market
2026-06-26,CAT,2026-07-24,28,1020.0,997.47,0.0,put,0.4513,54.0,63.2,58.6,2,5,-0.5341,41.66,5.745,74.89,market
2026-06-26,CAT,2026-07-24,28,1030.0,997.47,0.0,put,0.4395,61.0,68.0,64.5,2,5,-0.568,38.48,6.262,81.63,market
2026-06-26,CAT,2026-07-24,28,1040.0,997.47,0.0,put,0.4358,67.0,74.0,70.5,15,8,-0.6002,35.4,6.779,88.37,market
2026-06-26,CAT,2026-07-24,28,1050.0,997.47,0.0,put,0.4424,73.0,81.4,77.2,3,7,-0.6279,32.68,7.352,95.84,market
2026-06-26,CAT,2026-07-24,28,1060.0,997.47,0.0,put,0.4414,78.25,88.25,83.25,2,14,-0.6572,29.91,7.854,102.38,market
2026-06-26,CAT,2026-07-24,28,1070.0,997.47,0.0,put,0.4477,86.1,96.1,91.1,8,1,-0.6819,27.52,8.514,110.99,market
2026-06-26,CAT,2026-07-24,28,1080.0,997.47,0.0,put,0.4315,92.9,102.0,97.45,2,3,-0.7168,24.42,9.023,117.62,market
2026-06-26,CAT,2026-07-24,28,1090.0,997.47,0.0,put,0.4344,100.9,110.0,105.45,28,17,-0.7406,22.19,9.674,126.11,market
2026-06-26,CAT,2026-07-24,28,1100.0,997.47,0.0,put,0.4693,110.3,121.0,115.65,4,2,-0.7448,21.53,10.514,137.05,market
2026-06-26,CAT,2026-07-24,28,1120.0,997.47,0.0,put,0.4897,124.4,138.85,131.625,2,1,-0.7758,18.57,11.752,153.2,market
2026-06-26,CAT,2026-07-24,28,1160.0,997.47,0.0,put,0.4871,161.85,172.65,167.25,4,2,-0.8469,12.34,14.418,187.95,market
2026-06-26,CAT,2026-07-24,28,1230.0,997.47,0.0,put,0.594,225.6,241.85,233.725,0,0,-0.8786,9.13,19.002,247.71,market
2026-06-26,CAT,2026-07-31,35,605.0,997.47,39.35,put,0.8062,0.0,3.55,1.538,5,5,-0.0159,97.11,0.254,2.65,bs_fallback
2026-06-26,CAT,2026-07-31,35,610.0,997.47,38.85,put,0.7963,0.0,3.6,1.56,0,1,-0.0163,97.07,0.256,2.67,bs_fallback
2026-06-26,CAT,2026-07-31,35,620.0,997.47,37.84,put,0.7731,0.0,3.6,1.559,15,15,-0.0168,97.04,0.251,2.62,bs_fallback
2026-06-26,CAT,2026-07-31,35,625.0,997.47,37.34,put,0.7633,0.0,3.65,1.581,18,18,-0.0172,96.99,0.253,2.64,bs_fallback
2026-06-26,CAT,2026-07-31,35,630.0,997.47,36.84,put,0.752,0.0,3.65,1.581,26,26,-0.0174,96.98,0.251,2.62,bs_fallback
2026-06-26,CAT,2026-07-31,35,640.0,997.47,35.84,put,0.731,0.0,3.7,1.601,1,1,-0.0181,96.92,0.25,2.61,bs_fallback
2026-06-26,CAT,2026-07-31,35,700.0,997.47,29.82,put,0.6171,0.0,4.3,1.856,398,15,-0.0242,96.27,0.265,2.77,bs_fallback
2026-06-26,CAT,2026-07-31,35,730.0,997.47,26.81,put,0.5713,0.01,5.05,2.53,2,4,-0.03,95.57,0.347,3.61,market
2026-06-26,CAT,2026-07-31,35,750.0,997.47,24.81,put,0.54,0.0,5.6,2.423,3,11,-0.0346,95.05,0.323,3.37,bs_fallback
2026-06-26,CAT,2026-07-31,35,760.0,997.47,23.81,put,0.5096,0.3,4.8,2.55,2,26,-0.0335,95.3,0.336,3.5,market
2026-06-26,CAT,2026-07-31,35,775.0,997.47,22.3,put,0.517,1.52,5.85,3.685,2,5,-0.0459,93.65,0.475,4.96,market
2026-06-26,CAT,2026-07-31,35,785.0,997.47,21.3,put,0.5716,0.7,6.7,3.7,1,0,-0.0709,90.18,0.471,4.92,market
2026-06-26,CAT,2026-07-31,35,790.0,997.47,20.8,put,0.5102,0.62,4.6,2.61,3,8,-0.0564,92.33,0.33,3.45,market
2026-06-26,CAT,2026-07-31,35,795.0,997.47,20.3,put,0.5608,1.25,7.3,4.275,1,5,-0.0777,89.38,0.538,5.61,market
2026-06-26,CAT,2026-07-31,35,800.0,997.47,19.8,put,0.4982,1.57,5.0,3.285,3,9,-0.062,91.68,0.411,4.28,market
2026-06-26,CAT,2026-07-31,35,810.0,997.47,18.79,put,0.5436,0.46,8.25,4.355,1,3,-0.0886,88.12,0.538,5.61,market
2026-06-26,CAT,2026-07-31,35,815.0,997.47,18.29,put,0.5389,0.81,8.65,4.73,1,2,-0.0929,87.61,0.58,6.05,market
2026-06-26,CAT,2026-07-31,35,820.0,997.47,17.79,put,0.5339,1.23,9.05,5.14,1,6,-0.0974,87.11,0.627,6.54,market
2026-06-26,CAT,2026-07-31,35,825.0,997.47,17.29,put,0.4854,3.65,7.05,5.35,1,32,-0.0853,88.87,0.648,6.76,market
2026-06-26,CAT,2026-07-31,35,830.0,997.47,16.79,put,0.5246,4.1,9.95,7.025,6,21,-0.1071,85.99,0.846,8.83,market
2026-06-26,CAT,2026-07-31,35,835.0,997.47,16.29,put,0.5139,4.6,10.05,7.325,2,24,-0.1099,85.72,0.877,9.15,market
2026-06-26,CAT,2026-07-31,35,840.0,997.47,15.79,put,0.5171,4.85,11.05,7.95,14,16,-0.1184,84.68,0.946,9.87,market
2026-06-26,CAT,2026-07-31,35,845.0,997.47,15.29,put,0.5105,5.6,11.45,8.525,5,20,-0.1233,84.15,1.009,10.52,market
2026-06-26,CAT,2026-07-31,35,850.0,997.47,14.78,put,0.5044,6.2,11.9,9.05,4,14,-0.1286,83.57,1.065,11.1,market
2026-06-26,CAT,2026-07-31,35,855.0,997.47,14.28,put,0.503,7.2,12.7,9.95,7,3,-0.1361,82.7,1.164,12.14,market
2026-06-26,CAT,2026-07-31,35,860.0,997.47,13.78,put,0.5003,7.6,13.45,10.525,2,26,-0.1433,81.88,1.224,12.76,market
2026-06-26,CAT,2026-07-31,35,865.0,997.47,13.28,put,0.4971,8.25,14.2,11.225,6,9,-0.1506,81.05,1.298,13.53,market
2026-06-26,CAT,2026-07-31,35,870.0,997.47,12.78,put,0.4954,9.0,15.1,12.05,1,296,-0.1588,80.12,1.385,14.44,market
2026-06-26,CAT,2026-07-31,35,875.0,997.47,12.28,put,0.4925,10.2,15.95,13.075,2,19,-0.1669,79.22,1.494,15.58,market
2026-06-26,CAT,2026-07-31,35,880.0,997.47,11.78,put,0.4862,10.65,16.55,13.6,4,13,-0.1738,78.49,1.545,16.12,market
2026-06-26,CAT,2026-07-31,35,885.0,997.47,11.28,put,0.4865,12.0,17.75,14.875,7,16,-0.1837,77.35,1.681,17.53,market
2026-06-26,CAT,2026-07-31,35,890.0,997.47,10.77,put,0.4845,12.5,18.8,15.65,4,20,-0.193,76.32,1.758,18.34,market
2026-06-26,CAT,2026-07-31,35,895.0,997.47,10.27,put,0.4815,13.5,19.8,16.65,2,10,-0.2022,75.32,1.86,19.4,market
2026-06-26,CAT,2026-07-31,35,900.0,997.47,9.77,put,0.4752,15.2,20.55,17.875,6,205,-0.2104,74.47,1.986,20.71,market
2026-06-26,CAT,2026-07-31,35,905.0,997.47,9.27,put,0.4791,15.7,22.3,19.0,2,14,-0.223,73.04,2.099,21.89,market
2026-06-26,CAT,2026-07-31,35,910.0,997.47,8.77,put,0.4715,16.9,23.0,19.95,20,9,-0.2313,72.19,2.192,22.86,market
2026-06-26,CAT,2026-07-31,35,915.0,997.47,8.27,put,0.474,17.85,24.75,21.3,14,1,-0.2438,70.79,2.328,24.28,market
2026-06-26,CAT,2026-07-31,35,920.0,997.47,7.77,put,0.4685,20.2,25.75,22.975,4,14,-0.2537,69.77,2.497,26.04,market
2026-06-26,CAT,2026-07-31,35,925.0,997.47,7.27,put,0.4655,20.75,27.05,23.9,13,2,-0.2648,68.6,2.584,26.95,market
2026-06-26,CAT,2026-07-31,35,930.0,997.47,6.76,put,0.4713,22.2,29.35,25.775,4,5,-0.279,67.0,2.772,28.9,market
2026-06-26,CAT,2026-07-31,35,935.0,997.47,6.26,put,0.4621,23.7,30.1,26.9,7,7,-0.2887,66.06,2.877,30.0,market
2026-06-26,CAT,2026-07-31,35,940.0,997.47,5.76,put,0.4566,26.15,31.3,28.725,3,20,-0.3,64.91,3.056,31.87,market
2026-06-26,CAT,2026-07-31,35,945.0,997.47,5.26,put,0.4605,26.95,33.6,30.275,2,12,-0.3142,63.36,3.204,33.41,market
2026-06-26,CAT,2026-07-31,35,950.0,997.47,4.76,put,0.4736,28.65,37.05,32.85,6,11,-0.3305,61.48,3.458,36.06,market
2026-06-26,CAT,2026-07-31,35,955.0,997.47,4.26,put,0.4711,30.6,38.8,34.7,3,21,-0.3431,60.19,3.634,37.89,market
2026-06-26,CAT,2026-07-31,35,960.0,997.47,3.76,put,0.4703,32.45,40.8,36.625,5,17,-0.3562,58.82,3.815,39.79,market
2026-06-26,CAT,2026-07-31,35,965.0,997.47,3.26,put,0.4601,33.15,41.75,37.45,2,5,-0.368,57.72,3.881,40.47,market
2026-06-26,CAT,2026-07-31,35,970.0,997.47,2.75,put,0.4682,36.45,44.95,40.7,1,10,-0.3828,56.09,4.196,43.76,market
2026-06-26,CAT,2026-07-31,35,975.0,997.47,2.25,put,0.4678,38.5,47.2,42.85,2,5,-0.3963,54.7,4.395,45.83,market
2026-06-26,CAT,2026-07-31,35,985.0,997.47,1.25,put,0.4612,44.25,51.2,47.725,1,3,-0.4235,52.0,4.845,50.53,market
2026-06-26,CAT,2026-07-31,35,990.0,997.47,0.75,put,0.4555,45.3,53.0,49.15,2,15,-0.4373,50.67,4.965,51.77,market
2026-06-26,CAT,2026-07-31,35,995.0,997.47,0.25,put,0.467,48.0,57.0,52.5,2,3,-0.4512,49.12,5.276,55.03,market
2026-06-26,CAT,2026-07-31,35,1000.0,997.47,0.0,put,0.4538,50.4,58.0,54.2,8,5,-0.4656,47.84,5.42,56.52,market
2026-06-26,CAT,2026-07-31,35,1010.0,997.47,0.0,put,0.4554,55.6,63.7,59.65,21,3,-0.4936,45.02,5.906,61.59,market
2026-06-26,CAT,2026-07-31,35,1020.0,997.47,0.0,put,0.4609,60.5,70.15,65.325,4,6,-0.5206,42.3,6.404,66.79,market
2026-06-26,CAT,2026-07-31,35,1040.0,997.47,0.0,put,0.4502,71.25,81.15,76.2,11,4,-0.5775,36.89,7.327,76.41,market
2026-06-26,CAT,2026-07-31,35,1060.0,997.47,0.0,put,0.4502,84.65,94.5,89.575,12,6,-0.6301,31.86,8.45,88.13,market
2026-06-26,CAT,2026-07-31,35,1070.0,997.47,0.0,put,0.4459,91.05,101.05,96.05,10,5,-0.6571,29.37,8.977,93.61,market
2026-06-26,CAT,2026-07-31,35,1080.0,997.47,0.0,put,0.4521,99.05,109.0,104.025,12,18,-0.6785,27.3,9.632,100.45,market
2026-06-26,CAT,2026-07-31,35,1090.0,997.47,0.0,put,0.4773,104.0,119.2,111.6,12,4,-0.6893,26.06,10.239,106.77,market
2026-06-26,CAT,2026-07-31,35,1100.0,997.47,0.0,put,0.47,111.95,126.0,118.975,2,23,-0.7145,23.82,10.816,112.79,market
2026-06-26,CAT,2026-07-31,35,1120.0,997.47,0.0,put,0.4726,127.5,142.0,134.75,4,2,-0.7536,20.27,12.031,125.47,market
2026-06-26,DE,2026-07-17,21,420.0,613.24,31.51,put,0.9351,0.0,4.8,2.067,0,10,-0.035,94.39,0.492,8.55,bs_fallback
2026-06-26,DE,2026-07-17,21,430.0,613.24,29.88,put,0.8824,0.0,4.7,2.022,0,1,-0.0362,94.35,0.47,8.17,bs_fallback
2026-06-26,DE,2026-07-17,21,440.0,613.24,28.25,put,0.6338,0.0,0.95,0.382,1,120,-0.0113,98.33,0.087,1.51,bs_fallback
2026-06-26,DE,2026-07-17,21,450.0,613.24,26.62,put,0.596,0.0,0.95,0.381,1,41,-0.012,98.27,0.085,1.47,bs_fallback
2026-06-26,DE,2026-07-17,21,460.0,613.24,24.99,put,0.6179,0.05,1.75,0.9,10,1389,-0.021,97.03,0.196,3.4,market
2026-06-26,DE,2026-07-17,21,470.0,613.24,23.36,put,0.5544,0.0,1.4,0.57,1,40,-0.0184,97.47,0.121,2.11,bs_fallback
2026-06-26,DE,2026-07-17,21,480.0,613.24,21.73,put,0.5443,0.0,0.95,0.784,10,41,-0.0248,96.66,0.163,2.84,bs_fallback
2026-06-26,DE,2026-07-17,21,490.0,613.24,20.1,put,0.5654,0.0,3.4,1.439,2,239,-0.0406,94.6,0.294,5.1,bs_fallback
2026-06-26,DE,2026-07-17,21,500.0,613.24,18.47,put,0.5759,0.1,2.6,1.35,9,166,-0.0585,92.36,0.27,4.69,market
2026-06-26,DE,2026-07-17,21,510.0,613.24,16.84,put,0.5228,0.05,4.8,2.425,10,119,-0.0599,92.37,0.475,8.26,market
2026-06-26,DE,2026-07-17,21,520.0,613.24,15.2,put,0.4097,0.2,1.2,0.7,5,323,-0.0395,95.14,0.135,2.34,market
2026-06-26,DE,2026-07-17,21,530.0,613.24,13.57,put,0.5216,0.25,9.0,4.625,19,193,-0.1054,87.0,0.873,15.17,market
2026-06-26,DE,2026-07-17,21,540.0,613.24,11.94,put,0.5469,0.15,7.1,3.625,15,143,-0.1452,82.27,0.671,11.67,market
2026-06-26,DE,2026-07-17,21,550.0,613.24,10.31,put,0.3817,0.45,3.3,1.875,17,218,-0.1028,87.99,0.341,5.93,market
2026-06-26,DE,2026-07-17,21,560.0,613.24,8.68,put,0.3804,1.15,4.8,2.975,6,227,-0.1417,83.68,0.531,9.23,market
2026-06-26,DE,2026-07-17,21,570.0,613.24,7.05,put,0.382,2.45,6.9,4.675,27,113,-0.1907,78.34,0.82,14.26,market
2026-06-26,DE,2026-07-17,21,580.0,613.24,5.42,put,0.3796,4.2,9.4,6.8,10,128,-0.2454,72.51,1.172,20.38,market
2026-06-26,DE,2026-07-17,21,590.0,613.24,3.79,put,0.3416,5.2,10.6,7.9,11,62,-0.292,67.93,1.339,23.27,market
2026-06-26,DE,2026-07-17,21,600.0,613.24,2.16,put,0.3598,10.3,15.4,12.85,7,68,-0.3709,59.6,2.142,37.22,market
2026-06-26,DE,2026-07-17,21,610.0,613.24,0.53,put,0.3487,14.1,19.3,16.7,10,16,-0.4445,52.23,2.738,47.58,market
2026-06-26,DE,2026-07-17,21,620.0,613.24,0.0,put,0.337,17.0,23.9,20.45,1,25,-0.5238,44.41,3.298,57.33,market
2026-06-26,DE,2026-07-17,21,630.0,613.24,0.0,put,0.3236,24.0,29.2,26.6,21,28,-0.607,36.35,4.222,73.39,market
2026-06-26,DE,2026-07-17,21,640.0,613.24,0.0,put,0.3565,31.0,37.8,34.4,2,3,-0.6639,30.55,5.375,93.42,market
2026-06-26,DE,2026-07-17,21,650.0,613.24,0.0,put,0.358,40.7,45.2,42.95,21,21,-0.7262,24.59,6.608,114.85,market
2026-06-26,DE,2026-07-17,21,660.0,613.24,0.0,put,0.3657,48.1,53.4,50.75,7,6,-0.7767,19.8,7.689,133.65,market
2026-06-26,DE,2026-07-17,21,700.0,613.24,0.0,put,0.5134,84.0,93.0,88.5,0,0,-0.8388,13.29,12.643,219.74,market
2026-06-26,DE,2026-07-24,28,430.0,613.24,29.88,put,0.772,0.0,4.8,2.104,0,2,-0.0371,94.19,0.489,6.38,bs_fallback
2026-06-26,DE,2026-07-24,28,440.0,613.24,28.25,put,0.7302,0.0,4.8,2.103,83,83,-0.0391,94.05,0.478,6.23,bs_fallback
2026-06-26,DE,2026-07-24,28,450.0,613.24,26.62,put,0.6276,0.0,3.0,1.288,19,60,-0.0294,95.69,0.286,3.73,bs_fallback
2026-06-26,DE,2026-07-24,28,460.0,613.24,24.99,put,0.6501,0.05,4.8,2.425,73,73,-0.0438,93.67,0.527,6.87,market
2026-06-26,DE,2026-07-24,28,475.0,613.24,22.54,put,0.5891,0.0,4.8,2.091,1,2,-0.0474,93.42,0.44,5.74,bs_fallback
2026-06-26,DE,2026-07-24,28,480.0,613.24,21.73,put,0.5475,0.0,2.0,1.729,9,10,-0.043,94.12,0.36,4.69,bs_fallback
2026-06-26,DE,2026-07-24,28,485.0,613.24,20.91,put,0.5078,0.0,3.3,1.414,0,6,-0.0387,94.79,0.291,3.8,bs_fallback
2026-06-26,DE,2026-07-24,28,490.0,613.24,20.1,put,0.5765,0.0,3.4,2.998,10,19,-0.0657,91.14,0.612,7.97,bs_fallback
2026-06-26,DE,2026-07-24,28,495.0,613.24,19.28,put,0.5115,0.0,4.8,2.083,0,17,-0.0537,92.9,0.421,5.49,bs_fallback
2026-06-26,DE,2026-07-24,28,500.0,613.24,18.47,put,0.5128,0.0,2.85,2.49,4,34,-0.0624,91.82,0.498,6.49,bs_fallback
2026-06-26,DE,2026-07-24,28,510.0,613.24,16.84,put,0.5447,0.0,4.8,4.275,11,9,-0.0929,87.94,0.838,10.93,bs_fallback
2026-06-26,DE,2026-07-24,28,520.0,613.24,15.2,put,0.502,0.0,4.8,4.267,11,9,-0.0997,87.37,0.821,10.7,bs_fallback
2026-06-26,DE,2026-07-24,28,550.0,613.24,10.31,put,0.3995,2.15,5.8,3.975,1,1,-0.1415,83.22,0.723,9.42,market
2026-06-26,DE,2026-07-24,28,555.0,613.24,9.5,put,0.4686,2.15,10.0,6.075,1,5,-0.194,76.84,1.095,14.27,market
2026-06-26,DE,2026-07-24,28,560.0,613.24,8.68,put,0.3925,3.1,7.5,5.3,1,3,-0.1774,79.29,0.946,12.34,market
2026-06-26,DE,2026-07-24,28,565.0,613.24,7.87,put,0.4009,1.2,9.1,5.15,2,2,-0.2039,76.33,0.912,11.88,market
2026-06-26,DE,2026-07-24,28,570.0,613.24,7.05,put,0.4079,2.6,10.8,6.7,1,2,-0.2304,73.39,1.175,15.32,market
2026-06-26,DE,2026-07-24,28,575.0,613.24,6.24,put,0.4031,3.2,12.0,7.6,2,5,-0.2524,71.06,1.322,17.23,market
2026-06-26,DE,2026-07-24,28,580.0,613.24,5.42,put,0.3778,4.0,12.1,8.05,2,6,-0.2671,69.74,1.388,18.09,market
2026-06-26,DE,2026-07-24,28,600.0,613.24,2.16,put,0.3752,11.1,19.5,15.3,11,2,-0.3825,57.73,2.55,33.24,market
2026-06-26,DE,2026-07-24,28,620.0,613.24,0.0,put,0.3691,20.8,29.1,24.95,1,2,-0.5074,45.19,4.024,52.46,market
2026-06-26,DE,2026-07-24,28,640.0,613.24,0.0,put,0.3702,33.0,41.6,37.3,2,1,-0.6285,33.34,5.828,75.97,market
2026-06-26,DE,2026-07-31,35,380.0,613.24,38.03,put,0.8916,0.0,4.8,2.131,8,4,-0.0295,94.66,0.561,5.85,bs_fallback
2026-06-26,DE,2026-07-31,35,415.0,613.24,32.33,put,0.7504,0.0,4.8,2.122,72,62,-0.0346,94.35,0.511,5.33,bs_fallback
2026-06-26,DE,2026-07-31,35,450.0,613.24,26.62,put,0.6185,0.0,4.8,2.11,19,79,-0.0412,93.88,0.469,4.89,bs_fallback
2026-06-26,DE,2026-07-31,35,480.0,613.24,21.73,put,0.4914,0.35,2.0,1.175,8,2,-0.0429,94.12,0.245,2.55,market
2026-06-26,DE,2026-07-31,35,485.0,613.24,20.91,put,0.5319,0.0,3.3,2.911,2,8,-0.0623,91.48,0.6,6.26,bs_fallback
2026-06-26,DE,2026-07-31,35,490.0,613.24,20.1,put,0.5175,0.0,3.4,3.0,0,8,-0.0655,91.15,0.612,6.38,bs_fallback
2026-06-26,DE,2026-07-31,35,495.0,613.24,19.28,put,0.5468,0.0,4.8,4.287,2,19,-0.0841,88.66,0.866,9.03,bs_fallback
2026-06-26,DE,2026-07-31,35,500.0,613.24,18.47,put,0.5396,0.05,5.2,2.625,81,35,-0.0911,87.84,0.525,5.48,market
2026-06-26,DE,2026-07-31,35,510.0,613.24,16.84,put,0.4889,0.0,4.8,4.27,1,1,-0.0926,87.97,0.837,8.73,bs_fallback
2026-06-26,DE,2026-07-31,35,520.0,613.24,15.2,put,0.4669,0.05,5.4,2.725,11,9,-0.1064,86.47,0.524,5.46,market
2026-06-26,DE,2026-07-31,35,525.0,613.24,14.39,put,0.5536,0.05,10.0,5.025,0,3,-0.1539,80.19,0.957,9.98,market
2026-06-26,DE,2026-07-31,35,535.0,613.24,12.76,put,0.4807,0.55,8.6,4.575,10,10,-0.153,80.92,0.855,8.92,market
2026-06-26,DE,2026-07-31,35,540.0,613.24,11.94,put,0.4633,0.75,8.8,4.775,2,3,-0.1607,80.18,0.884,9.22,market
2026-06-26,DE,2026-07-31,35,545.0,613.24,11.13,put,0.4516,1.25,9.3,5.275,10,12,-0.1716,79.04,0.968,10.09,market
2026-06-26,DE,2026-07-31,35,550.0,613.24,10.31,put,0.4392,1.25,9.8,5.525,47,52,-0.1831,77.86,1.005,10.48,market
2026-06-26,DE,2026-07-31,35,555.0,613.24,9.5,put,0.4206,1.55,10.0,5.775,1,3,-0.1927,76.97,1.041,10.85,market
2026-06-26,DE,2026-07-31,35,565.0,613.24,7.87,put,0.3995,3.3,11.4,7.35,8,4,-0.2227,73.87,1.301,13.57,market
2026-06-26,DE,2026-07-31,35,570.0,613.24,7.05,put,0.3874,4.0,12.1,8.05,9,11,-0.239,72.22,1.412,14.73,market
2026-06-26,DE,2026-07-31,35,575.0,613.24,6.24,put,0.3744,7.4,12.8,10.1,4,5,-0.2563,70.5,1.757,18.32,market
2026-06-26,DE,2026-07-31,35,580.0,613.24,5.42,put,0.371,7.8,14.2,11.0,5,7,-0.2795,68.06,1.897,19.78,market
2026-06-26,DE,2026-07-31,35,585.0,613.24,4.61,put,0.3659,8.4,15.6,12.0,1,2,-0.3032,65.61,2.051,21.39,market
2026-06-26,DE,2026-07-31,35,590.0,613.24,3.79,put,0.3605,10.2,17.1,13.65,5,6,-0.3282,63.05,2.314,24.13,market
2026-06-26,DE,2026-07-31,35,600.0,613.24,2.16,put,0.3569,13.5,21.0,17.25,1,1,-0.3836,57.36,2.875,29.98,market
2026-06-26,GE,2026-07-17,21,150.0,369.0,59.35,put,1.8901,0.0,2.13,0.906,2,2,-0.0133,96.12,0.604,10.5,bs_fallback
2026-06-26,GE,2026-07-17,21,165.0,369.0,55.28,put,1.707,0.0,2.13,0.906,2,0,-0.0147,96.15,0.549,9.55,bs_fallback
2026-06-26,GE,2026-07-17,21,170.0,369.0,53.93,put,1.457,0.0,0.95,0.392,0,1,-0.0082,97.99,0.231,4.01,bs_fallback
2026-06-26,GE,2026-07-17,21,175.0,369.0,52.57,put,1.5938,0.0,2.13,0.906,2,17,-0.0158,96.15,0.518,8.99,bs_fallback
2026-06-26,GE,2026-07-17,21,180.0,369.0,51.22,put,1.043,0.0,0.1,0.037,1,12,-0.0013,99.71,0.021,0.36,bs_fallback
2026-06-26,GE,2026-07-17,21,185.0,369.0,49.86,put,1.4871,0.0,2.13,0.906,10,7,-0.0169,96.13,0.49,8.51,bs_fallback
2026-06-26,GE,2026-07-17,21,190.0,369.0,48.51,put,1.4355,0.0,2.13,0.905,5,9,-0.0175,96.11,0.477,8.28,bs_fallback
2026-06-26,GE,2026-07-17,21,195.0,369.0,47.15,put,1.3857,0.0,2.13,0.906,96,78,-0.0181,96.09,0.465,8.08,bs_fallback
2026-06-26,GE,2026-07-17,21,200.0,369.0,45.8,put,1.3369,0.0,2.13,0.906,1,75,-0.0188,96.07,0.453,7.88,bs_fallback
2026-06-26,GE,2026-07-17,21,210.0,369.0,43.09,put,1.2427,0.0,2.13,0.906,1,61,-0.0202,96.01,0.432,7.5,bs_fallback
2026-06-26,GE,2026-07-17,21,220.0,369.0,40.38,put,0.9473,0.0,0.6,0.243,1,69,-0.0081,98.52,0.111,1.92,bs_fallback
2026-06-26,GE,2026-07-17,21,230.0,369.0,37.67,put,0.9609,0.0,1.15,0.477,1,244,-0.0147,97.43,0.207,3.61,bs_fallback
2026-06-26,GE,2026-07-17,21,240.0,369.0,34.96,put,0.9846,0.0,2.15,0.915,1,1238,-0.0255,95.69,0.381,6.63,bs_fallback
2026-06-26,GE,2026-07-17,21,250.0,369.0,32.25,put,0.6885,0.05,0.32,0.185,15,928,-0.007,98.91,0.074,1.29,market
2026-06-26,GE,2026-07-17,21,260.0,369.0,29.54,put,0.6211,0.0,0.35,0.137,3,1197,-0.0073,98.91,0.053,0.92,bs_fallback
2026-06-26,GE,2026-07-17,21,270.0,369.0,26.83,put,0.584,0.1,0.37,0.235,15,1705,-0.0102,98.54,0.087,1.51,market
2026-06-26,GE,2026-07-17,21,280.0,369.0,24.12,put,0.5317,0.2,0.32,0.26,15,1719,-0.0122,98.31,0.093,1.61,market
2026-06-26,GE,2026-07-17,21,290.0,369.0,21.41,put,0.5142,0.0,0.89,0.363,7,2703,-0.0208,97.23,0.125,2.18,bs_fallback
2026-06-26,GE,2026-07-17,21,300.0,369.0,18.7,put,0.5283,0.66,1.36,1.01,5,907,-0.0428,94.44,0.337,5.85,market
2026-06-26,GE,2026-07-17,21,310.0,369.0,15.99,put,0.5387,0.68,1.96,1.32,26,1228,-0.0756,90.42,0.426,7.4,market
2026-06-26,GE,2026-07-17,21,320.0,369.0,13.28,put,0.5087,1.55,2.71,2.13,41,882,-0.1052,87.08,0.666,11.57,market
2026-06-26,GE,2026-07-17,21,330.0,369.0,10.57,put,0.4902,2.47,4.0,3.235,24,514,-0.1508,82.01,0.98,17.04,market
2026-06-26,GE,2026-07-17,21,340.0,369.0,7.86,put,0.4796,4.35,6.0,5.175,680,737,-0.2136,75.15,1.522,26.45,market
2026-06-26,GE,2026-07-17,21,350.0,369.0,5.15,put,0.4448,6.8,7.95,7.375,3603,452,-0.2824,68.05,2.107,36.62,market
2026-06-26,GE,2026-07-17,21,360.0,369.0,2.44,put,0.4441,10.3,11.75,11.025,55,152,-0.3775,58.14,3.062,53.23,market
2026-06-26,GE,2026-07-17,21,370.0,369.0,0.0,put,0.4395,14.7,16.4,15.55,37,32,-0.4783,47.96,4.203,73.05,market
2026-06-26,GE,2026-07-17,21,380.0,369.0,0.0,put,0.4209,20.25,21.55,20.9,2,20,-0.5839,37.72,5.5,95.6,market
2026-06-26,GE,2026-07-17,21,390.0,369.0,0.0,put,0.457,25.75,29.5,27.625,0,2,-0.6642,29.69,7.083,123.12,market
2026-06-26,GE,2026-07-17,21,400.0,369.0,0.0,put,0.467,33.55,37.25,35.4,4,30,-0.7384,22.65,8.85,153.82,market
2026-06-26,GE,2026-07-17,21,430.0,369.0,0.0,put,0.5377,60.5,64.2,62.35,1,1,-0.8642,10.97,14.5,252.02,market
2026-06-26,GE,2026-07-17,21,440.0,369.0,0.0,put,0.5643,69.85,73.7,71.775,1,0,-0.8871,8.91,16.313,283.53,market
2026-06-26,GE,2026-07-24,28,170.0,369.0,53.93,put,1.439,0.0,2.15,0.941,547,517,-0.0156,96.04,0.553,7.22,bs_fallback
2026-06-26,GE,2026-07-24,28,175.0,369.0,52.57,put,1.3916,0.0,2.16,0.946,6,158,-0.0163,96.02,0.54,7.04,bs_fallback
2026-06-26,GE,2026-07-24,28,180.0,369.0,51.22,put,1.3452,0.0,2.17,0.949,86,36,-0.0169,96.0,0.527,6.87,bs_fallback
2026-06-26,GE,2026-07-24,28,185.0,369.0,49.86,put,1.2993,0.0,2.17,0.949,82,100,-0.0175,95.99,0.513,6.69,bs_fallback
2026-06-26,GE,2026-07-24,28,190.0,369.0,48.51,put,1.2554,0.0,2.18,0.953,231,53,-0.0181,95.96,0.501,6.54,bs_fallback
2026-06-26,GE,2026-07-24,28,195.0,369.0,47.15,put,1.2119,0.0,2.18,0.954,76,15,-0.0188,95.94,0.489,6.37,bs_fallback
2026-06-26,GE,2026-07-24,28,200.0,369.0,45.8,put,1.1699,0.0,2.19,0.956,116,65,-0.0195,95.91,0.478,6.23,bs_fallback
2026-06-26,GE,2026-07-24,28,205.0,369.0,44.44,put,1.1294,0.0,2.2,0.962,58,8,-0.0203,95.86,0.469,6.12,bs_fallback
2026-06-26,GE,2026-07-24,28,210.0,369.0,43.09,put,1.0894,0.0,2.21,0.965,12,6,-0.0211,95.82,0.46,5.99,bs_fallback
2026-06-26,GE,2026-07-24,28,215.0,369.0,41.73,put,1.0503,0.0,2.22,0.969,4,27,-0.0219,95.77,0.451,5.87,bs_fallback
2026-06-26,GE,2026-07-24,28,220.0,369.0,40.38,put,1.0122,0.0,2.23,0.974,2,1,-0.0228,95.71,0.443,5.77,bs_fallback
2026-06-26,GE,2026-07-24,28,240.0,369.0,34.96,put,0.8198,0.0,1.67,0.72,0,1,-0.0214,96.39,0.3,3.91,bs_fallback
2026-06-26,GE,2026-07-24,28,250.0,369.0,32.25,put,0.6397,0.0,0.6,0.248,2,9,-0.0105,98.34,0.099,1.29,bs_fallback
2026-06-26,GE,2026-07-24,28,255.0,369.0,30.89,put,0.7253,0.0,1.75,0.754,8,13,-0.0251,96.06,0.296,3.85,bs_fallback
2026-06-26,GE,2026-07-24,28,260.0,369.0,29.54,put,0.6777,0.0,1.55,0.664,1,14,-0.0239,96.34,0.255,3.33,bs_fallback
2026-06-26,GE,2026-07-24,28,265.0,369.0,28.18,put,0.5855,0.0,0.86,0.359,22,38,-0.0159,97.64,0.136,1.77,bs_fallback
2026-06-26,GE,2026-07-24,28,270.0,369.0,26.83,put,0.5767,0.01,1.06,0.535,10,22,-0.0197,97.13,0.198,2.58,market
2026-06-26,GE,2026-07-24,28,275.0,369.0,25.47,put,0.5559,0.3,0.87,0.585,2,46,-0.0221,96.84,0.213,2.77,market
2026-06-26,GE,2026-07-24,28,280.0,369.0,24.12,put,0.512,0.04,0.95,0.495,4,6,-0.0205,97.15,0.177,2.3,market
2026-06-26,GE,2026-07-24,28,290.0,369.0,21.41,put,0.53,0.42,1.1,0.76,1,43,-0.0409,94.45,0.262,3.42,market
2026-06-26,GE,2026-07-24,28,295.0,369.0,20.05,put,0.5192,0.58,1.32,0.95,42,40,-0.049,93.46,0.322,4.2,market
2026-06-26,GE,2026-07-24,28,300.0,369.0,18.7,put,0.4974,0.82,1.44,1.13,4,29,-0.0549,92.81,0.377,4.91,market
2026-06-26,GE,2026-07-24,28,305.0,369.0,17.34,put,0.5177,1.19,2.2,1.695,12,21,-0.0768,90.03,0.556,7.24,market
2026-06-26,GE,2026-07-24,28,310.0,369.0,15.99,put,0.495,0.8,2.39,1.595,11,24,-0.0858,89.07,0.515,6.71,market
2026-06-26,GE,2026-07-24,28,315.0,369.0,14.63,put,0.4603,1.12,2.38,1.75,1,20,-0.091,88.63,0.556,7.24,market
2026-06-26,GE,2026-07-24,28,320.0,369.0,13.28,put,0.448,1.4,2.81,2.105,2,24,-0.1073,86.8,0.658,8.58,market
2026-06-26,GE,2026-07-24,28,325.0,369.0,11.92,put,0.4585,2.33,3.85,3.09,2,17,-0.1371,83.31,0.951,12.39,market
2026-06-26,GE,2026-07-24,28,330.0,369.0,10.57,put,0.4538,3.55,4.7,4.125,1,30,-0.163,80.41,1.25,16.29,market
2026-06-26,GE,2026-07-24,28,335.0,369.0,9.21,put,0.4269,4.35,5.05,4.7,3,5,-0.1816,78.55,1.403,18.29,market
2026-06-26,GE,2026-07-24,28,340.0,369.0,7.86,put,0.4273,5.45,6.3,5.875,3,16,-0.2167,74.7,1.728,22.52,market
2026-06-26,GE,2026-07-24,28,345.0,369.0,6.5,put,0.4304,6.7,7.85,7.275,9,6,-0.2559,70.43,2.109,27.49,market
2026-06-26,GE,2026-07-24,28,350.0,369.0,5.15,put,0.4164,8.15,9.0,8.575,2,15,-0.2914,66.78,2.45,31.94,market
2026-06-26,GE,2026-07-24,28,355.0,369.0,3.79,put,0.4151,9.75,10.8,10.275,6,2,-0.3346,62.26,2.894,37.73,market
2026-06-26,GE,2026-07-24,28,360.0,369.0,2.44,put,0.4143,11.8,12.85,12.325,1,5,-0.3798,57.58,3.424,44.63,market
2026-06-26,GE,2026-07-24,28,365.0,369.0,1.08,put,0.4079,13.85,14.9,14.375,1,7,-0.4259,52.95,3.938,51.34,market
2026-06-26,GE,2026-07-31,35,170.0,369.0,53.93,put,1.2935,0.0,2.17,0.963,22,111,-0.0159,95.96,0.567,5.91,bs_fallback
2026-06-26,GE,2026-07-31,35,175.0,369.0,52.57,put,1.251,0.0,2.18,0.968,42,411,-0.0165,95.95,0.553,5.77,bs_fallback
2026-06-26,GE,2026-07-31,35,180.0,369.0,51.22,put,1.2085,0.0,2.18,0.968,49,142,-0.0171,95.94,0.538,5.61,bs_fallback
2026-06-26,GE,2026-07-31,35,185.0,369.0,49.86,put,1.168,0.0,2.19,0.971,96,61,-0.0177,95.92,0.525,5.47,bs_fallback
2026-06-26,GE,2026-07-31,35,190.0,369.0,48.51,put,1.1277,0.0,2.19,0.97,44,16,-0.0183,95.91,0.511,5.33,bs_fallback
2026-06-26,GE,2026-07-31,35,195.0,369.0,47.15,put,1.0894,0.0,2.2,0.974,8,12,-0.0191,95.87,0.5,5.21,bs_fallback
2026-06-26,GE,2026-07-31,35,200.0,369.0,45.8,put,1.0518,0.0,2.21,0.978,4,48,-0.0198,95.84,0.489,5.1,bs_fallback
2026-06-26,GE,2026-07-31,35,205.0,369.0,44.44,put,1.0151,0.0,2.22,0.982,2,5,-0.0206,95.8,0.479,4.99,bs_fallback
2026-06-26,GE,2026-07-31,35,210.0,369.0,43.09,put,0.9795,0.0,2.23,0.986,2,19,-0.0214,95.75,0.47,4.9,bs_fallback
2026-06-26,GE,2026-07-31,35,220.0,369.0,40.38,put,0.9099,0.0,2.25,0.993,2,1,-0.0231,95.65,0.451,4.71,bs_fallback
2026-06-26,GE,2026-07-31,35,275.0,369.0,25.47,put,0.5339,0.0,1.71,0.735,10,18,-0.0294,95.77,0.267,2.79,bs_fallback
2026-06-26,GE,2026-07-31,35,280.0,369.0,24.12,put,0.5415,0.0,1.2,1.043,2,16,-0.0393,94.42,0.373,3.89,bs_fallback
2026-06-26,GE,2026-07-31,35,290.0,369.0,21.41,put,0.4801,0.35,1.15,0.75,1,60,-0.0421,94.28,0.259,2.7,market
2026-06-26,GE,2026-07-31,35,295.0,369.0,20.05,put,0.523,0.42,2.15,1.285,3,2355,-0.0678,90.84,0.436,4.54,market
2026-06-26,GE,2026-07-31,35,300.0,369.0,18.7,put,0.5236,0.3,2.71,1.505,1,1602,-0.0826,88.98,0.502,5.23,market
2026-06-26,GE,2026-07-31,35,305.0,369.0,17.34,put,0.516,0.71,3.2,1.955,1008,991,-0.0965,87.33,0.641,6.68,market
2026-06-26,GE,2026-07-31,35,310.0,369.0,15.99,put,0.4926,1.06,3.4,2.23,3,823,-0.1057,86.38,0.719,7.5,market
2026-06-26,GE,2026-07-31,35,315.0,369.0,14.63,put,0.4827,1.68,3.95,2.815,14,18,-0.1219,84.52,0.894,9.32,market
2026-06-26,GE,2026-07-31,35,320.0,369.0,13.28,put,0.4642,2.36,4.35,3.355,3,36,-0.1365,82.96,1.048,10.93,market
2026-06-26,GE,2026-07-31,35,325.0,369.0,11.92,put,0.4579,2.82,5.15,3.985,5,130,-0.1586,80.47,1.226,12.79,market
2026-06-26,GE,2026-07-31,35,330.0,369.0,10.57,put,0.4446,3.25,5.85,4.55,2,71,-0.1801,78.15,1.379,14.38,market
2026-06-26,GE,2026-07-31,35,335.0,369.0,9.21,put,0.4389,4.05,6.9,5.475,3,32,-0.2077,75.13,1.634,17.04,market
2026-06-26,GE,2026-07-31,35,340.0,369.0,7.86,put,0.4347,5.2,8.15,6.675,2,43,-0.2385,71.78,1.963,20.47,market
2026-06-26,GE,2026-07-31,35,345.0,369.0,6.5,put,0.4313,6.6,9.6,8.1,1,7,-0.2722,68.18,2.348,24.48,market
2026-06-26,GE,2026-07-31,35,350.0,369.0,5.15,put,0.4249,7.95,11.1,9.525,252,123,-0.3071,64.52,2.721,28.38,market
2026-06-26,GE,2026-07-31,35,355.0,369.0,3.79,put,0.4201,9.9,12.85,11.375,7,56,-0.3449,60.61,3.204,33.42,market
2026-06-26,GE,2026-07-31,35,360.0,369.0,2.44,put,0.4155,11.5,14.8,13.15,3,16,-0.3846,56.55,3.653,38.09,market
2026-06-26,F,2026-07-17,21,5.0,14.13,64.61,put,1.75,0.0,0.02,0.007,0,2,-0.0036,98.85,0.147,2.55,bs_fallback
2026-06-26,F,2026-07-17,21,7.0,14.13,50.46,put,1.2969,0.0,0.03,0.012,2,2,-0.0077,98.26,0.176,3.06,bs_fallback
2026-06-26,F,2026-07-17,21,8.0,14.13,43.38,put,1.1094,0.0,0.04,0.016,1,1,-0.0113,97.81,0.198,3.44,bs_fallback
2026-06-26,F,2026-07-17,21,9.0,14.13,36.31,put,1.0156,0.0,0.08,0.033,13,115,-0.0236,95.92,0.368,6.4,bs_fallback
2026-06-26,F,2026-07-17,21,10.0,14.13,29.23,put,0.6875,0.0,0.03,0.012,11,434,-0.014,97.89,0.122,2.11,bs_fallback
2026-06-26,F,2026-07-17,21,11.0,14.13,22.15,put,0.5703,0.0,0.05,0.021,38,558,-0.0274,96.27,0.194,3.36,bs_fallback
2026-06-26,F,2026-07-17,21,12.0,14.13,15.07,put,0.4375,0.03,0.04,0.035,351,4963,-0.0508,93.72,0.292,5.07,market
2026-06-26,F,2026-07-17,21,13.0,14.13,8.0,put,0.3926,0.11,0.14,0.125,343,13982,-0.1678,80.75,0.962,16.71,market
2026-06-26,F,2026-07-17,21,14.0,14.13,0.92,put,0.3721,0.41,0.45,0.43,429,19148,-0.4284,53.63,3.071,53.38,market
2026-06-26,F,2026-07-17,21,15.0,14.13,0.0,put,0.418,1.01,1.13,1.07,48,10841,-0.6975,26.85,7.133,123.98,market
2026-06-26,F,2026-07-17,21,16.0,14.13,0.0,put,0.4121,1.84,1.95,1.895,65,16252,-0.8808,10.07,11.844,205.86,market
2026-06-26,F,2026-07-17,21,17.0,14.13,0.0,put,0.6875,2.63,3.05,2.84,2,3160,-0.8465,11.77,16.706,290.36,market
2026-06-26,F,2026-07-17,21,18.0,14.13,0.0,put,0.75,3.6,4.0,3.8,7,1739,-0.8925,7.79,21.111,366.93,market
2026-06-26,F,2026-07-17,21,19.0,14.13,0.0,put,0.6406,3.65,6.15,4.9,1,0,-0.9665,2.36,25.789,448.25,market
2026-06-26,F,2026-07-17,21,20.0,14.13,0.0,put,0.7266,4.65,7.15,5.9,2,1,-0.9706,1.95,29.5,512.74,market
2026-06-26,F,2026-07-17,21,21.0,14.13,0.0,put,0.6406,5.6,8.15,6.875,1,0,-0.9935,0.42,32.738,569.02,market
2026-06-26,F,2026-07-17,21,31.0,14.13,0.0,put,1.1563,15.6,18.15,16.875,2,0,-0.9964,0.15,54.435,946.14,market
2026-06-26,F,2026-07-17,21,32.0,14.13,0.0,put,1.4688,16.65,19.15,17.9,4,0,-0.9837,0.64,55.937,972.25,market
2026-06-26,F,2026-07-24,28,10.0,14.13,29.23,put,1.1172,0.0,0.51,0.236,5,5,-0.0995,83.52,2.356,30.71,bs_fallback
2026-06-26,F,2026-07-24,28,11.0,14.13,22.15,put,0.709,0.0,0.25,0.112,2,3,-0.0818,88.43,1.019,13.29,bs_fallback
2026-06-26,F,2026-07-24,28,11.5,14.13,18.61,put,0.5742,0.0,0.1,0.088,11,263,-0.081,89.24,0.767,10.0,bs_fallback
2026-06-26,F,2026-07-24,28,12.0,14.13,15.07,put,0.4551,0.04,0.08,0.06,3,392,-0.0823,89.68,0.5,6.52,market
2026-06-26,F,2026-07-24,28,12.5,14.13,11.54,put,0.4395,0.05,0.14,0.095,5,227,-0.1358,83.59,0.76,9.91,market
2026-06-26,F,2026-07-24,28,13.0,14.13,8.0,put,0.3965,0.17,0.2,0.185,146,388,-0.198,77.01,1.423,18.55,market
2026-06-26,F,2026-07-24,28,13.5,14.13,4.46,put,0.3887,0.29,0.34,0.315,87,934,-0.3039,65.74,2.333,30.42,market
2026-06-26,F,2026-07-24,28,14.0,14.13,0.92,put,0.5147,0.49,0.75,0.62,45,1227,-0.4353,50.82,4.429,57.73,market
2026-06-26,F,2026-07-24,28,14.5,14.13,0.0,put,0.5107,0.75,1.02,0.885,3,396,-0.5338,41.05,6.103,79.56,market
2026-06-26,F,2026-07-24,28,15.0,14.13,0.0,put,0.5361,0.83,1.38,1.105,12,571,-0.6188,32.61,7.367,96.03,market
2026-06-26,F,2026-07-24,28,15.5,14.13,0.0,put,0.6426,1.2,1.89,1.545,40,74,-0.6589,27.85,9.968,129.94,market
2026-06-26,F,2026-07-24,28,16.0,14.13,0.0,put,0.5908,1.9,2.2,2.05,4,12,-0.7435,20.67,12.812,167.02,market
2026-06-26,F,2026-07-24,28,16.5,14.13,0.0,put,0.8398,2.1,3.75,2.925,2,10,-0.7033,22.17,17.727,231.09,market
2026-06-26,F,2026-07-24,28,17.0,14.13,0.0,put,0.7969,2.34,4.2,3.27,4,5,-0.7612,17.6,19.235,250.75,market
2026-06-26,F,2026-07-24,28,17.5,14.13,0.0,put,0.8438,2.79,4.7,3.745,4,4,-0.7829,15.49,21.4,278.96,market
2026-06-26,F,2026-07-24,28,18.0,14.13,0.0,put,1.0371,3.05,5.75,4.4,5,4,-0.7536,16.53,24.444,318.65,market
2026-06-26,F,2026-07-24,28,18.5,14.13,0.0,put,1.1016,3.55,6.25,4.9,2,1,-0.7637,15.31,26.486,345.27,market
2026-06-26,F,2026-07-24,28,19.0,14.13,0.0,put,1.1816,3.9,6.95,5.425,4,0,-0.7671,14.53,28.553,372.2,market
2026-06-26,F,2026-07-24,28,19.5,14.13,0.0,put,1.3213,4.8,7.25,6.025,6,0,-0.7539,14.62,30.897,402.77,market
2026-06-26,F,2026-07-24,28,20.0,14.13,0.0,put,1.4951,5.6,7.75,6.675,108,0,-0.7333,14.99,33.375,435.07,market
2026-06-26,F,2026-07-24,28,20.5,14.13,0.0,put,1.4531,5.85,8.25,7.05,220,0,-0.7623,13.21,34.39,448.3,market
2026-06-26,F,2026-07-24,28,21.0,14.13,0.0,put,1.6055,6.6,8.75,7.675,122,0,-0.7454,13.46,36.548,476.42,market
2026-06-26,F,2026-07-24,28,22.0,14.13,0.0,put,1.6855,7.55,9.75,8.65,388,0,-0.7601,12.03,39.318,512.54,market
2026-06-26,F,2026-07-24,28,23.0,14.13,0.0,put,1.5859,8.7,10.15,9.425,1236,0,-0.8108,9.34,40.978,534.18,market
2026-06-26,F,2026-07-31,35,10.0,14.13,29.23,put,0.8086,0.0,0.24,0.108,3,28,-0.0636,89.88,1.083,11.3,bs_fallback
2026-06-26,F,2026-07-31,35,10.5,14.13,25.69,put,0.7559,0.0,0.29,0.132,2,5,-0.0798,87.94,1.256,13.1,bs_fallback
2026-06-26,F,2026-07-31,35,11.5,14.13,18.61,put,0.502,0.03,0.15,0.09,17,149,-0.0758,89.94,0.783,8.16,market
2026-06-26,F,2026-07-31,35,12.0,14.13,15.07,put,0.543,0.08,0.2,0.14,20,54,-0.1391,82.02,1.167,12.17,market
2026-06-26,F,2026-07-31,35,12.5,14.13,11.54,put,0.4668,0.1,0.22,0.16,10,443,-0.1702,79.07,1.28,13.35,market
2026-06-26,F,2026-07-31,35,13.0,14.13,8.0,put,0.4727,0.16,0.36,0.26,30,561,-0.2497,70.16,2.0,20.86,market
2026-06-26,F,2026-07-31,35,13.5,14.13,4.46,put,0.4482,0.38,0.5,0.44,9,548,-0.3327,61.55,3.259,33.99,market
2026-06-26,F,2026-07-31,35,14.0,14.13,0.92,put,0.4902,0.48,0.8,0.64,15,116,-0.4331,50.66,4.571,47.67,market
2026-06-26,F,2026-07-31,35,14.5,14.13,0.0,put,0.5381,0.79,1.16,0.975,12,95,-0.5172,41.7,6.724,70.12,market
2026-06-26,F,2026-07-31,35,15.0,14.13,0.0,put,0.457,1.02,1.34,1.18,27,67,-0.6246,32.31,7.867,82.04,market
2026-06-26,F,2026-07-31,35,16.0,14.13,0.0,put,0.5059,1.13,3.2,2.165,10,22,-0.7532,20.01,13.531,141.11,market
2026-06-26,F,2026-07-31,35,16.5,14.13,0.0,put,0.7373,1.25,4.55,2.9,2,14,-0.7068,22.0,17.576,183.29,market
2026-06-26,F,2026-07-31,35,18.0,14.13,0.0,put,0.7988,3.25,5.2,4.225,13,13,-0.7983,13.94,23.472,244.78,market
2026-06-26,F,2026-07-31,35,22.0,14.13,0.0,put,1.459,7.4,9.75,8.575,148,64,-0.7714,11.6,38.977,406.48,market
2026-06-26,F,2026-07-31,35,23.0,14.13,0.0,put,1.3164,7.85,10.75,9.3,344,262,-0.8364,8.27,40.435,421.68,market
2026-06-26,GM,2026-07-17,21,55.0,78.1,29.58,put,0.5781,0.0,0.04,0.016,10,32,-0.0044,99.34,0.028,0.49,bs_fallback
2026-06-26,GM,2026-07-17,21,60.0,78.1,23.18,put,0.5039,0.01,0.05,0.03,1,122,-0.0117,98.4,0.05,0.87,market
2026-06-26,GM,2026-07-17,21,65.0,78.1,16.77,put,0.4268,0.06,0.12,0.09,1,325,-0.0305,96.17,0.138,2.41,market
2026-06-26,GM,2026-07-17,21,67.5,78.1,13.57,put,0.4258,0.15,0.28,0.215,12,286,-0.0659,92.0,0.319,5.54,market
2026-06-26,GM,2026-07-17,21,70.0,78.1,10.37,put,0.417,0.2,0.55,0.375,3,610,-0.1203,85.85,0.536,9.31,market
2026-06-26,GM,2026-07-17,21,72.5,78.1,7.17,put,0.3635,0.66,0.76,0.71,11,823,-0.1762,80.03,0.979,17.02,market
2026-06-26,GM,2026-07-17,21,75.0,78.1,3.97,put,0.3516,1.22,1.37,1.295,79,2308,-0.2889,68.16,1.727,30.01,market
2026-06-26,GM,2026-07-17,21,77.5,78.1,0.77,put,0.3413,2.12,2.31,2.215,21,1919,-0.4324,53.52,2.858,49.68,market
2026-06-26,GM,2026-07-17,21,80.0,78.1,0.0,put,0.3547,3.3,3.8,3.55,27,3494,-0.5817,38.54,4.438,77.13,market
2026-06-26,GM,2026-07-17,21,82.5,78.1,0.0,put,0.3667,4.9,5.6,5.25,1,491,-0.7076,26.29,6.364,110.61,market
2026-06-26,GM,2026-07-17,21,85.0,78.1,0.0,put,0.3892,6.95,7.7,7.325,5,395,-0.7966,17.81,8.618,149.78,market
2026-06-26,GM,2026-07-17,21,87.5,78.1,0.0,put,0.4351,8.55,10.05,9.3,298,303,-0.8436,13.27,10.629,184.73,market
2026-06-26,GM,2026-07-17,21,90.0,78.1,0.0,put,0.4541,10.95,12.35,11.65,1,27,-0.889,9.17,12.944,224.99,market
2026-06-26,GM,2026-07-17,21,92.5,78.1,0.0,put,0.5293,13.4,14.9,14.15,25,15,-0.8937,8.48,15.297,265.88,market
2026-06-26,GM,2026-07-17,21,95.0,78.1,0.0,put,0.5566,15.65,18.95,17.3,0,0,-0.916,6.52,18.211,316.52,market
2026-06-26,GM,2026-07-17,21,100.0,78.1,0.0,put,0.8921,20.05,23.15,21.6,0,0,-0.8496,10.59,21.6,375.43,market
2026-06-26,GM,2026-07-17,21,105.0,78.1,0.0,put,0.9697,25.35,28.0,26.675,0,0,-0.8736,8.44,25.405,441.56,market
2026-06-26,GM,2026-07-17,21,110.0,78.1,0.0,put,1.1572,30.05,33.35,31.7,0,0,-0.861,8.66,28.818,500.89,market
2026-06-26,GM,2026-07-24,28,50.0,78.1,35.98,put,0.7656,0.0,0.19,0.08,2,2,-0.013,97.81,0.161,2.09,bs_fallback
2026-06-26,GM,2026-07-24,28,65.0,78.1,16.77,put,0.5415,0.03,1.18,0.605,20,104,-0.0926,88.0,0.931,12.13,market
2026-06-26,GM,2026-07-24,28,69.0,78.1,11.65,put,0.5369,0.5,1.29,0.895,0,1,-0.1753,78.36,1.297,16.91,market
2026-06-26,GM,2026-07-24,28,70.0,78.1,10.37,put,0.4995,0.51,1.3,0.905,7,22,-0.1872,77.34,1.293,16.85,market
2026-06-26,GM,2026-07-24,28,71.0,78.1,9.09,put,0.4461,0.86,1.21,1.035,33,20,-0.1937,77.06,1.458,19.0,market
2026-06-26,GM,2026-07-24,28,72.0,78.1,7.81,put,0.4648,0.97,1.6,1.285,110,141,-0.234,72.48,1.785,23.27,market
2026-06-26,GM,2026-07-24,28,73.0,78.1,6.53,put,0.4324,1.5,1.67,1.585,25,42,-0.256,70.4,2.171,28.3,market
2026-06-26,GM,2026-07-24,28,74.0,78.1,5.25,put,0.4297,1.68,1.98,1.83,1,203,-0.2929,66.49,2.473,32.24,market
2026-06-26,GM,2026-07-24,28,75.0,78.1,3.97,put,0.4258,2.0,2.32,2.16,1,124,-0.3318,62.44,2.88,37.54,market
2026-06-26,GM,2026-07-24,28,76.0,78.1,2.69,put,0.4482,1.78,2.92,2.35,3,59,-0.3773,57.47,3.092,40.31,market
2026-06-26,GM,2026-07-24,28,77.0,78.1,1.41,put,0.4158,2.91,3.1,3.005,5,122,-0.4152,53.94,3.903,50.87,market
2026-06-26,GM,2026-07-24,28,78.0,78.1,0.13,put,0.4561,2.75,3.95,3.35,1,159,-0.4587,49.1,4.295,55.99,market
2026-06-26,GM,2026-07-24,28,79.0,78.1,0.0,put,0.4685,3.35,4.6,3.975,9,65,-0.4975,45.08,5.032,65.59,market
2026-06-26,GM,2026-07-24,28,80.0,78.1,0.0,put,0.4651,3.9,5.15,4.525,1,46,-0.5368,41.25,5.656,73.73,market
2026-06-26,GM,2026-07-24,28,81.0,78.1,0.0,put,0.4397,5.0,5.55,5.275,15,20,-0.582,37.12,6.512,84.89,market
2026-06-26,GM,2026-07-24,28,82.0,78.1,0.0,put,0.4448,4.9,6.25,5.575,14,2,-0.619,33.51,6.799,88.63,market
2026-06-26,GM,2026-07-24,28,83.0,78.1,0.0,put,0.4397,5.8,6.9,6.35,1,9,-0.6581,29.84,7.651,99.73,market
2026-06-26,GM,2026-07-24,28,84.0,78.1,0.0,put,0.5068,6.25,8.15,7.2,3,5,-0.6632,28.72,8.571,111.73,market
2026-06-26,GM,2026-07-24,28,85.0,78.1,0.0,put,0.4692,7.3,8.6,7.95,12,13,-0.7112,24.61,9.353,121.92,market
2026-06-26,GM,2026-07-24,28,86.0,78.1,0.0,put,0.501,7.65,9.6,8.625,2,2,-0.7249,23.08,10.029,130.74,market
2026-06-26,GM,2026-07-24,28,87.0,78.1,0.0,put,0.5591,7.95,10.8,9.375,0,1,-0.724,22.68,10.776,140.47,market
2026-06-26,GM,2026-07-24,28,88.0,78.1,0.0,put,0.5679,9.0,11.65,10.325,0,1,-0.744,20.81,11.733,152.95,market
2026-06-26,GM,2026-07-24,28,89.0,78.1,0.0,put,0.582,9.9,12.55,11.225,0,1,-0.7599,19.29,12.612,164.41,market
2026-06-26,GM,2026-07-24,28,92.0,78.1,0.0,put,0.6306,13.05,15.35,14.2,0,1,-0.7963,15.79,15.435,201.2,market
2026-06-26,GM,2026-07-31,35,60.0,78.1,23.18,put,0.6191,0.0,1.07,0.478,0,1,-0.0673,90.39,0.797,8.32,bs_fallback
2026-06-26,GM,2026-07-31,35,68.0,78.1,12.93,put,0.5908,0.53,1.78,1.155,1,4,-0.1909,75.54,1.699,17.71,market
2026-06-26,GM,2026-07-31,35,70.0,78.1,10.37,put,0.4758,0.6,1.49,1.045,8,12,-0.1979,75.87,1.493,15.57,market
2026-06-26,GM,2026-07-31,35,72.0,78.1,7.81,put,0.469,1.01,2.01,1.51,106,108,-0.2528,69.86,2.097,21.87,market
2026-06-26,GM,2026-07-31,35,73.0,78.1,6.53,put,0.4592,1.36,2.26,1.81,1,6,-0.2811,66.91,2.479,25.86,market
2026-06-26,GM,2026-07-31,35,74.0,78.1,5.25,put,0.4465,1.73,2.51,2.12,4,64,-0.3107,63.89,2.865,29.88,market
2026-06-26,GM,2026-07-31,35,75.0,78.1,3.97,put,0.4568,1.84,3.0,2.42,4,28,-0.3479,59.85,3.227,33.65,market
2026-06-26,GM,2026-07-31,35,76.0,78.1,2.69,put,0.4266,2.23,3.15,2.69,40,40,-0.3788,57.01,3.539,36.91,market
2026-06-26,GM,2026-07-31,35,78.0,78.1,0.13,put,0.4402,3.05,4.25,3.65,2,56,-0.4551,49.06,4.679,48.8,market
2026-06-26,GM,2026-07-31,35,81.0,78.1,0.0,put,0.447,4.35,6.05,5.2,1,2,-0.5634,38.29,6.42,66.95,market
2026-06-26,GM,2026-07-31,35,82.0,78.1,0.0,put,0.4475,5.35,6.7,6.025,1,7,-0.5978,34.96,7.348,76.62,market
2026-06-26,GM,2026-07-31,35,84.0,78.1,0.0,put,0.4827,6.35,8.4,7.375,1,2,-0.6482,29.81,8.78,91.56,market
2026-06-26,GM,2026-07-31,35,90.0,78.1,0.0,put,0.5195,10.55,13.35,11.95,0,1,-0.7797,17.56,13.278,138.47,market
2026-06-26,SPY,2026-07-17,21,360.0,728.99,50.62,put,0.8516,0.0,0.02,0.007,31,20869,-0.0002,99.96,0.002,0.03,bs_fallback
2026-06-26,SPY,2026-07-17,21,365.0,728.99,49.93,put,0.8594,0.01,0.02,0.015,1,2802,-0.0003,99.95,0.004,0.07,market
2026-06-26,SPY,2026-07-17,21,370.0,728.99,49.24,put,0.8438,0.01,0.02,0.015,15,6180,-0.0003,99.95,0.004,0.07,market
2026-06-26,SPY,2026-07-17,21,375.0,728.99,48.56,put,0.8281,0.01,0.02,0.015,1000,2426,-0.0003,99.94,0.004,0.07,market
2026-06-26,SPY,2026-07-17,21,380.0,728.99,47.87,put,0.8125,0.01,0.02,0.015,3,4236,-0.0003,99.94,0.004,0.07,market
2026-06-26,SPY,2026-07-17,21,385.0,728.99,47.19,put,0.7969,0.01,0.02,0.015,674,10592,-0.0003,99.94,0.004,0.07,market
2026-06-26,SPY,2026-07-17,21,390.0,728.99,46.5,put,0.8125,0.02,0.03,0.025,50,8236,-0.0004,99.91,0.006,0.11,market
2026-06-26,SPY,2026-07-17,21,395.0,728.99,45.82,put,0.7813,0.01,0.03,0.02,51,9813,-0.0004,99.93,0.005,0.09,market
2026-06-26,SPY,2026-07-17,21,400.0,728.99,45.13,put,0.7656,0.01,0.03,0.02,3,12293,-0.0004,99.93,0.005,0.09,market
2026-06-26,SPY,2026-07-17,21,405.0,728.99,44.44,put,0.7539,0.01,0.03,0.02,33,6872,-0.0004,99.93,0.005,0.09,market
2026-06-26,SPY,2026-07-17,21,410.0,728.99,43.76,put,0.75,0.02,0.03,0.025,31,8582,-0.0005,99.91,0.006,0.11,market
2026-06-26,SPY,2026-07-17,21,415.0,728.99,43.07,put,0.7344,0.02,0.03,0.025,350,444,-0.0005,99.91,0.006,0.1,market
2026-06-26,SPY,2026-07-17,21,420.0,728.99,42.39,put,0.7227,0.02,0.03,0.025,1,6090,-0.0005,99.91,0.006,0.1,market
2026-06-26,SPY,2026-07-17,21,425.0,728.99,41.7,put,0.707,0.02,0.03,0.025,1,2235,-0.0005,99.91,0.006,0.1,market
2026-06-26,SPY,2026-07-17,21,430.0,728.99,41.01,put,0.7031,0.02,0.04,0.03,98,2684,-0.0006,99.89,0.007,0.12,market
2026-06-26,SPY,2026-07-17,21,435.0,728.99,40.33,put,0.6992,0.03,0.04,0.035,107,1782,-0.0007,99.87,0.008,0.14,market
2026-06-26,SPY,2026-07-17,21,440.0,728.99,39.64,put,0.6836,0.03,0.04,0.035,102,1895,-0.0007,99.87,0.008,0.14,market
2026-06-26,SPY,2026-07-17,21,445.0,728.99,38.96,put,0.668,0.03,0.04,0.035,58,1053,-0.0007,99.87,0.008,0.14,market
2026-06-26,SPY,2026-07-17,21,450.0,728.99,38.27,put,0.6621,0.03,0.05,0.04,355,4616,-0.0009,99.85,0.009,0.15,market
2026-06-26,SPY,2026-07-17,21,455.0,728.99,37.58,put,0.6563,0.04,0.05,0.045,20,746,-0.001,99.83,0.01,0.17,market
2026-06-26,SPY,2026-07-17,21,460.0,728.99,36.9,put,0.6406,0.04,0.05,0.045,11,103362,-0.001,99.83,0.01,0.17,market
2026-06-26,SPY,2026-07-17,21,465.0,728.99,36.21,put,0.6328,0.04,0.06,0.05,2,469,-0.0011,99.82,0.011,0.19,market
2026-06-26,SPY,2026-07-17,21,470.0,728.99,35.53,put,0.625,0.05,0.06,0.055,26,380,-0.0013,99.8,0.012,0.2,market
2026-06-26,SPY,2026-07-17,21,475.0,728.99,34.84,put,0.6113,0.05,0.06,0.055,353,1714,-0.0013,99.79,0.012,0.2,market
2026-06-26,SPY,2026-07-17,21,480.0,728.99,34.16,put,0.6016,0.05,0.07,0.06,3,519,-0.0014,99.78,0.013,0.22,market
2026-06-26,SPY,2026-07-17,21,485.0,728.99,33.47,put,0.5918,0.06,0.07,0.065,51,2470,-0.0015,99.76,0.013,0.23,market
2026-06-26,SPY,2026-07-17,21,490.0,728.99,32.78,put,0.582,0.06,0.08,0.07,24,102425,-0.0017,99.74,0.014,0.25,market
2026-06-26,SPY,2026-07-17,21,495.0,728.99,32.1,put,0.5723,0.07,0.08,0.075,22,3937,-0.0018,99.72,0.015,0.26,market
2026-06-26,SPY,2026-07-17,21,500.0,728.99,31.41,put,0.5664,0.08,0.09,0.085,114,11317,-0.0021,99.68,0.017,0.3,market
2026-06-26,SPY,2026-07-17,21,505.0,728.99,30.73,put,0.5527,0.08,0.09,0.085,170,2369,-0.0021,99.68,0.017,0.29,market
2026-06-26,SPY,2026-07-17,21,510.0,728.99,30.04,put,0.5449,0.09,0.1,0.095,234,2329,-0.0024,99.64,0.019,0.32,market
2026-06-26,SPY,2026-07-17,21,515.0,728.99,29.35,put,0.5371,0.1,0.11,0.105,538,3774,-0.0027,99.6,0.02,0.35,market
2026-06-26,SPY,2026-07-17,21,520.0,728.99,28.67,put,0.5254,0.1,0.12,0.11,835,15088,-0.0028,99.59,0.021,0.37,market
2026-06-26,SPY,2026-07-17,21,525.0,728.99,27.98,put,0.5147,0.11,0.12,0.115,1,2864,-0.003,99.56,0.022,0.38,market
2026-06-26,SPY,2026-07-17,21,530.0,728.99,27.3,put,0.5059,0.12,0.13,0.125,1344,203007,-0.0033,99.52,0.024,0.41,market
2026-06-26,SPY,2026-07-17,21,535.0,728.99,26.61,put,0.4981,0.13,0.14,0.135,138,819,-0.0038,99.47,0.025,0.44,market
2026-06-26,SPY,2026-07-17,21,540.0,728.99,25.92,put,0.4888,0.14,0.15,0.145,512,204371,-0.0041,99.42,0.027,0.47,market
2026-06-26,SPY,2026-07-17,21,545.0,728.99,25.24,put,0.4785,0.15,0.16,0.155,38,1641,-0.0044,99.38,0.028,0.49,market
2026-06-26,SPY,2026-07-17,21,550.0,728.99,24.55,put,0.4683,0.16,0.17,0.165,334,5338,-0.0048,99.34,0.03,0.52,market
2026-06-26,SPY,2026-07-17,21,555.0,728.99,23.87,put,0.458,0.17,0.18,0.175,235,2820,-0.0052,99.29,0.032,0.55,market
2026-06-26,SPY,2026-07-17,21,560.0,728.99,23.18,put,0.4473,0.18,0.19,0.185,724,1357,-0.0056,99.25,0.033,0.57,market
2026-06-26,SPY,2026-07-17,21,565.0,728.99,22.5,put,0.4365,0.19,0.2,0.195,4,3288,-0.006,99.2,0.035,0.6,market
2026-06-26,SPY,2026-07-17,21,570.0,728.99,21.81,put,0.4282,0.2,0.22,0.21,450,4855,-0.0067,99.11,0.037,0.64,market
2026-06-26,SPY,2026-07-17,21,575.0,728.99,21.12,put,0.417,0.22,0.23,0.225,23,7913,-0.0071,99.06,0.039,0.68,market
2026-06-26,SPY,2026-07-17,21,580.0,728.99,20.44,put,0.4058,0.23,0.24,0.235,624,7297,-0.0076,99.01,0.041,0.7,market
2026-06-26,SPY,2026-07-17,21,585.0,728.99,19.75,put,0.3965,0.24,0.26,0.25,905,3554,-0.0084,98.92,0.043,0.74,market
2026-06-26,SPY,2026-07-17,21,590.0,728.99,19.07,put,0.3867,0.26,0.28,0.27,38,106477,-0.0092,98.82,0.046,0.8,market
2026-06-26,SPY,2026-07-17,21,595.0,728.99,18.38,put,0.3748,0.28,0.29,0.285,24,5093,-0.0097,98.77,0.048,0.83,market
2026-06-26,SPY,2026-07-17,21,600.0,728.99,17.69,put,0.3648,0.3,0.31,0.305,1496,122278,-0.0107,98.66,0.051,0.88,market
2026-06-26,SPY,2026-07-17,21,605.0,728.99,17.01,put,0.354,0.32,0.33,0.325,80,1821,-0.0115,98.56,0.054,0.93,market
2026-06-26,SPY,2026-07-17,21,610.0,728.99,16.32,put,0.3435,0.34,0.35,0.345,275,10214,-0.0126,98.45,0.057,0.98,market
2026-06-26,SPY,2026-07-17,21,615.0,728.99,15.64,put,0.3337,0.36,0.38,0.37,331,46073,-0.0139,98.3,0.06,1.05,market
2026-06-26,SPY,2026-07-17,21,620.0,728.99,14.95,put,0.3225,0.39,0.4,0.395,1018,24299,-0.015,98.18,0.064,1.11,market
2026-06-26,SPY,2026-07-17,21,625.0,728.99,14.26,put,0.3123,0.42,0.43,0.425,1443,5806,-0.0166,98.01,0.068,1.18,market
2026-06-26,SPY,2026-07-17,21,630.0,728.99,13.58,put,0.3027,0.45,0.47,0.46,1275,15034,-0.0185,97.79,0.073,1.27,market
2026-06-26,SPY,2026-07-17,21,635.0,728.99,12.89,put,0.2915,0.49,0.5,0.495,172,10619,-0.0202,97.62,0.078,1.35,market
2026-06-26,SPY,2026-07-17,21,640.0,728.99,12.21,put,0.2811,0.53,0.54,0.535,221,17200,-0.0224,97.38,0.084,1.45,market
2026-06-26,SPY,2026-07-17,21,645.0,728.99,11.52,put,0.2711,0.57,0.59,0.58,130,9084,-0.0251,97.09,0.09,1.56,market
2026-06-26,SPY,2026-07-17,21,650.0,728.99,10.84,put,0.2614,0.63,0.65,0.64,278,42090,-0.0283,96.74,0.098,1.71,market
2026-06-26,SPY,2026-07-17,21,651.0,728.99,10.7,put,0.2592,0.64,0.66,0.65,45,621,-0.0289,96.68,0.1,1.74,market
2026-06-26,SPY,2026-07-17,21,652.0,728.99,10.56,put,0.2577,0.65,0.68,0.665,81,705,-0.0298,96.57,0.102,1.77,market
2026-06-26,SPY,2026-07-17,21,653.0,728.99,10.42,put,0.2554,0.67,0.69,0.68,164,1214,-0.0304,96.51,0.104,1.81,market
2026-06-26,SPY,2026-07-17,21,654.0,728.99,10.29,put,0.2532,0.68,0.7,0.69,215,265,-0.0311,96.44,0.106,1.83,market
2026-06-26,SPY,2026-07-17,21,655.0,728.99,10.15,put,0.2516,0.7,0.72,0.71,791,12786,-0.0321,96.33,0.108,1.88,market
2026-06-26,SPY,2026-07-17,21,656.0,728.99,10.01,put,0.2493,0.71,0.73,0.72,25,420,-0.0327,96.27,0.11,1.91,market
2026-06-26,SPY,2026-07-17,21,657.0,728.99,9.88,put,0.2477,0.73,0.75,0.74,34,556,-0.0338,96.15,0.113,1.96,market
2026-06-26,SPY,2026-07-17,21,658.0,728.99,9.74,put,0.246,0.74,0.77,0.755,394,425,-0.0348,96.04,0.115,1.99,market
2026-06-26,SPY,2026-07-17,21,659.0,728.99,9.6,put,0.2435,0.76,0.78,0.77,14,622,-0.0354,95.98,0.117,2.03,market
2026-06-26,SPY,2026-07-17,21,660.0,728.99,9.46,put,0.2418,0.78,0.8,0.79,1106,19188,-0.0365,95.86,0.12,2.08,market
2026-06-26,SPY,2026-07-17,21,661.0,728.99,9.33,put,0.24,0.8,0.82,0.81,131,460,-0.0376,95.75,0.123,2.13,market
2026-06-26,SPY,2026-07-17,21,662.0,728.99,9.19,put,0.2382,0.82,0.84,0.83,177,176,-0.0387,95.63,0.125,2.18,market
2026-06-26,SPY,2026-07-17,21,663.0,728.99,9.05,put,0.2362,0.84,0.86,0.85,39,296,-0.0397,95.52,0.128,2.23,market
2026-06-26,SPY,2026-07-17,21,664.0,728.99,8.92,put,0.2343,0.86,0.88,0.87,214,797,-0.0409,95.4,0.131,2.28,market
2026-06-26,SPY,2026-07-17,21,665.0,728.99,8.78,put,0.2323,0.88,0.9,0.89,8317,10901,-0.042,95.28,0.134,2.33,market
2026-06-26,SPY,2026-07-17,21,666.0,728.99,8.64,put,0.2308,0.9,0.93,0.915,17,239,-0.0435,95.12,0.137,2.39,market
2026-06-26,SPY,2026-07-17,21,667.0,728.99,8.5,put,0.2289,0.93,0.95,0.94,38,361,-0.0447,94.99,0.141,2.45,market
2026-06-26,SPY,2026-07-17,21,668.0,728.99,8.37,put,0.2273,0.95,0.98,0.965,432,400,-0.0462,94.82,0.144,2.51,market
2026-06-26,SPY,2026-07-17,21,669.0,728.99,8.23,put,0.2252,0.98,1.0,0.99,63,501,-0.0474,94.7,0.148,2.57,market
2026-06-26,SPY,2026-07-17,21,670.0,728.99,8.09,put,0.2235,1.01,1.03,1.02,1003,19355,-0.049,94.53,0.152,2.65,market
2026-06-26,SPY,2026-07-17,21,671.0,728.99,7.95,put,0.2218,1.03,1.06,1.045,553,414,-0.0506,94.36,0.156,2.71,market
2026-06-26,SPY,2026-07-17,21,672.0,728.99,7.82,put,0.22,1.06,1.09,1.075,113,787,-0.0522,94.19,0.16,2.78,market
2026-06-26,SPY,2026-07-17,21,673.0,728.99,7.68,put,0.2182,1.1,1.12,1.11,190,180,-0.0539,94.01,0.165,2.87,market
2026-06-26,SPY,2026-07-17,21,674.0,728.99,7.54,put,0.2168,1.13,1.16,1.145,347,3802,-0.056,93.79,0.17,2.95,market
2026-06-26,SPY,2026-07-17,21,675.0,728.99,7.41,put,0.2149,1.16,1.19,1.175,1598,15401,-0.0577,93.61,0.174,3.03,market
2026-06-26,SPY,2026-07-17,21,676.0,728.99,7.27,put,0.2133,1.2,1.23,1.215,162,772,-0.0598,93.39,0.18,3.12,market
2026-06-26,SPY,2026-07-17,21,677.0,728.99,7.13,put,0.2117,1.24,1.27,1.255,231,497,-0.0619,93.17,0.185,3.22,market
2026-06-26,SPY,2026-07-17,21,678.0,728.99,6.99,put,0.21,1.28,1.31,1.295,585,556,-0.064,92.94,0.191,3.32,market
2026-06-26,SPY,2026-07-17,21,679.0,728.99,6.86,put,0.2083,1.32,1.35,1.335,412,358,-0.0662,92.71,0.197,3.42,market
2026-06-26,SPY,2026-07-17,21,680.0,728.99,6.72,put,0.2065,1.36,1.39,1.375,3231,26229,-0.0685,92.48,0.202,3.51,market
2026-06-26,SPY,2026-07-17,21,681.0,728.99,6.58,put,0.205,1.41,1.44,1.425,151,989,-0.071,92.21,0.209,3.64,market
2026-06-26,SPY,2026-07-17,21,682.0,728.99,6.45,put,0.2034,1.46,1.49,1.475,170,632,-0.0737,91.92,0.216,3.76,market
2026-06-26,SPY,2026-07-17,21,683.0,728.99,6.31,put,0.2018,1.51,1.54,1.525,235,1633,-0.0764,91.64,0.223,3.88,market
2026-06-26,SPY,2026-07-17,21,684.0,728.99,6.17,put,0.2001,1.56,1.59,1.575,247,619,-0.0791,91.36,0.23,4.0,market
2026-06-26,SPY,2026-07-17,21,685.0,728.99,6.03,put,0.1987,1.61,1.65,1.63,3066,20466,-0.0822,91.03,0.238,4.14,market
2026-06-26,SPY,2026-07-17,21,686.0,728.99,5.9,put,0.1972,1.67,1.71,1.69,114,885,-0.0854,90.7,0.246,4.28,market
2026-06-26,SPY,2026-07-17,21,687.0,728.99,5.76,put,0.1956,1.73,1.77,1.75,90,523,-0.0886,90.36,0.255,4.43,market
2026-06-26,SPY,2026-07-17,21,688.0,728.99,5.62,put,0.1939,1.79,1.83,1.81,119,526,-0.0918,90.03,0.263,4.57,market
2026-06-26,SPY,2026-07-17,21,689.0,728.99,5.49,put,0.1921,1.86,1.89,1.875,159,1187,-0.0952,89.68,0.272,4.73,market
2026-06-26,SPY,2026-07-17,21,690.0,728.99,5.35,put,0.1906,1.93,1.96,1.945,2681,39938,-0.0989,89.29,0.282,4.9,market
2026-06-26,SPY,2026-07-17,21,691.0,728.99,5.21,put,0.1893,2.0,2.04,2.02,222,2591,-0.103,88.87,0.292,5.08,market
2026-06-26,SPY,2026-07-17,21,692.0,728.99,5.07,put,0.1876,2.07,2.11,2.09,8344,7823,-0.1068,88.47,0.302,5.25,market
2026-06-26,SPY,2026-07-17,21,693.0,728.99,4.94,put,0.186,2.15,2.19,2.17,248,1576,-0.111,88.03,0.313,5.44,market
2026-06-26,SPY,2026-07-17,21,694.0,728.99,4.8,put,0.1845,2.23,2.27,2.25,24805,6039,-0.1153,87.59,0.324,5.64,market
2026-06-26,SPY,2026-07-17,21,695.0,728.99,4.66,put,0.183,2.32,2.36,2.34,3621,20532,-0.1199,87.11,0.337,5.85,market
2026-06-26,SPY,2026-07-17,21,696.0,728.99,4.53,put,0.1815,2.41,2.45,2.43,28281,9135,-0.1247,86.61,0.349,6.07,market
2026-06-26,SPY,2026-07-17,21,697.0,728.99,4.39,put,0.1798,2.5,2.54,2.52,182,1030,-0.1295,86.12,0.362,6.28,market
2026-06-26,SPY,2026-07-17,21,698.0,728.99,4.25,put,0.1784,2.6,2.64,2.62,55362,19934,-0.1348,85.57,0.375,6.52,market
2026-06-26,SPY,2026-07-17,21,699.0,728.99,4.11,put,0.177,2.7,2.75,2.725,108,899,-0.1404,84.99,0.39,6.78,market
2026-06-26,SPY,2026-07-17,21,700.0,728.99,3.98,put,0.1753,2.81,2.85,2.83,20979,53633,-0.1458,84.44,0.404,7.03,market
2026-06-26,SPY,2026-07-17,21,701.0,728.99,3.84,put,0.1739,2.92,2.97,2.945,207,1221,-0.1519,83.81,0.42,7.3,market
2026-06-26,SPY,2026-07-17,21,702.0,728.99,3.7,put,0.1724,3.04,3.09,3.065,161,16180,-0.1581,83.17,0.437,7.59,market
2026-06-26,SPY,2026-07-17,21,703.0,728.99,3.57,put,0.1708,3.16,3.21,3.185,471,9109,-0.1644,82.53,0.453,7.87,market
2026-06-26,SPY,2026-07-17,21,704.0,728.99,3.43,put,0.1694,3.29,3.34,3.315,101,9285,-0.1711,81.84,0.471,8.18,market
2026-06-26,SPY,2026-07-17,21,705.0,728.99,3.29,put,0.1677,3.42,3.47,3.445,2297,31992,-0.1779,81.14,0.489,8.49,market
2026-06-26,SPY,2026-07-17,21,706.0,728.99,3.15,put,0.1662,3.56,3.61,3.585,277,25967,-0.1852,80.4,0.508,8.83,market
2026-06-26,SPY,2026-07-17,21,707.0,728.99,3.02,put,0.1647,3.7,3.76,3.73,965,1733,-0.1928,79.62,0.528,9.17,market
2026-06-26,SPY,2026-07-17,21,708.0,728.99,2.88,put,0.1632,3.85,3.91,3.88,318,17019,-0.2006,78.83,0.548,9.53,market
2026-06-26,SPY,2026-07-17,21,709.0,728.99,2.74,put,0.1616,4.01,4.07,4.04,134,12408,-0.2087,77.99,0.57,9.9,market
2026-06-26,SPY,2026-07-17,21,710.0,728.99,2.6,put,0.16,4.18,4.23,4.205,4205,52465,-0.2171,77.14,0.592,10.29,market
2026-06-26,SPY,2026-07-17,21,711.0,728.99,2.47,put,0.1584,4.35,4.4,4.375,346,2435,-0.2259,76.26,0.615,10.7,market
2026-06-26,SPY,2026-07-17,21,712.0,728.99,2.33,put,0.1568,4.52,4.58,4.55,192,8883,-0.235,75.33,0.639,11.11,market
2026-06-26,SPY,2026-07-17,21,713.0,728.99,2.19,put,0.1552,4.71,4.77,4.74,726,2304,-0.2446,74.36,0.665,11.55,market
2026-06-26,SPY,2026-07-17,21,714.0,728.99,2.06,put,0.1535,4.9,4.96,4.93,1278,20632,-0.2544,73.36,0.69,12.0,market
2026-06-26,SPY,2026-07-17,21,715.0,728.99,1.92,put,0.1519,5.1,5.16,5.13,15112,28876,-0.2646,72.33,0.717,12.47,market
2026-06-26,SPY,2026-07-17,21,716.0,728.99,1.78,put,0.1502,5.35,5.37,5.36,579,20332,-0.2753,71.26,0.749,13.01,market
2026-06-26,SPY,2026-07-17,21,717.0,728.99,1.64,put,0.1485,5.52,5.59,5.555,597,2666,-0.2864,70.14,0.775,13.47,market
2026-06-26,SPY,2026-07-17,21,718.0,728.99,1.51,put,0.1467,5.75,5.81,5.78,499,14610,-0.2977,69.0,0.805,13.99,market
2026-06-26,SPY,2026-07-17,21,719.0,728.99,1.37,put,0.145,5.98,6.05,6.015,2282,8211,-0.3097,67.79,0.837,14.54,market
2026-06-26,SPY,2026-07-17,21,720.0,728.99,1.23,put,0.1432,6.23,6.29,6.26,14125,46609,-0.322,66.56,0.869,15.11,market
2026-06-26,SPY,2026-07-17,21,721.0,728.99,1.1,put,0.1413,6.48,6.54,6.51,285,1599,-0.3347,65.28,0.903,15.69,market
2026-06-26,SPY,2026-07-17,21,722.0,728.99,0.96,put,0.1396,6.74,6.81,6.775,892,8902,-0.3481,63.95,0.938,16.31,market
2026-06-26,SPY,2026-07-17,21,723.0,728.99,0.82,put,0.1376,7.01,7.08,7.045,570,1410,-0.3618,62.57,0.974,16.94,market
2026-06-26,SPY,2026-07-17,21,724.0,728.99,0.68,put,0.1357,7.29,7.36,7.325,384,11531,-0.3761,61.15,1.012,17.59,market
2026-06-26,SPY,2026-07-17,21,725.0,728.99,0.55,put,0.1338,7.58,7.66,7.62,7471,43287,-0.391,59.66,1.051,18.27,market
2026-06-26,SPY,2026-07-17,21,726.0,728.99,0.41,put,0.1317,7.89,7.96,7.925,617,2456,-0.4063,58.14,1.092,18.97,market
2026-06-26,SPY,2026-07-17,21,727.0,728.99,0.27,put,0.1296,8.2,8.28,8.24,2975,5191,-0.4223,56.55,1.133,19.7,market
2026-06-26,SPY,2026-07-17,21,728.0,728.99,0.14,put,0.1275,8.53,8.61,8.57,651,3810,-0.4389,54.9,1.177,20.46,market
2026-06-26,SPY,2026-07-17,21,729.0,728.99,0.0,put,0.1253,8.87,8.95,8.91,2247,6292,-0.4561,53.2,1.222,21.24,market
2026-06-26,SPY,2026-07-17,21,730.0,728.99,0.0,put,0.123,9.22,9.3,9.26,6717,29837,-0.474,51.43,1.268,22.05,market
2026-06-26,SPY,2026-07-17,21,731.0,728.99,0.0,put,0.1207,9.59,9.67,9.63,786,5180,-0.4925,49.59,1.317,22.9,market
2026-06-26,SPY,2026-07-17,21,732.0,728.99,0.0,put,0.1183,9.97,10.05,10.01,1699,3027,-0.5118,47.69,1.367,23.77,market
2026-06-26,SPY,2026-07-17,21,733.0,728.99,0.0,put,0.1159,10.36,10.45,10.405,916,3569,-0.5319,45.71,1.42,24.67,market
2026-06-26,SPY,2026-07-17,21,734.0,728.99,0.0,put,0.1132,10.77,10.86,10.815,1570,2613,-0.5528,43.65,1.473,25.61,market
2026-06-26,SPY,2026-07-17,21,735.0,728.99,0.0,put,0.1105,11.19,11.28,11.235,3560,44371,-0.5746,41.51,1.529,26.57,market
2026-06-26,SPY,2026-07-17,21,736.0,728.99,0.0,put,0.1076,11.63,11.72,11.675,907,2224,-0.5974,39.27,1.586,27.57,market
2026-06-26,SPY,2026-07-17,21,737.0,728.99,0.0,put,0.1046,12.09,12.18,12.135,478,2478,-0.6211,36.94,1.647,28.62,market
2026-06-26,SPY,2026-07-17,21,738.0,728.99,0.0,put,0.111,11.95,13.27,12.61,468,3577,-0.6331,35.69,1.709,29.7,market
2026-06-26,SPY,2026-07-17,21,739.0,728.99,0.0,put,0.1058,12.57,13.63,13.1,297,3297,-0.6597,33.11,1.773,30.81,market
2026-06-26,SPY,2026-07-17,21,740.0,728.99,0.0,put,0.0955,13.44,13.73,13.585,4131,59453,-0.6976,29.45,1.836,31.91,market
2026-06-26,SPY,2026-07-17,21,741.0,728.99,0.0,put,0.1042,13.28,14.98,14.13,70,1953,-0.7007,29.07,1.907,33.14,market
2026-06-26,SPY,2026-07-17,21,742.0,728.99,0.0,put,0.1073,13.32,15.91,14.615,265,2431,-0.7132,27.81,1.97,34.23,market
2026-06-26,SPY,2026-07-17,21,743.0,728.99,0.0,put,0.0938,13.89,15.95,14.92,144,2697,-0.7602,23.29,2.008,34.9,market
2026-06-26,SPY,2026-07-17,21,744.0,728.99,0.0,put,0.0999,14.47,17.06,15.765,167,2784,-0.7639,22.88,2.119,36.83,market
2026-06-26,SPY,2026-07-17,21,745.0,728.99,0.0,put,0.0675,16.24,16.55,16.395,2526,13682,-0.8761,12.06,2.201,38.25,market
2026-06-26,SPY,2026-07-17,21,746.0,728.99,0.0,put,0.0771,16.27,17.76,17.015,64,2880,-0.8605,13.55,2.281,39.64,market
2026-06-26,SPY,2026-07-17,21,747.0,728.99,0.0,put,0.0848,16.31,18.92,17.615,394,1921,-0.8526,14.28,2.358,40.99,market
2026-06-26,SPY,2026-07-17,21,748.0,728.99,0.0,put,0.078,16.97,19.59,18.28,111,2339,-0.8876,10.89,2.444,42.48,market
2026-06-26,SPY,2026-07-17,21,749.0,728.99,0.0,put,0.0681,17.65,20.28,18.965,52,1722,-0.9296,6.82,2.532,44.01,market
2026-06-26,SPY,2026-07-17,21,750.0,728.99,0.0,put,0.0,19.56,19.89,19.725,4192,39209,-1.0,0.0,2.63,45.71,market
2026-06-26,SPY,2026-07-17,21,751.0,728.99,0.0,put,0.0,19.08,21.71,20.395,100,1426,-1.0,0.0,2.716,47.2,market
2026-06-26,SPY,2026-07-17,21,752.0,728.99,0.0,put,0.0,19.82,22.46,21.14,19,1826,-1.0,0.0,2.811,48.86,market
2026-06-26,SPY,2026-07-17,21,753.0,728.99,0.0,put,0.0,20.58,23.24,21.91,22,2494,-1.0,0.0,2.91,50.57,market
2026-06-26,SPY,2026-07-17,21,754.0,728.99,0.0,put,0.0,21.38,24.04,22.71,160,4079,-1.0,0.0,3.012,52.35,market
2026-06-26,SPY,2026-07-17,21,755.0,728.99,0.0,put,0.0,22.22,24.86,23.54,346,4354,-1.0,0.0,3.118,54.19,market
2026-06-26,SPY,2026-07-17,21,756.0,728.99,0.0,put,0.0,23.04,25.7,24.37,26,2460,-1.0,0.0,3.224,56.03,market
2026-06-26,SPY,2026-07-17,21,757.0,728.99,0.0,put,0.0,24.9,25.77,25.335,28,1885,-1.0,0.0,3.347,58.17,market
2026-06-26,SPY,2026-07-17,21,758.0,728.99,0.0,put,0.0,25.77,26.65,26.21,7,1581,-1.0,0.0,3.458,60.1,market
2026-06-26,SPY,2026-07-17,21,759.0,728.99,0.0,put,0.0,26.65,27.57,27.11,32,551,-1.0,0.0,3.572,62.08,market
2026-06-26,SPY,2026-07-17,21,760.0,728.99,0.0,put,0.0,27.82,28.16,27.99,1201,14654,-1.0,0.0,3.683,64.01,market
2026-06-26,SPY,2026-07-17,21,761.0,728.99,0.0,put,0.0,28.53,29.41,28.97,21,242,-1.0,0.0,3.807,66.17,market
2026-06-26,SPY,2026-07-17,21,762.0,728.99,0.0,put,0.0,29.36,31.31,30.335,29,280,-1.0,0.0,3.981,69.19,market
2026-06-26,SPY,2026-07-17,21,763.0,728.99,0.0,put,0.0,30.34,32.31,31.325,32,123,-1.0,0.0,4.106,71.36,market
2026-06-26,SPY,2026-07-17,21,764.0,728.99,0.0,put,0.0,30.12,33.59,31.855,25,24,-1.0,0.0,4.17,72.47,market
2026-06-26,SPY,2026-07-17,21,765.0,728.99,0.0,put,0.0,32.34,34.31,33.325,108,146,-1.0,0.0,4.356,75.72,market
2026-06-26,SPY,2026-07-17,21,766.0,728.99,0.0,put,0.0,33.34,35.31,34.325,34,2,-1.0,0.0,4.481,77.89,market
2026-06-26,SPY,2026-07-17,21,767.0,728.99,0.0,put,0.0,33.12,36.62,34.87,1,2,-1.0,0.0,4.546,79.02,market
2026-06-26,SPY,2026-07-17,21,768.0,728.99,0.0,put,0.0,34.31,37.58,35.945,50,0,-1.0,0.0,4.68,81.35,market
2026-06-26,SPY,2026-07-17,21,769.0,728.99,0.0,put,0.0,35.31,38.62,36.965,1,0,-1.0,0.0,4.807,83.55,market
2026-06-26,SPY,2026-07-17,21,770.0,728.99,0.0,put,0.0,37.34,39.31,38.325,9,546,-1.0,0.0,4.977,86.51,market
2026-06-26,SPY,2026-07-17,21,771.0,728.99,0.0,put,0.0,37.12,40.62,38.87,2,3,-1.0,0.0,5.042,87.63,market
2026-06-26,SPY,2026-07-17,21,772.0,728.99,0.0,put,0.0,38.31,41.62,39.965,2,0,-1.0,0.0,5.177,89.98,market
2026-06-26,SPY,2026-07-17,21,773.0,728.99,0.0,put,0.0,39.39,42.62,41.005,12,0,-1.0,0.0,5.305,92.2,market
2026-06-26,SPY,2026-07-17,21,774.0,728.99,0.0,put,0.0,40.1,43.62,41.86,8,0,-1.0,0.0,5.408,94.0,market
2026-06-26,SPY,2026-07-17,21,775.0,728.99,0.0,put,0.0,41.14,44.62,42.88,101,43,-1.0,0.0,5.533,96.17,market
2026-06-26,SPY,2026-07-17,21,776.0,728.99,0.0,put,0.0,42.39,45.62,44.005,2,0,-1.0,0.0,5.671,98.56,market
2026-06-26,SPY,2026-07-17,21,777.0,728.99,0.0,put,0.0,43.12,46.62,44.87,4,0,-1.0,0.0,5.775,100.37,market
2026-06-26,SPY,2026-07-17,21,778.0,728.99,0.0,put,0.0,44.31,47.62,45.965,24,0,-1.0,0.0,5.908,102.69,market
2026-06-26,SPY,2026-07-17,21,779.0,728.99,0.0,put,0.0,45.39,48.62,47.005,2,0,-1.0,0.0,6.034,104.88,market
2026-06-26,SPY,2026-07-17,21,780.0,728.99,0.0,put,0.0,47.34,48.58,47.96,804,417,-1.0,0.0,6.149,106.87,market
2026-06-26,SPY,2026-07-17,21,781.0,728.99,0.0,put,0.0,47.31,50.62,48.965,1,0,-1.0,0.0,6.27,108.97,market
2026-06-26,SPY,2026-07-17,21,782.0,728.99,0.0,put,0.0,48.39,51.62,50.005,0,0,-1.0,0.0,6.395,111.14,market
2026-06-26,SPY,2026-07-17,21,783.0,728.99,0.0,put,0.0,49.39,52.62,51.005,10,0,-1.0,0.0,6.514,113.22,market
2026-06-26,SPY,2026-07-17,21,784.0,728.99,0.0,put,0.0,50.31,53.62,51.965,1,0,-1.0,0.0,6.628,115.2,market
2026-06-26,SPY,2026-07-17,21,785.0,728.99,0.0,put,0.0,51.13,54.62,52.875,202,21,-1.0,0.0,6.736,117.07,market
2026-06-26,SPY,2026-07-17,21,786.0,728.99,0.0,put,0.0,52.31,55.62,53.965,1,0,-1.0,0.0,6.866,119.33,market
2026-06-26,SPY,2026-07-17,21,787.0,728.99,0.0,put,0.0,53.39,56.62,55.005,10,0,-1.0,0.0,6.989,121.48,market
2026-06-26,SPY,2026-07-17,21,788.0,728.99,0.0,put,0.0,54.39,57.62,56.005,0,0,-1.0,0.0,7.107,123.53,market
2026-06-26,SPY,2026-07-17,21,790.0,728.99,0.0,put,0.0,56.12,59.62,57.87,3,2,-1.0,0.0,7.325,127.32,market
2026-06-26,SPY,2026-07-17,21,791.0,728.99,0.0,put,0.0,57.39,60.62,59.005,1,1,-1.0,0.0,7.46,129.65,market
2026-06-26,SPY,2026-07-17,21,792.0,728.99,0.0,put,0.0,58.39,61.62,60.005,0,0,-1.0,0.0,7.576,131.68,market
2026-06-26,SPY,2026-07-17,21,795.0,728.99,0.0,put,0.0,61.3,64.62,62.96,1,0,-1.0,0.0,7.919,137.65,market
2026-06-26,SPY,2026-07-17,21,796.0,728.99,0.0,put,0.0,62.31,65.62,63.965,0,0,-1.0,0.0,8.036,139.67,market
2026-06-26,SPY,2026-07-17,21,800.0,728.99,0.0,put,0.0,66.14,69.62,67.88,1,1,-1.0,0.0,8.485,147.48,market
2026-06-26,SPY,2026-07-17,21,810.0,728.99,0.0,put,0.0,76.14,79.62,77.88,58,17,-1.0,0.0,9.615,167.11,market
2026-06-26,SPY,2026-07-17,21,830.0,728.99,0.0,put,0.0,76.55,79.73,78.14,0,0,-1.0,0.0,9.414,163.63,market
2026-06-26,SPY,2026-07-17,21,840.0,728.99,0.0,put,0.0,106.12,109.62,107.87,2,0,-1.0,0.0,12.842,223.2,market
2026-06-26,SPY,2026-07-17,21,850.0,728.99,0.0,put,0.0,116.12,119.62,117.87,4,0,-1.0,0.0,13.867,241.02,market
2026-06-26,SPY,2026-07-17,21,855.0,728.99,0.0,put,0.0,121.31,124.62,122.965,0,0,-1.0,0.0,14.382,249.97,market
2026-06-26,SPY,2026-07-17,21,865.0,728.99,0.0,put,0.0,131.4,134.62,133.01,2,0,-1.0,0.0,15.377,267.26,market
2026-06-26,SPY,2026-07-24,28,500.0,728.99,31.41,put,0.5215,0.14,0.15,0.145,14,1669,-0.0034,99.48,0.029,0.38,market
2026-06-26,SPY,2026-07-24,28,505.0,728.99,30.73,put,0.5127,0.15,0.16,0.155,19,58,-0.0036,99.45,0.031,0.4,market
2026-06-26,SPY,2026-07-24,28,510.0,728.99,30.04,put,0.5039,0.16,0.17,0.165,9,6,-0.0039,99.41,0.032,0.42,market
2026-06-26,SPY,2026-07-24,28,515.0,728.99,29.35,put,0.4961,0.17,0.18,0.175,253,45,-0.0043,99.36,0.034,0.44,market
2026-06-26,SPY,2026-07-24,28,520.0,728.99,28.67,put,0.4868,0.18,0.19,0.185,2,92,-0.0046,99.32,0.036,0.46,market
2026-06-26,SPY,2026-07-24,28,525.0,728.99,27.98,put,0.4771,0.19,0.2,0.195,62,372,-0.0049,99.28,0.037,0.48,market
2026-06-26,SPY,2026-07-24,28,530.0,728.99,27.3,put,0.4702,0.2,0.22,0.21,84,203,-0.0055,99.21,0.04,0.52,market
2026-06-26,SPY,2026-07-24,28,535.0,728.99,26.61,put,0.46,0.21,0.23,0.22,56,249,-0.0058,99.17,0.041,0.54,market
2026-06-26,SPY,2026-07-24,28,540.0,728.99,25.92,put,0.4502,0.23,0.24,0.235,237,12,-0.0062,99.12,0.044,0.57,market
2026-06-26,SPY,2026-07-24,28,545.0,728.99,25.24,put,0.4399,0.24,0.25,0.245,314,645,-0.0066,99.08,0.045,0.59,market
2026-06-26,SPY,2026-07-24,28,550.0,728.99,24.55,put,0.4319,0.25,0.27,0.26,53,174,-0.0072,99.0,0.047,0.62,market
2026-06-26,SPY,2026-07-24,28,555.0,728.99,23.87,put,0.4214,0.27,0.28,0.275,1538,7,-0.0076,98.96,0.05,0.65,market
2026-06-26,SPY,2026-07-24,28,560.0,728.99,23.18,put,0.4128,0.29,0.3,0.295,1,38,-0.0083,98.88,0.053,0.69,market
2026-06-26,SPY,2026-07-24,28,565.0,728.99,22.5,put,0.4041,0.3,0.32,0.31,2,41,-0.009,98.79,0.055,0.72,market
2026-06-26,SPY,2026-07-24,28,570.0,728.99,21.81,put,0.395,0.32,0.34,0.33,1,39,-0.0097,98.71,0.058,0.75,market
2026-06-26,SPY,2026-07-24,28,575.0,728.99,21.12,put,0.3855,0.34,0.36,0.35,216,54,-0.0104,98.63,0.061,0.79,market
2026-06-26,SPY,2026-07-24,28,580.0,728.99,20.44,put,0.376,0.36,0.38,0.37,15,278,-0.0112,98.54,0.064,0.83,market
2026-06-26,SPY,2026-07-24,28,585.0,728.99,19.75,put,0.3665,0.38,0.4,0.39,55,33,-0.012,98.44,0.067,0.87,market
2026-06-26,SPY,2026-07-24,28,590.0,728.99,19.07,put,0.3565,0.41,0.42,0.415,2,238,-0.0128,98.35,0.07,0.92,market
2026-06-26,SPY,2026-07-24,28,595.0,728.99,18.38,put,0.3477,0.43,0.45,0.44,7,77,-0.014,98.22,0.074,0.96,market
2026-06-26,SPY,2026-07-24,28,600.0,728.99,17.69,put,0.3386,0.46,0.48,0.47,68,173,-0.0152,98.08,0.078,1.02,market
2026-06-26,SPY,2026-07-24,28,605.0,728.99,17.01,put,0.3291,0.49,0.51,0.5,11,99,-0.0165,97.94,0.083,1.08,market
2026-06-26,SPY,2026-07-24,28,610.0,728.99,16.32,put,0.3196,0.52,0.54,0.53,148,79,-0.0178,97.79,0.087,1.13,market
2026-06-26,SPY,2026-07-24,28,615.0,728.99,15.64,put,0.3106,0.56,0.58,0.57,173,29,-0.0195,97.61,0.093,1.21,market
2026-06-26,SPY,2026-07-24,28,620.0,728.99,14.95,put,0.3013,0.6,0.62,0.61,228,274,-0.0213,97.41,0.098,1.28,market
2026-06-26,SPY,2026-07-24,28,625.0,728.99,14.26,put,0.2925,0.65,0.67,0.66,27,355,-0.0234,97.17,0.106,1.38,market
2026-06-26,SPY,2026-07-24,28,630.0,728.99,13.58,put,0.2833,0.7,0.72,0.71,43,859,-0.0257,96.92,0.113,1.47,market
2026-06-26,SPY,2026-07-24,28,635.0,728.99,12.89,put,0.2744,0.76,0.78,0.77,68,268,-0.0284,96.63,0.121,1.58,market
2026-06-26,SPY,2026-07-24,28,640.0,728.99,12.21,put,0.2656,0.82,0.85,0.835,46,439,-0.0315,96.29,0.13,1.7,market
2026-06-26,SPY,2026-07-24,28,645.0,728.99,11.52,put,0.257,0.9,0.93,0.915,7,221,-0.0352,95.89,0.142,1.85,market
2026-06-26,SPY,2026-07-24,28,650.0,728.99,10.84,put,0.2483,0.99,1.02,1.005,42,1150,-0.0394,95.44,0.155,2.02,market
2026-06-26,SPY,2026-07-24,28,651.0,728.99,10.7,put,0.2466,1.02,1.04,1.03,1,45,-0.0403,95.34,0.158,2.06,market
2026-06-26,SPY,2026-07-24,28,652.0,728.99,10.56,put,0.2452,1.04,1.07,1.055,119,30,-0.0415,95.21,0.162,2.11,market
2026-06-26,SPY,2026-07-24,28,653.0,728.99,10.42,put,0.2435,1.06,1.09,1.075,17,53,-0.0425,95.11,0.165,2.15,market
2026-06-26,SPY,2026-07-24,28,654.0,728.99,10.29,put,0.2417,1.08,1.11,1.095,139,59,-0.0434,95.0,0.167,2.18,market
2026-06-26,SPY,2026-07-24,28,655.0,728.99,10.15,put,0.2399,1.1,1.13,1.115,8,955,-0.0444,94.9,0.17,2.22,market
2026-06-26,SPY,2026-07-24,28,656.0,728.99,10.01,put,0.2385,1.13,1.16,1.145,2,102,-0.0457,94.76,0.175,2.28,market
2026-06-26,SPY,2026-07-24,28,657.0,728.99,9.88,put,0.2366,1.15,1.18,1.165,8,33,-0.0467,94.66,0.177,2.31,market
2026-06-26,SPY,2026-07-24,28,658.0,728.99,9.74,put,0.2351,1.18,1.21,1.195,128,21,-0.048,94.52,0.182,2.37,market
2026-06-26,SPY,2026-07-24,28,659.0,728.99,9.6,put,0.2337,1.21,1.24,1.225,2,26,-0.0493,94.37,0.186,2.42,market
2026-06-26,SPY,2026-07-24,28,660.0,728.99,9.46,put,0.2321,1.24,1.27,1.255,31,377,-0.0506,94.23,0.19,2.48,market
2026-06-26,SPY,2026-07-24,28,661.0,728.99,9.33,put,0.2305,1.26,1.3,1.28,5,37,-0.052,94.08,0.194,2.52,market
2026-06-26,SPY,2026-07-24,28,662.0,728.99,9.19,put,0.2289,1.29,1.33,1.31,212,87,-0.0534,93.93,0.198,2.58,market
2026-06-26,SPY,2026-07-24,28,663.0,728.99,9.05,put,0.2272,1.33,1.36,1.345,14,21,-0.0548,93.79,0.203,2.64,market
2026-06-26,SPY,2026-07-24,28,664.0,728.99,8.92,put,0.2255,1.36,1.39,1.375,1,42,-0.0562,93.64,0.207,2.7,market
2026-06-26,SPY,2026-07-24,28,665.0,728.99,8.78,put,0.2242,1.39,1.43,1.41,162,357,-0.0579,93.45,0.212,2.76,market
2026-06-26,SPY,2026-07-24,28,666.0,728.99,8.64,put,0.2224,1.43,1.46,1.445,67,260,-0.0594,93.3,0.217,2.83,market
2026-06-26,SPY,2026-07-24,28,667.0,728.99,8.5,put,0.221,1.46,1.5,1.48,260,57,-0.0611,93.11,0.222,2.89,market
2026-06-26,SPY,2026-07-24,28,668.0,728.99,8.37,put,0.2195,1.5,1.54,1.52,20,750,-0.0629,92.92,0.228,2.97,market
2026-06-26,SPY,2026-07-24,28,669.0,728.99,8.23,put,0.218,1.54,1.58,1.56,93,26,-0.0647,92.73,0.233,3.04,market
2026-06-26,SPY,2026-07-24,28,670.0,728.99,8.09,put,0.2164,1.58,1.62,1.6,255,1297,-0.0666,92.54,0.239,3.11,market
2026-06-26,SPY,2026-07-24,28,671.0,728.99,7.95,put,0.2148,1.62,1.66,1.64,185,21,-0.0684,92.34,0.244,3.19,market
2026-06-26,SPY,2026-07-24,28,672.0,728.99,7.82,put,0.2131,1.67,1.7,1.685,34,40,-0.0703,92.14,0.251,3.27,market
2026-06-26,SPY,2026-07-24,28,673.0,728.99,7.68,put,0.2117,1.71,1.75,1.73,190,46,-0.0725,91.91,0.257,3.35,market
2026-06-26,SPY,2026-07-24,28,674.0,728.99,7.54,put,0.2103,1.76,1.8,1.78,167,28,-0.0748,91.67,0.264,3.44,market
2026-06-26,SPY,2026-07-24,28,675.0,728.99,7.41,put,0.2088,1.81,1.85,1.83,148,1573,-0.077,91.43,0.271,3.53,market
2026-06-26,SPY,2026-07-24,28,676.0,728.99,7.27,put,0.2073,1.86,1.9,1.88,120,128,-0.0793,91.19,0.278,3.63,market
2026-06-26,SPY,2026-07-24,28,677.0,728.99,7.13,put,0.2057,1.91,1.95,1.93,101,90,-0.0816,90.95,0.285,3.72,market
2026-06-26,SPY,2026-07-24,28,678.0,728.99,6.99,put,0.2044,1.97,2.01,1.99,151,75,-0.0842,90.67,0.294,3.83,market
2026-06-26,SPY,2026-07-24,28,679.0,728.99,6.86,put,0.2027,2.02,2.06,2.04,248,296,-0.0866,90.41,0.3,3.92,market
2026-06-26,SPY,2026-07-24,28,680.0,728.99,6.72,put,0.2012,2.08,2.12,2.1,387,1055,-0.0893,90.13,0.309,4.03,market
2026-06-26,SPY,2026-07-24,28,681.0,728.99,6.58,put,0.1997,2.14,2.18,2.16,172,250,-0.0921,89.85,0.317,4.13,market
2026-06-26,SPY,2026-07-24,28,682.0,728.99,6.45,put,0.1984,2.21,2.25,2.23,33,149,-0.0951,89.52,0.327,4.26,market
2026-06-26,SPY,2026-07-24,28,683.0,728.99,6.31,put,0.1968,2.27,2.31,2.29,23,241,-0.098,89.23,0.335,4.37,market
2026-06-26,SPY,2026-07-24,28,684.0,728.99,6.17,put,0.1954,2.34,2.38,2.36,138,179,-0.1011,88.9,0.345,4.5,market
2026-06-26,SPY,2026-07-24,28,685.0,728.99,6.03,put,0.1941,2.41,2.46,2.435,244,762,-0.1046,88.54,0.355,4.63,market
2026-06-26,SPY,2026-07-24,28,686.0,728.99,5.9,put,0.1925,2.48,2.53,2.505,3,660,-0.1078,88.2,0.365,4.76,market
2026-06-26,SPY,2026-07-24,28,687.0,728.99,5.76,put,0.1912,2.56,2.61,2.585,27,182,-0.1114,87.83,0.376,4.9,market
2026-06-26,SPY,2026-07-24,28,688.0,728.99,5.62,put,0.1897,2.64,2.69,2.665,55,134,-0.1149,87.45,0.387,5.05,market
2026-06-26,SPY,2026-07-24,28,689.0,728.99,5.49,put,0.1882,2.72,2.77,2.745,1,143,-0.1186,87.07,0.398,5.19,market
2026-06-26,SPY,2026-07-24,28,690.0,728.99,5.35,put,0.1868,2.81,2.86,2.835,3922,536,-0.1226,86.66,0.411,5.36,market
2026-06-26,SPY,2026-07-24,28,691.0,728.99,5.21,put,0.1854,2.9,2.95,2.925,27,69,-0.1266,86.24,0.423,5.52,market
2026-06-26,SPY,2026-07-24,28,692.0,728.99,5.07,put,0.1839,2.99,3.04,3.015,58,275,-0.1307,85.82,0.436,5.68,market
2026-06-26,SPY,2026-07-24,28,693.0,728.99,4.94,put,0.1826,3.09,3.14,3.115,20,78,-0.1351,85.36,0.449,5.86,market
2026-06-26,SPY,2026-07-24,28,694.0,728.99,4.8,put,0.1811,3.19,3.24,3.215,23,251,-0.1396,84.9,0.463,6.04,market
2026-06-26,SPY,2026-07-24,28,695.0,728.99,4.66,put,0.1798,3.29,3.35,3.32,204,1085,-0.1444,84.4,0.478,6.23,market
2026-06-26,SPY,2026-07-24,28,696.0,728.99,4.53,put,0.1782,3.4,3.45,3.425,36,718,-0.1491,83.92,0.492,6.41,market
2026-06-26,SPY,2026-07-24,28,697.0,728.99,4.39,put,0.1769,3.51,3.57,3.54,43,182,-0.1542,83.38,0.508,6.62,market
2026-06-26,SPY,2026-07-24,28,698.0,728.99,4.25,put,0.1754,3.63,3.68,3.655,23,247,-0.1593,82.87,0.524,6.83,market
2026-06-26,SPY,2026-07-24,28,699.0,728.99,4.11,put,0.1741,3.75,3.81,3.78,17,81,-0.1648,82.29,0.541,7.05,market
2026-06-26,SPY,2026-07-24,28,700.0,728.99,3.98,put,0.1726,3.87,3.93,3.9,474,3949,-0.1703,81.73,0.557,7.26,market
2026-06-26,SPY,2026-07-24,28,701.0,728.99,3.84,put,0.1712,4.01,4.06,4.035,7,312,-0.176,81.14,0.576,7.5,market
2026-06-26,SPY,2026-07-24,28,702.0,728.99,3.7,put,0.1698,4.14,4.2,4.17,13,168,-0.1821,80.52,0.594,7.74,market
2026-06-26,SPY,2026-07-24,28,703.0,728.99,3.57,put,0.1684,4.28,4.34,4.31,40,308,-0.1883,79.88,0.613,7.99,market
2026-06-26,SPY,2026-07-24,28,704.0,728.99,3.43,put,0.167,4.43,4.49,4.46,65,81,-0.1948,79.22,0.634,8.26,market
2026-06-26,SPY,2026-07-24,28,705.0,728.99,3.29,put,0.1655,4.58,4.64,4.61,115,547,-0.2015,78.54,0.654,8.52,market
2026-06-26,SPY,2026-07-24,28,706.0,728.99,3.15,put,0.1641,4.73,4.8,4.765,10,371,-0.2084,77.83,0.675,8.8,market
2026-06-26,SPY,2026-07-24,28,707.0,728.99,3.02,put,0.1626,4.9,4.96,4.93,43,148,-0.2155,77.11,0.697,9.09,market
2026-06-26,SPY,2026-07-24,28,708.0,728.99,2.88,put,0.1612,5.06,5.13,5.095,78,328,-0.2229,76.36,0.72,9.38,market
2026-06-26,SPY,2026-07-24,28,709.0,728.99,2.74,put,0.1597,5.24,5.3,5.27,9,296,-0.2304,75.59,0.743,9.69,market
2026-06-26,SPY,2026-07-24,28,710.0,728.99,2.6,put,0.1582,5.42,5.48,5.45,98,2467,-0.2383,74.8,0.768,10.01,market
2026-06-26,SPY,2026-07-24,28,711.0,728.99,2.47,put,0.1567,5.61,5.67,5.64,8,284,-0.2465,73.96,0.793,10.34,market
2026-06-26,SPY,2026-07-24,28,712.0,728.99,2.33,put,0.1552,5.8,5.86,5.83,200,412,-0.2548,73.12,0.819,10.67,market
2026-06-26,SPY,2026-07-24,28,713.0,728.99,2.19,put,0.1537,6.0,6.06,6.03,3,498,-0.2635,72.24,0.846,11.02,market
2026-06-26,SPY,2026-07-24,28,714.0,728.99,2.06,put,0.1522,6.2,6.27,6.235,13,184,-0.2726,71.32,0.873,11.38,market
2026-06-26,SPY,2026-07-24,28,715.0,728.99,1.92,put,0.1507,6.42,6.49,6.455,237,879,-0.282,70.37,0.903,11.77,market
2026-06-26,SPY,2026-07-24,28,716.0,728.99,1.78,put,0.1491,6.64,6.71,6.675,18,364,-0.2916,69.41,0.932,12.15,market
2026-06-26,SPY,2026-07-24,28,717.0,728.99,1.64,put,0.1476,6.87,6.94,6.905,34,150,-0.3015,68.41,0.963,12.55,market
2026-06-26,SPY,2026-07-24,28,718.0,728.99,1.51,put,0.146,7.11,7.18,7.145,77,608,-0.3118,67.37,0.995,12.97,market
2026-06-26,SPY,2026-07-24,28,719.0,728.99,1.37,put,0.1443,7.35,7.42,7.385,39,195,-0.3223,66.32,1.027,13.39,market
2026-06-26,SPY,2026-07-24,28,720.0,728.99,1.23,put,0.1427,7.6,7.68,7.64,302,1600,-0.3334,65.21,1.061,13.83,market
2026-06-26,SPY,2026-07-24,28,721.0,728.99,1.1,put,0.1411,7.86,7.94,7.9,144,281,-0.3447,64.08,1.096,14.28,market
2026-06-26,SPY,2026-07-24,28,722.0,728.99,0.96,put,0.1394,8.13,8.21,8.17,99,443,-0.3563,62.92,1.132,14.75,market
2026-06-26,SPY,2026-07-24,28,723.0,728.99,0.82,put,0.1377,8.41,8.5,8.455,42,226,-0.3685,61.71,1.169,15.24,market
2026-06-26,SPY,2026-07-24,28,724.0,728.99,0.68,put,0.136,8.7,8.79,8.745,12,209,-0.3809,60.46,1.208,15.75,market
2026-06-26,SPY,2026-07-24,28,725.0,728.99,0.55,put,0.1342,9.0,9.09,9.045,525,1752,-0.3938,59.18,1.248,16.26,market
2026-06-26,SPY,2026-07-24,28,726.0,728.99,0.41,put,0.1323,9.31,9.39,9.35,76,122,-0.407,57.87,1.288,16.79,market
2026-06-26,SPY,2026-07-24,28,727.0,728.99,0.27,put,0.1304,9.63,9.71,9.67,241,387,-0.4208,56.5,1.33,17.34,market
2026-06-26,SPY,2026-07-24,28,728.0,728.99,0.14,put,0.1287,9.96,10.05,10.005,299,373,-0.435,55.09,1.374,17.92,market
2026-06-26,SPY,2026-07-24,28,729.0,728.99,0.0,put,0.1267,10.3,10.39,10.345,232,703,-0.4497,53.64,1.419,18.5,market
2026-06-26,SPY,2026-07-24,28,730.0,728.99,0.0,put,0.1247,10.65,10.74,10.695,554,1576,-0.4648,52.14,1.465,19.1,market
2026-06-26,SPY,2026-07-24,28,731.0,728.99,0.0,put,0.1228,11.02,11.11,11.065,514,256,-0.4805,50.59,1.514,19.73,market
2026-06-26,SPY,2026-07-24,28,732.0,728.99,0.0,put,0.1206,11.39,11.48,11.435,299,1087,-0.4967,48.99,1.562,20.36,market
2026-06-26,SPY,2026-07-24,28,733.0,728.99,0.0,put,0.1185,11.78,11.87,11.825,246,605,-0.5135,47.34,1.613,21.03,market
2026-06-26,SPY,2026-07-24,28,734.0,728.99,0.0,put,0.1163,12.18,12.28,12.23,473,560,-0.5308,45.64,1.666,21.72,market
2026-06-26,SPY,2026-07-24,28,735.0,728.99,0.0,put,0.1141,12.6,12.7,12.65,705,916,-0.5488,43.87,1.721,22.44,market
2026-06-26,SPY,2026-07-24,28,736.0,728.99,0.0,put,0.1117,13.03,13.12,13.075,242,1022,-0.5675,42.04,1.776,23.16,market
2026-06-26,SPY,2026-07-24,28,737.0,728.99,0.0,put,0.1093,13.47,13.57,13.52,28,684,-0.5867,40.15,1.834,23.91,market
2026-06-26,SPY,2026-07-24,28,738.0,728.99,0.0,put,0.1066,13.92,14.02,13.97,23,775,-0.6069,38.18,1.893,24.68,market
2026-06-26,SPY,2026-07-24,28,739.0,728.99,0.0,put,0.1039,14.39,14.49,14.44,380,660,-0.6279,36.13,1.954,25.47,market
2026-06-26,SPY,2026-07-24,28,740.0,728.99,0.0,put,0.1175,13.71,16.18,14.945,203,1447,-0.628,35.98,2.02,26.33,market
2026-06-26,SPY,2026-07-24,28,741.0,728.99,0.0,put,0.1213,13.79,17.15,15.47,63,512,-0.6388,34.87,2.088,27.21,market
2026-06-26,SPY,2026-07-24,28,742.0,728.99,0.0,put,0.1187,14.8,17.66,16.23,10,375,-0.6572,33.08,2.187,28.51,market
2026-06-26,SPY,2026-07-24,28,743.0,728.99,0.0,put,0.1161,14.87,18.19,16.53,200,362,-0.676,31.25,2.225,29.0,market
2026-06-26,SPY,2026-07-24,28,744.0,728.99,0.0,put,0.1134,15.42,18.74,17.08,10,374,-0.6953,29.38,2.296,29.93,market
2026-06-26,SPY,2026-07-24,28,745.0,728.99,0.0,put,0.1105,16.07,19.3,17.685,144,511,-0.7154,27.43,2.374,30.94,market
2026-06-26,SPY,2026-07-24,28,746.0,728.99,0.0,put,0.1077,16.61,19.89,18.25,1,139,-0.7356,25.47,2.446,31.89,market
2026-06-26,SPY,2026-07-24,28,747.0,728.99,0.0,put,0.1045,17.48,20.49,18.985,5,534,-0.7568,23.42,2.541,33.13,market
2026-06-26,SPY,2026-07-24,28,748.0,728.99,0.0,put,0.101,17.63,21.1,19.365,37,558,-0.7791,21.27,2.589,33.75,market
2026-06-26,SPY,2026-07-24,28,749.0,728.99,0.0,put,0.0974,18.76,21.74,20.25,156,57,-0.8018,19.08,2.704,35.24,market
2026-06-26,SPY,2026-07-24,28,750.0,728.99,0.0,put,0.0626,19.2,21.3,20.25,256,728,-0.9207,7.68,2.7,35.2,market
2026-06-26,SPY,2026-07-24,28,751.0,728.99,0.0,put,0.0891,19.9,23.08,21.49,8,166,-0.8504,14.4,2.862,37.3,market
2026-06-26,SPY,2026-07-24,28,752.0,728.99,0.0,put,0.0837,20.62,23.77,22.195,28,540,-0.8777,11.77,2.951,38.47,market
2026-06-26,SPY,2026-07-24,28,753.0,728.99,0.0,put,0.0769,21.13,24.48,22.805,41,347,-0.9083,8.82,3.029,39.48,market
2026-06-26,SPY,2026-07-24,28,754.0,728.99,0.0,put,0.0675,21.83,25.22,23.525,1,395,-0.944,5.39,3.12,40.67,market
2026-06-26,SPY,2026-07-24,28,755.0,728.99,0.0,put,0.0,22.93,25.87,24.4,5,150,-1.0,0.0,3.232,42.13,market
2026-06-26,SPY,2026-07-24,28,756.0,728.99,0.0,put,0.0,23.32,26.75,25.035,81,201,-1.0,0.0,3.312,43.17,market
2026-06-26,SPY,2026-07-24,28,757.0,728.99,0.0,put,0.0,24.43,27.55,25.99,1,181,-1.0,0.0,3.433,44.76,market
2026-06-26,SPY,2026-07-24,28,758.0,728.99,0.0,put,0.0,24.95,28.37,26.66,105,109,-1.0,0.0,3.517,45.85,market
2026-06-26,SPY,2026-07-24,28,759.0,728.99,0.0,put,0.0,25.91,29.21,27.56,6,246,-1.0,0.0,3.631,47.33,market
2026-06-26,SPY,2026-07-24,28,760.0,728.99,0.0,put,0.0,26.92,29.94,28.43,88,223,-1.0,0.0,3.741,48.76,market
2026-06-26,SPY,2026-07-24,28,761.0,728.99,0.0,put,0.0,27.68,30.94,29.31,20,88,-1.0,0.0,3.852,50.21,market
2026-06-26,SPY,2026-07-24,28,762.0,728.99,0.0,put,0.0,28.54,31.83,30.185,11,22,-1.0,0.0,3.961,51.64,market
2026-06-26,SPY,2026-07-24,28,763.0,728.99,0.0,put,0.0,29.46,32.74,31.1,10,2,-1.0,0.0,4.076,53.13,market
2026-06-26,SPY,2026-07-24,28,764.0,728.99,0.0,put,0.0,31.55,32.56,32.055,3,114,-1.0,0.0,4.196,54.69,market
2026-06-26,SPY,2026-07-24,28,765.0,728.99,0.0,put,0.0,31.39,34.62,33.005,13,106,-1.0,0.0,4.314,56.24,market
2026-06-26,SPY,2026-07-24,28,766.0,728.99,0.0,put,0.0,33.29,35.47,34.38,1,327,-1.0,0.0,4.488,58.51,market
2026-06-26,SPY,2026-07-24,28,767.0,728.99,0.0,put,0.0,33.39,36.62,35.005,20,10,-1.0,0.0,4.564,59.49,market
2026-06-26,SPY,2026-07-24,28,768.0,728.99,0.0,put,0.0,34.39,37.62,36.005,45,0,-1.0,0.0,4.688,61.11,market
2026-06-26,SPY,2026-07-24,28,769.0,728.99,0.0,put,0.0,35.39,38.62,37.005,1,0,-1.0,0.0,4.812,62.73,market
2026-06-26,SPY,2026-07-24,28,770.0,728.99,0.0,put,0.0,37.27,39.47,38.37,7,4,-1.0,0.0,4.983,64.96,market
2026-06-26,SPY,2026-07-24,28,771.0,728.99,0.0,put,0.0,37.39,40.62,39.005,10,0,-1.0,0.0,5.059,65.95,market
2026-06-26,SPY,2026-07-24,28,772.0,728.99,0.0,put,0.0,38.39,41.62,40.005,6,0,-1.0,0.0,5.182,67.55,market
2026-06-26,SPY,2026-07-24,28,773.0,728.99,0.0,put,0.0,39.39,42.62,41.005,14,0,-1.0,0.0,5.305,69.15,market
2026-06-26,SPY,2026-07-24,28,776.0,728.99,0.0,put,0.0,42.39,45.62,44.005,0,0,-1.0,0.0,5.671,73.92,market
2026-06-26,SPY,2026-07-24,28,780.0,728.99,0.0,put,0.0,46.39,49.62,48.005,25,19,-1.0,0.0,6.154,80.23,market
2026-06-26,SPY,2026-07-24,28,781.0,728.99,0.0,put,0.0,47.39,50.62,49.005,0,0,-1.0,0.0,6.275,81.79,market
2026-06-26,SPY,2026-07-24,28,791.0,728.99,0.0,put,0.0,57.39,60.62,59.005,0,0,-1.0,0.0,7.46,97.24,market
2026-06-26,SPY,2026-07-24,28,800.0,728.99,0.0,put,0.0,66.39,69.62,68.005,1,1,-1.0,0.0,8.501,110.81,market
2026-06-26,SPY,2026-07-24,28,810.0,728.99,0.0,put,0.0,76.39,79.62,78.005,1,0,-1.0,0.0,9.63,125.54,market
2026-06-26,SPY,2026-07-31,35,375.0,728.99,48.56,put,0.6992,0.03,0.05,0.04,44,10828,-0.0007,99.86,0.011,0.11,market
2026-06-26,SPY,2026-07-31,35,380.0,728.99,47.87,put,0.6934,0.04,0.05,0.045,2,1348,-0.0008,99.84,0.012,0.12,market
2026-06-26,SPY,2026-07-31,35,385.0,728.99,47.19,put,0.6875,0.04,0.06,0.05,2,649,-0.0009,99.82,0.013,0.14,market
2026-06-26,SPY,2026-07-31,35,390.0,728.99,46.5,put,0.6738,0.04,0.06,0.05,165,1562,-0.0009,99.82,0.013,0.13,market
2026-06-26,SPY,2026-07-31,35,395.0,728.99,45.82,put,0.666,0.05,0.06,0.055,23,900,-0.001,99.81,0.014,0.15,market
2026-06-26,SPY,2026-07-31,35,400.0,728.99,45.13,put,0.6543,0.05,0.06,0.055,361,2569,-0.001,99.8,0.014,0.14,market
2026-06-26,SPY,2026-07-31,35,405.0,728.99,44.44,put,0.6465,0.05,0.07,0.06,76,906,-0.0011,99.79,0.015,0.15,market
2026-06-26,SPY,2026-07-31,35,410.0,728.99,43.76,put,0.6387,0.06,0.07,0.065,88,4584,-0.0012,99.77,0.016,0.17,market
2026-06-26,SPY,2026-07-31,35,415.0,728.99,43.07,put,0.6299,0.06,0.08,0.07,26,541,-0.0013,99.76,0.017,0.18,market
2026-06-26,SPY,2026-07-31,35,420.0,728.99,42.39,put,0.6211,0.07,0.08,0.075,5,824,-0.0014,99.74,0.018,0.19,market
2026-06-26,SPY,2026-07-31,35,425.0,728.99,41.7,put,0.6133,0.07,0.09,0.08,95,308,-0.0015,99.72,0.019,0.2,market
2026-06-26,SPY,2026-07-31,35,430.0,728.99,41.01,put,0.6035,0.08,0.09,0.085,87,7259,-0.0016,99.71,0.02,0.21,market
2026-06-26,SPY,2026-07-31,35,435.0,728.99,40.33,put,0.5977,0.09,0.1,0.095,10,2081,-0.0018,99.68,0.022,0.23,market
2026-06-26,SPY,2026-07-31,35,440.0,728.99,39.64,put,0.5889,0.09,0.11,0.1,113,3134,-0.0019,99.66,0.023,0.24,market
2026-06-26,SPY,2026-07-31,35,445.0,728.99,38.96,put,0.5791,0.1,0.11,0.105,5,575,-0.0021,99.64,0.024,0.25,market
2026-06-26,SPY,2026-07-31,35,450.0,728.99,38.27,put,0.5723,0.11,0.12,0.115,16,1122,-0.0023,99.61,0.026,0.27,market
2026-06-26,SPY,2026-07-31,35,455.0,728.99,37.58,put,0.5654,0.12,0.13,0.125,5,274,-0.0025,99.58,0.027,0.29,market
2026-06-26,SPY,2026-07-31,35,460.0,728.99,36.9,put,0.5557,0.12,0.14,0.13,1,2727,-0.0026,99.56,0.028,0.29,market
2026-06-26,SPY,2026-07-31,35,465.0,728.99,36.21,put,0.5479,0.13,0.15,0.14,1,662,-0.0029,99.53,0.03,0.31,market
2026-06-26,SPY,2026-07-31,35,470.0,728.99,35.53,put,0.542,0.15,0.16,0.155,9,150771,-0.0032,99.48,0.033,0.34,market
2026-06-26,SPY,2026-07-31,35,475.0,728.99,34.84,put,0.5317,0.15,0.17,0.16,2,6193,-0.0033,99.46,0.034,0.35,market
2026-06-26,SPY,2026-07-31,35,480.0,728.99,34.16,put,0.5234,0.16,0.18,0.17,113,807,-0.0036,99.42,0.035,0.37,market
2026-06-26,SPY,2026-07-31,35,485.0,728.99,33.47,put,0.5147,0.17,0.19,0.18,2,781,-0.0038,99.39,0.037,0.39,market
2026-06-26,SPY,2026-07-31,35,490.0,728.99,32.78,put,0.5059,0.18,0.2,0.19,81,268,-0.0041,99.36,0.039,0.4,market
2026-06-26,SPY,2026-07-31,35,495.0,728.99,32.1,put,0.5,0.2,0.21,0.205,1,501,-0.0045,99.29,0.041,0.43,market
2026-06-26,SPY,2026-07-31,35,500.0,728.99,31.41,put,0.4907,0.21,0.22,0.215,42,2075,-0.0048,99.26,0.043,0.45,market
2026-06-26,SPY,2026-07-31,35,505.0,728.99,30.73,put,0.4819,0.22,0.23,0.225,290,1112,-0.0051,99.22,0.045,0.46,market
2026-06-26,SPY,2026-07-31,35,510.0,728.99,30.04,put,0.4746,0.23,0.25,0.24,3,517,-0.0056,99.16,0.047,0.49,market
2026-06-26,SPY,2026-07-31,35,515.0,728.99,29.35,put,0.4653,0.25,0.26,0.255,2,555,-0.0059,99.12,0.05,0.52,market
2026-06-26,SPY,2026-07-31,35,520.0,728.99,28.67,put,0.458,0.26,0.28,0.27,3,731,-0.0064,99.05,0.052,0.54,market
2026-06-26,SPY,2026-07-31,35,525.0,728.99,27.98,put,0.4482,0.28,0.29,0.285,39,1129,-0.0068,99.01,0.054,0.57,market
2026-06-26,SPY,2026-07-31,35,530.0,728.99,27.3,put,0.4404,0.29,0.31,0.3,303,942,-0.0073,98.94,0.057,0.59,market
2026-06-26,SPY,2026-07-31,35,535.0,728.99,26.61,put,0.4307,0.31,0.32,0.315,319,818,-0.0077,98.9,0.059,0.61,market
2026-06-26,SPY,2026-07-31,35,540.0,728.99,25.92,put,0.4224,0.32,0.34,0.33,1,2734,-0.0083,98.83,0.061,0.64,market
2026-06-26,SPY,2026-07-31,35,545.0,728.99,25.24,put,0.4141,0.34,0.36,0.35,3,786,-0.0089,98.75,0.064,0.67,market
2026-06-26,SPY,2026-07-31,35,550.0,728.99,24.55,put,0.4055,0.37,0.38,0.375,81,302207,-0.0095,98.68,0.068,0.71,market
2026-06-26,SPY,2026-07-31,35,555.0,728.99,23.87,put,0.3967,0.38,0.4,0.39,38,498,-0.0102,98.6,0.07,0.73,market
2026-06-26,SPY,2026-07-31,35,560.0,728.99,23.18,put,0.3879,0.4,0.42,0.41,3,592,-0.0109,98.52,0.073,0.76,market
2026-06-26,SPY,2026-07-31,35,565.0,728.99,22.5,put,0.3801,0.43,0.45,0.44,10,1045,-0.0118,98.41,0.078,0.81,market
2026-06-26,SPY,2026-07-31,35,570.0,728.99,21.81,put,0.3711,0.45,0.47,0.46,6,4278,-0.0125,98.32,0.081,0.84,market
2026-06-26,SPY,2026-07-31,35,575.0,728.99,21.12,put,0.3628,0.48,0.5,0.49,2,26057,-0.0135,98.21,0.085,0.89,market
2026-06-26,SPY,2026-07-31,35,580.0,728.99,20.44,put,0.3544,0.51,0.53,0.52,217,1152,-0.0146,98.09,0.09,0.93,market
2026-06-26,SPY,2026-07-31,35,585.0,728.99,19.75,put,0.3457,0.54,0.56,0.55,2,664,-0.0156,97.97,0.094,0.98,market
2026-06-26,SPY,2026-07-31,35,590.0,728.99,19.07,put,0.3369,0.58,0.59,0.585,62,4472,-0.0168,97.84,0.099,1.03,market
2026-06-26,SPY,2026-07-31,35,595.0,728.99,18.38,put,0.3289,0.61,0.63,0.62,74,2433,-0.0182,97.67,0.104,1.09,market
2026-06-26,SPY,2026-07-31,35,600.0,728.99,17.69,put,0.3203,0.65,0.67,0.66,107,11816,-0.0196,97.51,0.11,1.15,market
2026-06-26,SPY,2026-07-31,35,605.0,728.99,17.01,put,0.3125,0.7,0.72,0.71,58,1113,-0.0215,97.31,0.117,1.22,market
2026-06-26,SPY,2026-07-31,35,610.0,728.99,16.32,put,0.3042,0.75,0.77,0.76,114,742,-0.0233,97.1,0.125,1.3,market
2026-06-26,SPY,2026-07-31,35,615.0,728.99,15.64,put,0.2957,0.8,0.82,0.81,100,632,-0.0253,96.88,0.132,1.37,market
2026-06-26,SPY,2026-07-31,35,620.0,728.99,14.95,put,0.2875,0.86,0.88,0.87,28,2231,-0.0276,96.63,0.14,1.46,market
2026-06-26,SPY,2026-07-31,35,621.0,728.99,14.81,put,0.2863,0.87,0.9,0.885,6,675,-0.0283,96.55,0.143,1.49,market
2026-06-26,SPY,2026-07-31,35,622.0,728.99,14.68,put,0.2844,0.89,0.91,0.9,7,145,-0.0287,96.5,0.145,1.51,market
2026-06-26,SPY,2026-07-31,35,623.0,728.99,14.54,put,0.2832,0.9,0.93,0.915,15,219,-0.0294,96.43,0.147,1.53,market
2026-06-26,SPY,2026-07-31,35,624.0,728.99,14.4,put,0.2814,0.91,0.94,0.925,15,262,-0.0298,96.38,0.148,1.55,market
2026-06-26,SPY,2026-07-31,35,625.0,728.99,14.26,put,0.2795,0.93,0.95,0.94,29,3234,-0.0303,96.33,0.15,1.57,market
2026-06-26,SPY,2026-07-31,35,626.0,728.99,14.13,put,0.2782,0.94,0.97,0.955,36,525,-0.031,96.25,0.153,1.59,market
2026-06-26,SPY,2026-07-31,35,627.0,728.99,13.99,put,0.2764,0.96,0.98,0.97,1,519,-0.0315,96.2,0.155,1.61,market
2026-06-26,SPY,2026-07-31,35,628.0,728.99,13.85,put,0.275,0.97,1.0,0.985,1,183,-0.0322,96.12,0.157,1.64,market
2026-06-26,SPY,2026-07-31,35,629.0,728.99,13.72,put,0.2736,0.99,1.02,1.005,12,370,-0.0329,96.04,0.16,1.67,market
2026-06-26,SPY,2026-07-31,35,630.0,728.99,13.58,put,0.2717,1.01,1.03,1.02,59,152188,-0.0334,95.99,0.162,1.69,market
2026-06-26,SPY,2026-07-31,35,631.0,728.99,13.44,put,0.2703,1.02,1.05,1.035,450,555,-0.0341,95.91,0.164,1.71,market
2026-06-26,SPY,2026-07-31,35,632.0,728.99,13.3,put,0.2688,1.04,1.07,1.055,15,143,-0.0348,95.83,0.167,1.74,market
2026-06-26,SPY,2026-07-31,35,633.0,728.99,13.17,put,0.2673,1.06,1.09,1.075,15,314,-0.0356,95.75,0.17,1.77,market
2026-06-26,SPY,2026-07-31,35,634.0,728.99,13.03,put,0.2654,1.07,1.1,1.085,23,798,-0.0361,95.69,0.171,1.78,market
2026-06-26,SPY,2026-07-31,35,635.0,728.99,12.89,put,0.2639,1.09,1.12,1.105,109,806,-0.0368,95.61,0.174,1.81,market
2026-06-26,SPY,2026-07-31,35,636.0,728.99,12.76,put,0.2623,1.11,1.14,1.125,74,269,-0.0376,95.53,0.177,1.84,market
2026-06-26,SPY,2026-07-31,35,637.0,728.99,12.62,put,0.2609,1.13,1.16,1.145,12,635,-0.0384,95.44,0.18,1.87,market
2026-06-26,SPY,2026-07-31,35,638.0,728.99,12.48,put,0.2593,1.15,1.18,1.165,19,210,-0.0392,95.35,0.183,1.9,market
2026-06-26,SPY,2026-07-31,35,639.0,728.99,12.34,put,0.2577,1.17,1.2,1.185,4,689,-0.04,95.27,0.185,1.93,market
2026-06-26,SPY,2026-07-31,35,640.0,728.99,12.21,put,0.2565,1.19,1.23,1.21,1399,3315,-0.041,95.15,0.189,1.97,market
2026-06-26,SPY,2026-07-31,35,641.0,728.99,12.07,put,0.2549,1.22,1.25,1.235,17,246,-0.0418,95.06,0.193,2.01,market
2026-06-26,SPY,2026-07-31,35,642.0,728.99,11.93,put,0.2532,1.24,1.27,1.255,133,390,-0.0426,94.97,0.195,2.04,market
2026-06-26,SPY,2026-07-31,35,643.0,728.99,11.8,put,0.2516,1.26,1.29,1.275,2,84,-0.0435,94.88,0.198,2.07,market
2026-06-26,SPY,2026-07-31,35,644.0,728.99,11.66,put,0.2503,1.29,1.32,1.305,5,778,-0.0445,94.77,0.203,2.11,market
2026-06-26,SPY,2026-07-31,35,645.0,728.99,11.52,put,0.2485,1.31,1.34,1.325,23,16450,-0.0454,94.68,0.205,2.14,market
2026-06-26,SPY,2026-07-31,35,646.0,728.99,11.38,put,0.2473,1.34,1.37,1.355,1,227,-0.0465,94.55,0.21,2.19,market
2026-06-26,SPY,2026-07-31,35,647.0,728.99,11.25,put,0.2459,1.36,1.4,1.38,3,450,-0.0476,94.43,0.213,2.22,market
2026-06-26,SPY,2026-07-31,35,648.0,728.99,11.11,put,0.2441,1.39,1.42,1.405,2,628,-0.0485,94.34,0.217,2.26,market
2026-06-26,SPY,2026-07-31,35,649.0,728.99,10.97,put,0.2427,1.42,1.45,1.435,1,460,-0.0497,94.21,0.221,2.31,market
2026-06-26,SPY,2026-07-31,35,650.0,728.99,10.84,put,0.2412,1.46,1.48,1.47,164,8324,-0.0508,94.09,0.226,2.36,market
2026-06-26,SPY,2026-07-31,35,651.0,728.99,10.7,put,0.2398,1.48,1.51,1.495,2,158,-0.052,93.96,0.23,2.39,market
2026-06-26,SPY,2026-07-31,35,652.0,728.99,10.56,put,0.2383,1.51,1.54,1.525,8,817,-0.0532,93.83,0.234,2.44,market
2026-06-26,SPY,2026-07-31,35,653.0,728.99,10.42,put,0.2368,1.54,1.57,1.555,1,315,-0.0544,93.7,0.238,2.48,market
2026-06-26,SPY,2026-07-31,35,654.0,728.99,10.29,put,0.2355,1.57,1.61,1.59,12,214,-0.0559,93.54,0.243,2.54,market
2026-06-26,SPY,2026-07-31,35,655.0,728.99,10.15,put,0.234,1.61,1.64,1.625,39,1694,-0.0571,93.41,0.248,2.59,market
2026-06-26,SPY,2026-07-31,35,656.0,728.99,10.01,put,0.2327,1.64,1.68,1.66,37,313,-0.0586,93.25,0.253,2.64,market
2026-06-26,SPY,2026-07-31,35,657.0,728.99,9.88,put,0.231,1.68,1.71,1.695,29,291,-0.0598,93.12,0.258,2.69,market
2026-06-26,SPY,2026-07-31,35,658.0,728.99,9.74,put,0.2297,1.71,1.75,1.73,1,244,-0.0614,92.95,0.263,2.74,market
2026-06-26,SPY,2026-07-31,35,659.0,728.99,9.6,put,0.2283,1.75,1.79,1.77,4,572,-0.0629,92.79,0.269,2.8,market
2026-06-26,SPY,2026-07-31,35,660.0,728.99,9.46,put,0.2269,1.79,1.83,1.81,358,3358,-0.0644,92.62,0.274,2.86,market
2026-06-26,SPY,2026-07-31,35,661.0,728.99,9.33,put,0.2255,1.83,1.87,1.85,12,346,-0.0661,92.45,0.28,2.92,market
2026-06-26,SPY,2026-07-31,35,662.0,728.99,9.19,put,0.2239,1.88,1.91,1.895,47,137,-0.0676,92.28,0.286,2.99,market
2026-06-26,SPY,2026-07-31,35,663.0,728.99,9.05,put,0.2227,1.92,1.96,1.94,38,225,-0.0695,92.08,0.293,3.05,market
2026-06-26,SPY,2026-07-31,35,664.0,728.99,8.92,put,0.2212,1.96,2.0,1.98,3,838,-0.0711,91.91,0.298,3.11,market
2026-06-26,SPY,2026-07-31,35,665.0,728.99,8.78,put,0.2199,2.01,2.05,2.03,72,4504,-0.073,91.7,0.305,3.18,market
2026-06-26,SPY,2026-07-31,35,666.0,728.99,8.64,put,0.2186,2.06,2.1,2.08,155,412,-0.075,91.5,0.312,3.26,market
2026-06-26,SPY,2026-07-31,35,667.0,728.99,8.5,put,0.2172,2.1,2.15,2.125,141,384,-0.0769,91.3,0.319,3.32,market
2026-06-26,SPY,2026-07-31,35,668.0,728.99,8.37,put,0.2158,2.16,2.2,2.18,35,386,-0.0789,91.09,0.326,3.4,market
2026-06-26,SPY,2026-07-31,35,669.0,728.99,8.23,put,0.2143,2.21,2.25,2.23,67,523,-0.0808,90.88,0.333,3.48,market
2026-06-26,SPY,2026-07-31,35,670.0,728.99,8.09,put,0.2128,2.26,2.3,2.28,226,7292,-0.0829,90.66,0.34,3.55,market
2026-06-26,SPY,2026-07-31,35,671.0,728.99,7.95,put,0.2116,2.32,2.36,2.34,7,578,-0.0851,90.42,0.349,3.64,market
2026-06-26,SPY,2026-07-31,35,672.0,728.99,7.82,put,0.2102,2.38,2.42,2.4,7,417,-0.0874,90.18,0.357,3.72,market
2026-06-26,SPY,2026-07-31,35,673.0,728.99,7.68,put,0.2089,2.43,2.48,2.455,5,150,-0.0898,89.93,0.365,3.8,market
2026-06-26,SPY,2026-07-31,35,674.0,728.99,7.54,put,0.2074,2.5,2.54,2.52,33,340,-0.0921,89.68,0.374,3.9,market
2026-06-26,SPY,2026-07-31,35,675.0,728.99,7.41,put,0.2062,2.56,2.61,2.585,425,8760,-0.0948,89.4,0.383,3.99,market
2026-06-26,SPY,2026-07-31,35,676.0,728.99,7.27,put,0.2047,2.62,2.67,2.645,28,370,-0.0972,89.15,0.391,4.08,market
2026-06-26,SPY,2026-07-31,35,677.0,728.99,7.13,put,0.2034,2.69,2.74,2.715,109,518,-0.0999,88.86,0.401,4.18,market
2026-06-26,SPY,2026-07-31,35,678.0,728.99,6.99,put,0.2021,2.76,2.81,2.785,80,413,-0.1026,88.57,0.411,4.28,market
2026-06-26,SPY,2026-07-31,35,679.0,728.99,6.86,put,0.2007,2.83,2.88,2.855,93,588,-0.1054,88.28,0.42,4.38,market
2026-06-26,SPY,2026-07-31,35,680.0,728.99,6.72,put,0.1994,2.91,2.96,2.935,626,10669,-0.1084,87.97,0.432,4.5,market
2026-06-26,SPY,2026-07-31,35,681.0,728.99,6.58,put,0.1981,2.99,3.04,3.015,124,20212,-0.1115,87.64,0.443,4.62,market
2026-06-26,SPY,2026-07-31,35,682.0,728.99,6.45,put,0.1968,3.07,3.12,3.095,331,18212,-0.1146,87.32,0.454,4.73,market
2026-06-26,SPY,2026-07-31,35,683.0,728.99,6.31,put,0.1954,3.15,3.2,3.175,27,354,-0.1177,86.99,0.465,4.85,market
2026-06-26,SPY,2026-07-31,35,684.0,728.99,6.17,put,0.194,3.23,3.28,3.255,23,570,-0.1209,86.66,0.476,4.96,market
2026-06-26,SPY,2026-07-31,35,685.0,728.99,6.03,put,0.1927,3.32,3.37,3.345,401,2402,-0.1244,86.3,0.488,5.09,market
2026-06-26,SPY,2026-07-31,35,686.0,728.99,5.9,put,0.1913,3.41,3.46,3.435,32,444,-0.1279,85.93,0.501,5.22,market
2026-06-26,SPY,2026-07-31,35,687.0,728.99,5.76,put,0.1901,3.5,3.56,3.53,471,1304,-0.1316,85.54,0.514,5.36,market
2026-06-26,SPY,2026-07-31,35,688.0,728.99,5.62,put,0.1888,3.6,3.66,3.63,52,481,-0.1355,85.14,0.528,5.5,market
2026-06-26,SPY,2026-07-31,35,689.0,728.99,5.49,put,0.1875,3.7,3.76,3.73,85,403,-0.1393,84.74,0.541,5.65,market
2026-06-26,SPY,2026-07-31,35,690.0,728.99,5.35,put,0.1861,3.8,3.86,3.83,2874,3375,-0.1432,84.33,0.555,5.79,market
2026-06-26,SPY,2026-07-31,35,691.0,728.99,5.21,put,0.1848,3.91,3.97,3.94,27,743,-0.1474,83.9,0.57,5.95,market
2026-06-26,SPY,2026-07-31,35,692.0,728.99,5.07,put,0.1835,4.02,4.08,4.05,29,339,-0.1517,83.46,0.585,6.1,market
2026-06-26,SPY,2026-07-31,35,693.0,728.99,4.94,put,0.1821,4.14,4.19,4.165,40,428,-0.156,83.02,0.601,6.27,market
2026-06-26,SPY,2026-07-31,35,694.0,728.99,4.8,put,0.1808,4.26,4.31,4.285,38,642,-0.1605,82.54,0.617,6.44,market
2026-06-26,SPY,2026-07-31,35,695.0,728.99,4.66,put,0.1796,4.38,4.44,4.41,13101,14018,-0.1654,82.04,0.635,6.62,market
2026-06-26,SPY,2026-07-31,35,696.0,728.99,4.53,put,0.1782,4.5,4.56,4.53,29,375,-0.1701,81.56,0.651,6.79,market
2026-06-26,SPY,2026-07-31,35,697.0,728.99,4.39,put,0.1769,4.63,4.69,4.66,549,708,-0.1751,81.04,0.669,6.97,market
2026-06-26,SPY,2026-07-31,35,698.0,728.99,4.25,put,0.1756,4.77,4.83,4.8,395,407,-0.1803,80.51,0.688,7.17,market
2026-06-26,SPY,2026-07-31,35,699.0,728.99,4.11,put,0.1743,4.91,4.97,4.94,79,1340,-0.1856,79.96,0.707,7.37,market
2026-06-26,SPY,2026-07-31,35,700.0,728.99,3.98,put,0.1729,5.05,5.11,5.08,3677,16514,-0.191,79.41,0.726,7.57,market
2026-06-26,SPY,2026-07-31,35,701.0,728.99,3.84,put,0.1716,5.2,5.26,5.23,28,717,-0.1967,78.83,0.746,7.78,market
2026-06-26,SPY,2026-07-31,35,702.0,728.99,3.7,put,0.1702,5.35,5.41,5.38,328,1158,-0.2024,78.24,0.766,7.99,market
2026-06-26,SPY,2026-07-31,35,703.0,728.99,3.57,put,0.1689,5.51,5.57,5.54,448,10304,-0.2084,77.62,0.788,8.22,market
2026-06-26,SPY,2026-07-31,35,704.0,728.99,3.43,put,0.1675,5.67,5.73,5.7,126,1438,-0.2146,77.0,0.81,8.44,market
2026-06-26,SPY,2026-07-31,35,705.0,728.99,3.29,put,0.1662,5.83,5.9,5.865,8506,1482,-0.221,76.34,0.832,8.68,market
2026-06-26,SPY,2026-07-31,35,706.0,728.99,3.15,put,0.1648,6.01,6.07,6.04,20,332,-0.2275,75.69,0.856,8.92,market
2026-06-26,SPY,2026-07-31,35,707.0,728.99,3.02,put,0.1635,6.19,6.25,6.22,144,1870,-0.2342,75.0,0.88,9.17,market
2026-06-26,SPY,2026-07-31,35,708.0,728.99,2.88,put,0.1622,6.37,6.44,6.405,23,395,-0.2413,74.28,0.905,9.43,market
2026-06-26,SPY,2026-07-31,35,709.0,728.99,2.74,put,0.1608,6.56,6.63,6.595,103,1222,-0.2484,73.55,0.93,9.7,market
2026-06-26,SPY,2026-07-31,35,710.0,728.99,2.6,put,0.1594,6.75,6.82,6.785,3525,15908,-0.2557,72.82,0.956,9.97,market
2026-06-26,SPY,2026-07-31,35,711.0,728.99,2.47,put,0.158,6.95,7.02,6.985,468,616,-0.2633,72.05,0.982,10.25,market
2026-06-26,SPY,2026-07-31,35,712.0,728.99,2.33,put,0.1566,7.16,7.23,7.195,85,439,-0.2711,71.26,1.011,10.54,market
2026-06-26,SPY,2026-07-31,35,713.0,728.99,2.19,put,0.1551,7.37,7.44,7.405,97,405,-0.2791,70.46,1.039,10.83,market
2026-06-26,SPY,2026-07-31,35,714.0,728.99,2.06,put,0.1537,7.59,7.66,7.625,26,772,-0.2873,69.62,1.068,11.14,market
2026-06-26,SPY,2026-07-31,35,715.0,728.99,1.92,put,0.1523,7.82,7.89,7.855,283,1449,-0.2959,68.76,1.099,11.46,market
2026-06-26,SPY,2026-07-31,35,716.0,728.99,1.78,put,0.1509,8.05,8.13,8.09,51,627,-0.3048,67.87,1.13,11.78,market
2026-06-26,SPY,2026-07-31,35,717.0,728.99,1.64,put,0.1494,8.29,8.37,8.33,104,821,-0.3137,66.97,1.162,12.12,market
2026-06-26,SPY,2026-07-31,35,718.0,728.99,1.51,put,0.1479,8.54,8.62,8.58,96,263,-0.3231,66.03,1.195,12.46,market
2026-06-26,SPY,2026-07-31,35,719.0,728.99,1.37,put,0.1463,8.79,8.87,8.83,104,427,-0.3325,65.09,1.228,12.81,market
2026-06-26,SPY,2026-07-31,35,720.0,728.99,1.23,put,0.1448,9.05,9.13,9.09,1689,6474,-0.3423,64.11,1.262,13.17,market
2026-06-26,SPY,2026-07-31,35,721.0,728.99,1.1,put,0.1432,9.32,9.4,9.36,91,876,-0.3524,63.1,1.298,13.54,market
2026-06-26,SPY,2026-07-31,35,722.0,728.99,0.96,put,0.1418,9.6,9.69,9.645,45,576,-0.363,62.05,1.336,13.93,market
2026-06-26,SPY,2026-07-31,35,723.0,728.99,0.82,put,0.1401,9.89,9.97,9.93,24,190,-0.3736,60.99,1.373,14.32,market
2026-06-26,SPY,2026-07-31,35,724.0,728.99,0.68,put,0.1386,10.18,10.27,10.225,203,284,-0.3847,59.89,1.412,14.73,market
2026-06-26,SPY,2026-07-31,35,725.0,728.99,0.55,put,0.1369,10.49,10.57,10.53,2181,14724,-0.396,58.76,1.452,15.15,market
2026-06-26,SPY,2026-07-31,35,726.0,728.99,0.41,put,0.1353,10.8,10.89,10.845,136,522,-0.4077,57.6,1.494,15.58,market
2026-06-26,SPY,2026-07-31,35,727.0,728.99,0.27,put,0.1336,11.12,11.21,11.165,85,1408,-0.4197,56.41,1.536,16.02,market
2026-06-26,SPY,2026-07-31,35,728.0,728.99,0.14,put,0.1319,11.45,11.55,11.5,627,388,-0.4321,55.18,1.58,16.47,market
2026-06-26,SPY,2026-07-31,35,729.0,728.99,0.0,put,0.1302,11.8,11.89,11.845,160,421,-0.4448,53.92,1.625,16.94,market
2026-06-26,SPY,2026-07-31,35,730.0,728.99,0.0,put,0.1284,12.15,12.24,12.195,1216,10874,-0.4579,52.63,1.671,17.42,market
2026-06-26,SPY,2026-07-31,35,731.0,728.99,0.0,put,0.1266,12.51,12.61,12.56,210,537,-0.4714,51.29,1.718,17.92,market
2026-06-26,SPY,2026-07-31,35,732.0,728.99,0.0,put,0.1247,12.88,12.98,12.93,336,509,-0.4853,49.93,1.766,18.42,market
2026-06-26,SPY,2026-07-31,35,733.0,728.99,0.0,put,0.1229,13.27,13.37,13.32,763,594,-0.4997,48.52,1.817,18.95,market
2026-06-26,SPY,2026-07-31,35,734.0,728.99,0.0,put,0.121,13.67,13.77,13.72,231,494,-0.5144,47.07,1.869,19.49,market
2026-06-26,SPY,2026-07-31,35,735.0,728.99,0.0,put,0.119,14.08,14.18,14.13,858,16213,-0.5296,45.58,1.922,20.05,market
2026-06-26,SPY,2026-07-31,35,736.0,728.99,0.0,put,0.117,14.49,14.6,14.545,273,1085,-0.5453,44.04,1.976,20.61,market
2026-06-26,SPY,2026-07-31,35,737.0,728.99,0.0,put,0.1149,14.93,15.03,14.98,555,780,-0.5614,42.46,2.033,21.2,market
2026-06-26,SPY,2026-07-31,35,738.0,728.99,0.0,put,0.1126,15.37,15.47,15.42,182,535,-0.5782,40.82,2.089,21.79,market
2026-06-26,SPY,2026-07-31,35,739.0,728.99,0.0,put,0.1104,15.83,15.93,15.88,43,891,-0.5954,39.14,2.149,22.41,market
2026-06-26,SPY,2026-07-31,35,740.0,728.99,0.0,put,0.1081,16.3,16.4,16.35,710,1965,-0.6133,37.4,2.209,23.04,market
2026-06-26,SPY,2026-07-31,35,741.0,728.99,0.0,put,0.1187,15.57,17.96,16.765,229,456,-0.6163,36.97,2.262,23.59,market
2026-06-26,SPY,2026-07-31,35,742.0,728.99,0.0,put,0.1186,16.6,18.64,17.62,39,775,-0.6303,35.59,2.375,24.76,market
2026-06-26,SPY,2026-07-31,35,743.0,728.99,0.0,put,0.1163,16.51,19.15,17.83,29,834,-0.647,33.97,2.4,25.03,market
2026-06-26,SPY,2026-07-31,35,744.0,728.99,0.0,put,0.1135,17.02,19.64,18.33,6,418,-0.6649,32.24,2.464,25.69,market
2026-06-26,SPY,2026-07-31,35,745.0,728.99,0.0,put,0.0964,18.7,19.1,18.9,62,7452,-0.7096,28.03,2.537,26.46,market
2026-06-26,SPY,2026-07-31,35,746.0,728.99,0.0,put,0.109,18.06,20.77,19.415,2,650,-0.7001,28.83,2.603,27.14,market
2026-06-26,SPY,2026-07-31,35,747.0,728.99,0.0,put,0.1063,19.0,21.34,20.17,14,1135,-0.7189,27.01,2.7,28.16,market
2026-06-26,SPY,2026-07-31,35,748.0,728.99,0.0,put,0.1035,19.2,21.93,20.565,6,590,-0.7381,25.15,2.749,28.67,market
2026-06-26,SPY,2026-07-31,35,749.0,728.99,0.0,put,0.1006,19.89,22.54,21.215,128,1011,-0.7579,23.25,2.832,29.54,market
2026-06-26,SPY,2026-07-31,35,750.0,728.99,0.0,put,0.0973,20.46,23.15,21.805,685,2597,-0.7791,21.21,2.907,30.32,market
2026-06-26,SPY,2026-07-31,35,751.0,728.99,0.0,put,0.0939,21.05,23.79,22.42,10,820,-0.8006,19.14,2.985,31.13,market
2026-06-26,SPY,2026-07-31,35,752.0,728.99,0.0,put,0.09,21.7,24.44,23.07,176,912,-0.8236,16.92,3.068,31.99,market
2026-06-26,SPY,2026-07-31,35,753.0,728.99,0.0,put,0.0856,22.36,25.11,23.735,48,605,-0.848,14.59,3.152,32.87,market
2026-06-26,SPY,2026-07-31,35,754.0,728.99,0.0,put,0.0806,23.04,25.8,24.42,26,824,-0.8744,12.05,3.239,33.78,market
2026-06-26,SPY,2026-07-31,35,755.0,728.99,0.0,put,0.074,23.79,26.5,25.145,35,1394,-0.9046,9.15,3.33,34.73,market
2026-06-26,SPY,2026-07-31,35,756.0,728.99,0.0,put,0.0645,24.65,27.22,25.935,17,2054,-0.9419,5.58,3.431,35.78,market
2026-06-26,SPY,2026-07-31,35,757.0,728.99,0.0,put,0.0,25.2,27.96,26.58,150,1087,-1.0,0.0,3.511,36.62,market
2026-06-26,SPY,2026-07-31,35,758.0,728.99,0.0,put,0.0,26.04,28.72,27.38,49,818,-1.0,0.0,3.612,37.67,market
2026-06-26,SPY,2026-07-31,35,759.0,728.99,0.0,put,0.0,26.69,29.86,28.275,1222,1367,-1.0,0.0,3.725,38.85,market
2026-06-26,SPY,2026-07-31,35,760.0,728.99,0.0,put,0.0,27.14,30.66,28.9,62,1695,-1.0,0.0,3.803,39.66,market
2026-06-26,SPY,2026-07-31,35,761.0,728.99,0.0,put,0.0,28.27,31.47,29.87,361,437,-1.0,0.0,3.925,40.93,market
2026-06-26,SPY,2026-07-31,35,762.0,728.99,0.0,put,0.0,29.2,32.3,30.75,1,141,-1.0,0.0,4.035,42.08,market
2026-06-26,SPY,2026-07-31,35,763.0,728.99,0.0,put,0.0,29.92,33.15,31.535,1,190,-1.0,0.0,4.133,43.1,market
2026-06-26,SPY,2026-07-31,35,764.0,728.99,0.0,put,0.0,30.84,34.02,32.43,41,92,-1.0,0.0,4.245,44.27,market
2026-06-26,SPY,2026-07-31,35,765.0,728.99,0.0,put,0.0,32.83,33.81,33.32,14,388,-1.0,0.0,4.356,45.42,market
2026-06-26,SPY,2026-07-31,35,766.0,728.99,0.0,put,0.0,32.64,35.81,34.225,4,43,-1.0,0.0,4.468,46.6,market
2026-06-26,SPY,2026-07-31,35,767.0,728.99,0.0,put,0.0,33.5,36.74,35.12,2,50,-1.0,0.0,4.579,47.75,market
2026-06-26,SPY,2026-07-31,35,768.0,728.99,0.0,put,0.0,34.26,37.66,35.96,7,13,-1.0,0.0,4.682,48.83,market
2026-06-26,SPY,2026-07-31,35,769.0,728.99,0.0,put,0.0,35.24,38.63,36.935,2,24,-1.0,0.0,4.803,50.09,market
2026-06-26,SPY,2026-07-31,35,770.0,728.99,0.0,put,0.0,37.34,39.31,38.325,18,900,-1.0,0.0,4.977,51.91,market
2026-06-26,SPY,2026-07-31,35,771.0,728.99,0.0,put,0.0,37.29,40.59,38.94,2,0,-1.0,0.0,5.051,52.67,market
2026-06-26,SPY,2026-07-31,35,772.0,728.99,0.0,put,0.0,38.1,41.59,39.845,2,2,-1.0,0.0,5.161,53.82,market
2026-06-26,SPY,2026-07-31,35,773.0,728.99,0.0,put,0.0,40.24,42.31,41.275,3,1,-1.0,0.0,5.34,55.68,market
2026-06-26,SPY,2026-07-31,35,774.0,728.99,0.0,put,0.0,40.22,43.59,41.905,1,0,-1.0,0.0,5.414,56.46,market
2026-06-26,SPY,2026-07-31,35,775.0,728.99,0.0,put,0.0,41.1,44.62,42.86,15,5,-1.0,0.0,5.53,57.67,market
2026-06-26,SPY,2026-07-31,35,776.0,728.99,0.0,put,0.0,42.1,45.6,43.85,1,1,-1.0,0.0,5.651,58.93,market
2026-06-26,SPY,2026-07-31,35,777.0,728.99,0.0,put,0.0,43.29,46.62,44.955,16,4,-1.0,0.0,5.786,60.34,market
2026-06-26,SPY,2026-07-31,35,779.0,728.99,0.0,put,0.0,45.14,48.62,46.88,1,0,-1.0,0.0,6.018,62.76,market
2026-06-26,SPY,2026-07-31,35,780.0,728.99,0.0,put,0.0,46.1,49.62,47.86,2,1,-1.0,0.0,6.136,63.99,market
2026-06-26,SPY,2026-07-31,35,781.0,728.99,0.0,put,0.0,47.22,50.62,48.92,2,0,-1.0,0.0,6.264,65.32,market
2026-06-26,SPY,2026-07-31,35,782.0,728.99,0.0,put,0.0,48.1,51.62,49.86,1,0,-1.0,0.0,6.376,66.49,market
2026-06-26,SPY,2026-07-31,35,783.0,728.99,0.0,put,0.0,49.14,52.62,50.88,1,0,-1.0,0.0,6.498,67.77,market
2026-06-26,SPY,2026-07-31,35,784.0,728.99,0.0,put,0.0,50.31,53.62,51.965,1,0,-1.0,0.0,6.628,69.12,market
2026-06-26,SPY,2026-07-31,35,785.0,728.99,0.0,put,0.0,51.1,54.62,52.86,1,0,-1.0,0.0,6.734,70.22,market
2026-06-26,SPY,2026-07-31,35,787.0,728.99,0.0,put,0.0,53.13,56.62,54.875,1,0,-1.0,0.0,6.973,72.72,market
2026-06-26,SPY,2026-07-31,35,790.0,728.99,0.0,put,0.0,56.27,59.62,57.945,14,38,-1.0,0.0,7.335,76.49,market
2026-06-26,SPY,2026-07-31,35,791.0,728.99,0.0,put,0.0,57.1,60.62,58.86,0,0,-1.0,0.0,7.441,77.6,market
2026-06-26,SPY,2026-07-31,35,793.0,728.99,0.0,put,0.0,59.1,62.62,60.86,6,0,-1.0,0.0,7.675,80.04,market
2026-06-26,SPY,2026-07-31,35,795.0,728.99,0.0,put,0.0,61.22,64.62,62.92,1,0,-1.0,0.0,7.914,82.54,market
2026-06-26,SPY,2026-07-31,35,796.0,728.99,0.0,put,0.0,62.22,65.62,63.92,0,2,-1.0,0.0,8.03,83.74,market
2026-06-26,SPY,2026-07-31,35,797.0,728.99,0.0,put,0.0,63.22,66.62,64.92,1,0,-1.0,0.0,8.146,84.95,market
2026-06-26,SPY,2026-07-31,35,798.0,728.99,0.0,put,0.0,64.1,67.62,65.86,1,0,-1.0,0.0,8.253,86.07,market
2026-06-26,SPY,2026-07-31,35,799.0,728.99,0.0,put,0.0,65.22,68.62,66.92,1,0,-1.0,0.0,8.375,87.34,market
2026-06-26,SPY,2026-07-31,35,800.0,728.99,0.0,put,0.0,66.1,69.62,67.86,2,0,-1.0,0.0,8.482,88.46,market
2026-06-26,SPY,2026-07-31,35,825.0,728.99,0.0,put,0.0,91.22,94.62,92.92,2,0,-1.0,0.0,11.263,117.46,market
2026-06-26,SPY,2026-07-31,35,900.0,728.99,0.0,put,0.0,166.22,169.62,167.92,1,0,-1.0,0.0,18.658,194.57,market
2026-06-26,QQQ,2026-07-17,21,300.0,706.52,57.54,put,1.0781,0.0,0.04,0.014,10,4564,-0.0003,99.93,0.005,0.08,bs_fallback
2026-06-26,QQQ,2026-07-17,21,305.0,706.52,56.83,put,1.0391,0.0,0.03,0.011,58,2417,-0.0002,99.94,0.003,0.06,bs_fallback
2026-06-26,QQQ,2026-07-17,21,310.0,706.52,56.12,put,1.0742,0.0,0.06,0.021,1,1602,-0.0004,99.9,0.007,0.12,bs_fallback
2026-06-26,QQQ,2026-07-17,21,315.0,706.52,55.42,put,1.0547,0.0,0.06,0.022,15,1402,-0.0004,99.9,0.007,0.12,bs_fallback
2026-06-26,QQQ,2026-07-17,21,320.0,706.52,54.71,put,1.0195,0.01,0.04,0.025,1,405,-0.0004,99.91,0.008,0.14,market
2026-06-26,QQQ,2026-07-17,21,325.0,706.52,54.0,put,1.0273,0.01,0.06,0.035,1,276,-0.0005,99.88,0.011,0.19,market
2026-06-26,QQQ,2026-07-17,21,330.0,706.52,53.29,put,1.0195,0.02,0.06,0.04,3,123,-0.0006,99.87,0.012,0.21,market
2026-06-26,QQQ,2026-07-17,21,335.0,706.52,52.58,put,1.0,0.01,0.07,0.04,1,263,-0.0006,99.87,0.012,0.21,market
2026-06-26,QQQ,2026-07-17,21,340.0,706.52,51.88,put,0.9922,0.02,0.07,0.045,10,614,-0.0007,99.85,0.013,0.23,market
2026-06-26,QQQ,2026-07-17,21,345.0,706.52,51.17,put,0.9727,0.02,0.07,0.045,620,516,-0.0007,99.85,0.013,0.23,market
2026-06-26,QQQ,2026-07-17,21,350.0,706.52,50.46,put,0.9551,0.02,0.07,0.045,268,979,-0.0007,99.85,0.013,0.22,market
2026-06-26,QQQ,2026-07-17,21,355.0,706.52,49.75,put,0.9375,0.02,0.07,0.045,230,362,-0.0007,99.85,0.013,0.22,market
2026-06-26,QQQ,2026-07-17,21,360.0,706.52,49.05,put,0.9355,0.03,0.08,0.055,133,316,-0.0009,99.82,0.015,0.27,market
2026-06-26,QQQ,2026-07-17,21,365.0,706.52,48.34,put,0.9023,0.03,0.06,0.045,2,123,-0.0008,99.84,0.012,0.21,market
2026-06-26,QQQ,2026-07-17,21,370.0,706.52,47.63,put,0.8828,0.03,0.06,0.045,21,213,-0.0008,99.85,0.012,0.21,market
2026-06-26,QQQ,2026-07-17,21,375.0,706.52,46.92,put,0.8672,0.03,0.06,0.045,1,337,-0.0008,99.84,0.012,0.21,market
2026-06-26,QQQ,2026-07-17,21,380.0,706.52,46.22,put,0.8574,0.04,0.06,0.05,30,150,-0.0009,99.83,0.013,0.23,market
2026-06-26,QQQ,2026-07-17,21,385.0,706.52,45.51,put,0.8477,0.04,0.07,0.055,20,237,-0.001,99.81,0.014,0.25,market
2026-06-26,QQQ,2026-07-17,21,390.0,706.52,44.8,put,0.8301,0.04,0.07,0.055,56,294,-0.001,99.81,0.014,0.25,market
2026-06-26,QQQ,2026-07-17,21,395.0,706.52,44.09,put,0.8379,0.05,0.1,0.075,41,868,-0.0013,99.75,0.019,0.33,market
2026-06-26,QQQ,2026-07-17,21,400.0,706.52,43.38,put,0.8105,0.05,0.08,0.065,1,1202,-0.0012,99.78,0.016,0.28,market
2026-06-26,QQQ,2026-07-17,21,405.0,706.52,42.68,put,0.8145,0.06,0.11,0.085,3,292,-0.0015,99.72,0.021,0.36,market
2026-06-26,QQQ,2026-07-17,21,410.0,706.52,41.97,put,0.8008,0.06,0.12,0.09,10,1108,-0.0016,99.7,0.022,0.38,market
2026-06-26,QQQ,2026-07-17,21,415.0,706.52,41.26,put,0.7891,0.07,0.12,0.095,73,925,-0.0017,99.69,0.023,0.4,market
2026-06-26,QQQ,2026-07-17,21,420.0,706.52,40.55,put,0.7725,0.07,0.12,0.095,6,1218,-0.0018,99.68,0.023,0.39,market
2026-06-26,QQQ,2026-07-17,21,425.0,706.52,39.85,put,0.7637,0.08,0.13,0.105,3,1249,-0.002,99.65,0.025,0.43,market
2026-06-26,QQQ,2026-07-17,21,430.0,706.52,39.14,put,0.7549,0.09,0.14,0.115,55,1487,-0.0022,99.62,0.027,0.46,market
2026-06-26,QQQ,2026-07-17,21,435.0,706.52,38.43,put,0.7383,0.09,0.14,0.115,75,652,-0.0022,99.62,0.026,0.46,market
2026-06-26,QQQ,2026-07-17,21,440.0,706.52,37.72,put,0.7285,0.1,0.15,0.125,52,845,-0.0024,99.58,0.028,0.49,market
2026-06-26,QQQ,2026-07-17,21,445.0,706.52,37.02,put,0.7188,0.11,0.16,0.135,12,1257,-0.0027,99.55,0.03,0.53,market
2026-06-26,QQQ,2026-07-17,21,450.0,706.52,36.31,put,0.7051,0.12,0.16,0.14,602,13759,-0.0028,99.53,0.031,0.54,market
2026-06-26,QQQ,2026-07-17,21,455.0,706.52,35.6,put,0.6943,0.12,0.18,0.15,1,478,-0.003,99.5,0.033,0.57,market
2026-06-26,QQQ,2026-07-17,21,460.0,706.52,34.89,put,0.6816,0.13,0.18,0.155,1,4432,-0.0032,99.48,0.034,0.59,market
2026-06-26,QQQ,2026-07-17,21,465.0,706.52,34.18,put,0.6699,0.14,0.19,0.165,50,450,-0.0035,99.45,0.035,0.62,market
2026-06-26,QQQ,2026-07-17,21,470.0,706.52,33.48,put,0.6592,0.15,0.2,0.175,10,814,-0.0037,99.41,0.037,0.65,market
2026-06-26,QQQ,2026-07-17,21,475.0,706.52,32.77,put,0.6494,0.16,0.22,0.19,20,610,-0.0041,99.36,0.04,0.7,market
2026-06-26,QQQ,2026-07-17,21,480.0,706.52,32.06,put,0.6397,0.18,0.23,0.205,1,5245,-0.0045,99.31,0.043,0.74,market
2026-06-26,QQQ,2026-07-17,21,485.0,706.52,31.35,put,0.6274,0.19,0.24,0.215,2,866,-0.0047,99.27,0.044,0.77,market
2026-06-26,QQQ,2026-07-17,21,490.0,706.52,30.65,put,0.6182,0.21,0.26,0.235,6,888,-0.0052,99.21,0.048,0.83,market
2026-06-26,QQQ,2026-07-17,21,495.0,706.52,29.94,put,0.6089,0.23,0.28,0.255,10,2561,-0.0057,99.14,0.052,0.9,market
2026-06-26,QQQ,2026-07-17,21,500.0,706.52,29.23,put,0.5977,0.24,0.3,0.27,375,3088,-0.0061,99.09,0.054,0.94,market
2026-06-26,QQQ,2026-07-17,21,505.0,706.52,28.52,put,0.5874,0.26,0.32,0.29,9,1235,-0.0067,99.02,0.057,1.0,market
2026-06-26,QQQ,2026-07-17,21,510.0,706.52,27.82,put,0.5781,0.29,0.34,0.315,2,552,-0.0073,98.93,0.062,1.07,market
2026-06-26,QQQ,2026-07-17,21,515.0,706.52,27.11,put,0.5684,0.31,0.37,0.34,24,1363,-0.008,98.85,0.066,1.15,market
2026-06-26,QQQ,2026-07-17,21,520.0,706.52,26.4,put,0.5581,0.34,0.39,0.365,231,5910,-0.0087,98.76,0.07,1.22,market
2026-06-26,QQQ,2026-07-17,21,525.0,706.52,25.69,put,0.5488,0.37,0.42,0.395,7,778,-0.0096,98.65,0.075,1.31,market
2026-06-26,QQQ,2026-07-17,21,530.0,706.52,24.98,put,0.5396,0.4,0.46,0.43,7,4879,-0.0105,98.53,0.081,1.41,market
2026-06-26,QQQ,2026-07-17,21,535.0,706.52,24.28,put,0.5308,0.44,0.5,0.47,78,637,-0.0116,98.4,0.088,1.53,market
2026-06-26,QQQ,2026-07-17,21,540.0,706.52,23.57,put,0.5205,0.48,0.53,0.505,27,2394,-0.0126,98.27,0.094,1.63,market
2026-06-26,QQQ,2026-07-17,21,545.0,706.52,22.86,put,0.512,0.53,0.58,0.555,90,1610,-0.014,98.1,0.102,1.77,market
2026-06-26,QQQ,2026-07-17,21,550.0,706.52,22.15,put,0.5029,0.58,0.63,0.605,158,6867,-0.0154,97.93,0.11,1.91,market
2026-06-26,QQQ,2026-07-17,21,551.0,706.52,22.01,put,0.5005,0.58,0.64,0.61,8,637,-0.0156,97.91,0.111,1.92,market
2026-06-26,QQQ,2026-07-17,21,552.0,706.52,21.87,put,0.5022,0.59,0.65,0.62,101,389,-0.0165,97.79,0.112,1.95,market
2026-06-26,QQQ,2026-07-17,21,553.0,706.52,21.73,put,0.5002,0.61,0.66,0.635,11,659,-0.0168,97.76,0.115,2.0,market
2026-06-26,QQQ,2026-07-17,21,554.0,706.52,21.59,put,0.4983,0.62,0.67,0.645,1,768,-0.0171,97.72,0.116,2.02,market
2026-06-26,QQQ,2026-07-17,21,555.0,706.52,21.45,put,0.4973,0.63,0.69,0.66,10,1206,-0.0175,97.66,0.119,2.07,market
2026-06-26,QQQ,2026-07-17,21,556.0,706.52,21.3,put,0.4954,0.64,0.7,0.67,10,492,-0.0179,97.62,0.121,2.09,market
2026-06-26,QQQ,2026-07-17,21,557.0,706.52,21.16,put,0.4933,0.65,0.71,0.68,2,397,-0.0182,97.59,0.122,2.12,market
2026-06-26,QQQ,2026-07-17,21,558.0,706.52,21.02,put,0.4912,0.66,0.72,0.69,9,637,-0.0185,97.55,0.124,2.15,market
2026-06-26,QQQ,2026-07-17,21,559.0,706.52,20.88,put,0.489,0.67,0.73,0.7,8,404,-0.0188,97.51,0.125,2.18,market
2026-06-26,QQQ,2026-07-17,21,560.0,706.52,20.74,put,0.488,0.69,0.75,0.72,53,9347,-0.0193,97.45,0.129,2.23,market
2026-06-26,QQQ,2026-07-17,21,561.0,706.52,20.6,put,0.4858,0.7,0.76,0.73,14,1533,-0.0196,97.41,0.13,2.26,market
2026-06-26,QQQ,2026-07-17,21,562.0,706.52,20.46,put,0.4836,0.71,0.77,0.74,27,441,-0.0199,97.38,0.132,2.29,market
2026-06-26,QQQ,2026-07-17,21,563.0,706.52,20.31,put,0.4816,0.72,0.78,0.75,16,538,-0.0203,97.34,0.133,2.32,market
2026-06-26,QQQ,2026-07-17,21,564.0,706.52,20.17,put,0.4805,0.74,0.8,0.77,1,1382,-0.0208,97.27,0.137,2.37,market
2026-06-26,QQQ,2026-07-17,21,565.0,706.52,20.03,put,0.4782,0.75,0.81,0.78,6,1476,-0.0211,97.24,0.138,2.4,market
2026-06-26,QQQ,2026-07-17,21,566.0,706.52,19.89,put,0.4758,0.77,0.82,0.795,17,564,-0.0214,97.2,0.14,2.44,market
2026-06-26,QQQ,2026-07-17,21,567.0,706.52,19.75,put,0.4746,0.78,0.84,0.81,22,477,-0.022,97.13,0.143,2.48,market
2026-06-26,QQQ,2026-07-17,21,568.0,706.52,19.61,put,0.4724,0.79,0.85,0.82,2,1227,-0.0223,97.09,0.144,2.51,market
2026-06-26,QQQ,2026-07-17,21,569.0,706.52,19.46,put,0.471,0.81,0.87,0.84,1,358,-0.0228,97.03,0.148,2.57,market
2026-06-26,QQQ,2026-07-17,21,570.0,706.52,19.32,put,0.4688,0.82,0.88,0.85,30,5978,-0.0232,96.99,0.149,2.59,market
2026-06-26,QQQ,2026-07-17,21,571.0,706.52,19.18,put,0.4673,0.84,0.9,0.87,58,383,-0.0238,96.92,0.152,2.65,market
2026-06-26,QQQ,2026-07-17,21,572.0,706.52,19.04,put,0.4648,0.85,0.91,0.88,16,342,-0.0241,96.89,0.154,2.67,market
2026-06-26,QQQ,2026-07-17,21,573.0,706.52,18.9,put,0.4634,0.87,0.93,0.9,13,1014,-0.0246,96.82,0.157,2.73,market
2026-06-26,QQQ,2026-07-17,21,574.0,706.52,18.76,put,0.4619,0.89,0.95,0.92,1,387,-0.0252,96.75,0.16,2.79,market
2026-06-26,QQQ,2026-07-17,21,575.0,706.52,18.62,put,0.4595,0.9,0.96,0.93,30,2010,-0.0256,96.71,0.162,2.81,market
2026-06-26,QQQ,2026-07-17,21,576.0,706.52,18.47,put,0.4579,0.92,0.98,0.95,1,694,-0.0261,96.64,0.165,2.87,market
2026-06-26,QQQ,2026-07-17,21,577.0,706.52,18.33,put,0.4563,0.94,1.0,0.97,17,1044,-0.0267,96.58,0.168,2.92,market
2026-06-26,QQQ,2026-07-17,21,578.0,706.52,18.19,put,0.4546,0.95,1.02,0.985,6,324,-0.0273,96.51,0.17,2.96,market
2026-06-26,QQQ,2026-07-17,21,579.0,706.52,18.05,put,0.4529,0.97,1.04,1.005,16,436,-0.0279,96.44,0.174,3.02,market
2026-06-26,QQQ,2026-07-17,21,580.0,706.52,17.91,put,0.4504,0.99,1.05,1.02,70,23164,-0.0283,96.4,0.176,3.06,market
2026-06-26,QQQ,2026-07-17,21,581.0,706.52,17.77,put,0.4487,1.01,1.07,1.04,233,858,-0.0289,96.33,0.179,3.11,market
2026-06-26,QQQ,2026-07-17,21,582.0,706.52,17.62,put,0.447,1.03,1.09,1.06,1,242,-0.0295,96.26,0.182,3.17,market
2026-06-26,QQQ,2026-07-17,21,583.0,706.52,17.48,put,0.4452,1.05,1.11,1.08,36,359,-0.0301,96.19,0.185,3.22,market
2026-06-26,QQQ,2026-07-17,21,584.0,706.52,17.34,put,0.4434,1.07,1.13,1.1,3,625,-0.0307,96.12,0.188,3.27,market
2026-06-26,QQQ,2026-07-17,21,585.0,706.52,17.2,put,0.4421,1.09,1.16,1.125,34,1472,-0.0315,96.03,0.192,3.34,market
2026-06-26,QQQ,2026-07-17,21,586.0,706.52,17.06,put,0.4403,1.11,1.18,1.145,68,392,-0.0321,95.95,0.195,3.4,market
2026-06-26,QQQ,2026-07-17,21,587.0,706.52,16.92,put,0.4384,1.13,1.2,1.165,2,564,-0.0327,95.88,0.198,3.45,market
2026-06-26,QQQ,2026-07-17,21,588.0,706.52,16.78,put,0.4364,1.16,1.22,1.19,9,503,-0.0333,95.81,0.202,3.52,market
2026-06-26,QQQ,2026-07-17,21,589.0,706.52,16.63,put,0.4352,1.18,1.25,1.215,24,1520,-0.0342,95.71,0.206,3.59,market
2026-06-26,QQQ,2026-07-17,21,590.0,706.52,16.49,put,0.4331,1.2,1.27,1.235,98,11755,-0.0348,95.64,0.209,3.64,market
2026-06-26,QQQ,2026-07-17,21,591.0,706.52,16.35,put,0.4312,1.23,1.29,1.26,6,2494,-0.0355,95.57,0.213,3.71,market
2026-06-26,QQQ,2026-07-17,21,592.0,706.52,16.21,put,0.4297,1.25,1.32,1.285,7,332,-0.0363,95.47,0.217,3.77,market
2026-06-26,QQQ,2026-07-17,21,593.0,706.52,16.07,put,0.4276,1.28,1.34,1.31,4,566,-0.037,95.4,0.221,3.84,market
2026-06-26,QQQ,2026-07-17,21,594.0,706.52,15.93,put,0.4262,1.3,1.37,1.335,1,310,-0.0378,95.29,0.225,3.91,market
2026-06-26,QQQ,2026-07-17,21,595.0,706.52,15.78,put,0.4246,1.33,1.4,1.365,103,1708,-0.0387,95.2,0.229,3.99,market
2026-06-26,QQQ,2026-07-17,21,596.0,706.52,15.64,put,0.4224,1.36,1.42,1.39,1,466,-0.0394,95.12,0.233,4.05,market
2026-06-26,QQQ,2026-07-17,21,597.0,706.52,15.5,put,0.4208,1.38,1.45,1.415,2,263,-0.0403,95.02,0.237,4.12,market
2026-06-26,QQQ,2026-07-17,21,598.0,706.52,15.36,put,0.4192,1.41,1.48,1.445,18,756,-0.0412,94.92,0.242,4.2,market
2026-06-26,QQQ,2026-07-17,21,599.0,706.52,15.22,put,0.4175,1.44,1.51,1.475,41,235,-0.042,94.82,0.246,4.28,market
2026-06-26,QQQ,2026-07-17,21,600.0,706.52,15.08,put,0.4158,1.47,1.54,1.505,976,19217,-0.043,94.71,0.251,4.36,market
2026-06-26,QQQ,2026-07-17,21,601.0,706.52,14.94,put,0.4141,1.5,1.57,1.535,195,572,-0.0439,94.61,0.255,4.44,market
2026-06-26,QQQ,2026-07-17,21,602.0,706.52,14.79,put,0.4122,1.53,1.6,1.565,2,773,-0.0448,94.51,0.26,4.52,market
2026-06-26,QQQ,2026-07-17,21,603.0,706.52,14.65,put,0.411,1.57,1.64,1.605,2,5163,-0.0459,94.37,0.266,4.63,market
2026-06-26,QQQ,2026-07-17,21,604.0,706.52,14.51,put,0.4092,1.6,1.67,1.635,3,592,-0.0469,94.27,0.271,4.7,market
2026-06-26,QQQ,2026-07-17,21,605.0,706.52,14.37,put,0.4072,1.63,1.7,1.665,88,4090,-0.0478,94.16,0.275,4.78,market
2026-06-26,QQQ,2026-07-17,21,606.0,706.52,14.23,put,0.4059,1.67,1.74,1.705,11,1331,-0.049,94.03,0.281,4.89,market
2026-06-26,QQQ,2026-07-17,21,607.0,706.52,14.09,put,0.4039,1.71,1.77,1.74,57,1717,-0.05,93.92,0.287,4.98,market
2026-06-26,QQQ,2026-07-17,21,608.0,706.52,13.94,put,0.4023,1.74,1.81,1.775,52,1008,-0.0511,93.79,0.292,5.07,market
2026-06-26,QQQ,2026-07-17,21,609.0,706.52,13.8,put,0.4009,1.78,1.85,1.815,4,820,-0.0523,93.66,0.298,5.18,market
2026-06-26,QQQ,2026-07-17,21,610.0,706.52,13.66,put,0.3993,1.82,1.89,1.855,339,12026,-0.0535,93.52,0.304,5.29,market
2026-06-26,QQQ,2026-07-17,21,611.0,706.52,13.52,put,0.3976,1.86,1.93,1.895,19,741,-0.0547,93.39,0.31,5.39,market
2026-06-26,QQQ,2026-07-17,21,612.0,706.52,13.38,put,0.3959,1.9,1.97,1.935,29,847,-0.0559,93.25,0.316,5.5,market
2026-06-26,QQQ,2026-07-17,21,613.0,706.52,13.24,put,0.3942,1.94,2.01,1.975,39,390,-0.0571,93.12,0.322,5.6,market
2026-06-26,QQQ,2026-07-17,21,614.0,706.52,13.1,put,0.393,1.98,2.06,2.02,20,1210,-0.0586,92.96,0.329,5.72,market
2026-06-26,QQQ,2026-07-17,21,615.0,706.52,12.95,put,0.3911,2.03,2.1,2.065,179,18286,-0.0598,92.82,0.336,5.84,market
2026-06-26,QQQ,2026-07-17,21,616.0,706.52,12.81,put,0.3893,2.07,2.14,2.105,3,1051,-0.0611,92.68,0.342,5.94,market
2026-06-26,QQQ,2026-07-17,21,617.0,706.52,12.67,put,0.3878,2.12,2.19,2.155,28,1065,-0.0625,92.52,0.349,6.07,market
2026-06-26,QQQ,2026-07-17,21,618.0,706.52,12.53,put,0.3864,2.17,2.24,2.205,1074,1915,-0.064,92.35,0.357,6.2,market
2026-06-26,QQQ,2026-07-17,21,619.0,706.52,12.39,put,0.3848,2.22,2.29,2.255,65,912,-0.0655,92.19,0.364,6.33,market
2026-06-26,QQQ,2026-07-17,21,620.0,706.52,12.25,put,0.3832,2.27,2.34,2.305,468,7815,-0.067,92.02,0.372,6.46,market
2026-06-26,QQQ,2026-07-17,21,625.0,706.52,11.54,put,0.3757,2.54,2.62,2.58,262,5999,-0.0753,91.1,0.413,7.17,market
2026-06-26,QQQ,2026-07-17,21,630.0,706.52,10.83,put,0.368,2.85,2.93,2.89,522,39903,-0.0845,90.09,0.459,7.97,market
2026-06-26,QQQ,2026-07-17,21,635.0,706.52,10.12,put,0.3607,3.21,3.29,3.25,253,8300,-0.0951,88.94,0.512,8.9,market
2026-06-26,QQQ,2026-07-17,21,640.0,706.52,9.42,put,0.3532,3.61,3.69,3.65,2020,17854,-0.1069,87.67,0.57,9.91,market
2026-06-26,QQQ,2026-07-17,21,645.0,706.52,8.71,put,0.3463,4.08,4.16,4.12,226,13761,-0.1204,86.21,0.639,11.1,market
2026-06-26,QQQ,2026-07-17,21,650.0,706.52,8.0,put,0.3392,4.6,4.69,4.645,2666,31166,-0.1355,84.6,0.715,12.42,market
2026-06-26,QQQ,2026-07-17,21,655.0,706.52,7.29,put,0.3323,5.21,5.29,5.25,436,9551,-0.1525,82.79,0.802,13.93,market
2026-06-26,QQQ,2026-07-17,21,660.0,706.52,6.58,put,0.3257,5.89,5.98,5.935,1762,14517,-0.1716,80.78,0.899,15.63,market
2026-06-26,QQQ,2026-07-17,21,665.0,706.52,5.88,put,0.319,6.66,6.76,6.71,319,6367,-0.1929,78.55,1.009,17.54,market
2026-06-26,QQQ,2026-07-17,21,670.0,706.52,5.17,put,0.3124,7.54,7.64,7.59,2339,27178,-0.2165,76.09,1.133,19.69,market
2026-06-26,QQQ,2026-07-17,21,671.0,706.52,5.03,put,0.3111,7.73,7.83,7.78,66,1262,-0.2215,75.57,1.159,20.15,market
2026-06-26,QQQ,2026-07-17,21,672.0,706.52,4.89,put,0.3098,7.92,8.02,7.97,353,3560,-0.2266,75.04,1.186,20.61,market
2026-06-26,QQQ,2026-07-17,21,673.0,706.52,4.74,put,0.3085,8.12,8.22,8.17,75,1287,-0.2318,74.5,1.214,21.1,market
2026-06-26,QQQ,2026-07-17,21,674.0,706.52,4.6,put,0.3071,8.32,8.42,8.37,92,1653,-0.2371,73.95,1.242,21.58,market
2026-06-26,QQQ,2026-07-17,21,675.0,706.52,4.46,put,0.3058,8.53,8.63,8.58,2311,43748,-0.2426,73.39,1.271,22.09,market
2026-06-26,QQQ,2026-07-17,21,676.0,706.52,4.32,put,0.3045,8.74,8.84,8.79,1170,2661,-0.2481,72.83,1.3,22.6,market
2026-06-26,QQQ,2026-07-17,21,677.0,706.52,4.18,put,0.3032,8.96,9.06,9.01,78,989,-0.2537,72.24,1.331,23.13,market
2026-06-26,QQQ,2026-07-17,21,678.0,706.52,4.04,put,0.3018,9.18,9.28,9.23,593,1048,-0.2594,71.66,1.361,23.66,market
2026-06-26,QQQ,2026-07-17,21,679.0,706.52,3.9,put,0.3005,9.4,9.51,9.455,756,916,-0.2653,71.05,1.392,24.2,market
2026-06-26,QQQ,2026-07-17,21,680.0,706.52,3.75,put,0.2991,9.63,9.74,9.685,11850,27141,-0.2712,70.45,1.424,24.76,market
2026-06-26,QQQ,2026-07-17,21,681.0,706.52,3.61,put,0.2979,9.87,9.98,9.925,61,1182,-0.2773,69.83,1.457,25.33,market
2026-06-26,QQQ,2026-07-17,21,682.0,706.52,3.47,put,0.2965,10.12,10.22,10.17,568,916,-0.2834,69.2,1.491,25.92,market
2026-06-26,QQQ,2026-07-17,21,683.0,706.52,3.33,put,0.2951,10.36,10.47,10.415,182,706,-0.2897,68.56,1.525,26.5,market
2026-06-26,QQQ,2026-07-17,21,684.0,706.52,3.19,put,0.2939,10.62,10.73,10.675,183,1235,-0.2961,67.91,1.561,27.13,market
2026-06-26,QQQ,2026-07-17,21,685.0,706.52,3.05,put,0.2925,10.88,10.99,10.935,2807,25277,-0.3026,67.25,1.596,27.75,market
2026-06-26,QQQ,2026-07-17,21,686.0,706.52,2.9,put,0.2913,11.14,11.26,11.2,78,922,-0.3092,66.57,1.633,28.38,market
2026-06-26,QQQ,2026-07-17,21,687.0,706.52,2.76,put,0.2899,11.42,11.53,11.475,88,819,-0.3159,65.89,1.67,29.03,market
2026-06-26,QQQ,2026-07-17,21,688.0,706.52,2.62,put,0.2886,11.69,11.81,11.75,1042,1187,-0.3228,65.2,1.708,29.68,market
2026-06-26,QQQ,2026-07-17,21,689.0,706.52,2.48,put,0.2871,11.98,12.09,12.035,32,2737,-0.3297,64.5,1.747,30.36,market
2026-06-26,QQQ,2026-07-17,21,690.0,706.52,2.34,put,0.2858,12.27,12.38,12.325,5768,28659,-0.3367,63.79,1.786,31.05,market
2026-06-26,QQQ,2026-07-17,21,691.0,706.52,2.2,put,0.2845,12.56,12.68,12.62,26,921,-0.3439,63.06,1.826,31.74,market
2026-06-26,QQQ,2026-07-17,21,692.0,706.52,2.06,put,0.2831,12.86,12.98,12.92,35,886,-0.3512,62.33,1.867,32.45,market
2026-06-26,QQQ,2026-07-17,21,693.0,706.52,1.91,put,0.2817,13.17,13.29,13.23,37,982,-0.3586,61.59,1.909,33.18,market
2026-06-26,QQQ,2026-07-17,21,694.0,706.52,1.77,put,0.2804,13.49,13.61,13.55,106,1637,-0.3661,60.83,1.952,33.94,market
2026-06-26,QQQ,2026-07-17,21,695.0,706.52,1.63,put,0.2791,13.81,13.94,13.875,1617,24467,-0.3737,60.07,1.996,34.7,market
2026-06-26,QQQ,2026-07-17,21,696.0,706.52,1.49,put,0.2777,14.13,14.27,14.2,106,796,-0.3815,59.29,2.04,35.46,market
2026-06-26,QQQ,2026-07-17,21,697.0,706.52,1.35,put,0.2764,14.48,14.61,14.545,627,1926,-0.3893,58.51,2.087,36.27,market
2026-06-26,QQQ,2026-07-17,21,698.0,706.52,1.21,put,0.2751,14.83,14.96,14.895,113,1779,-0.3973,57.71,2.134,37.09,market
2026-06-26,QQQ,2026-07-17,21,699.0,706.52,1.06,put,0.2737,15.18,15.31,15.245,169,1474,-0.4053,56.91,2.181,37.91,market
2026-06-26,QQQ,2026-07-17,21,700.0,706.52,0.92,put,0.2723,15.54,15.67,15.605,10287,38685,-0.4135,56.09,2.229,38.75,market
2026-06-26,QQQ,2026-07-17,21,701.0,706.52,0.78,put,0.2709,15.91,16.04,15.975,374,2344,-0.4217,55.27,2.279,39.61,market
2026-06-26,QQQ,2026-07-17,21,702.0,706.52,0.64,put,0.2696,16.28,16.42,16.35,243,3057,-0.4301,54.43,2.329,40.48,market
2026-06-26,QQQ,2026-07-17,21,703.0,706.52,0.5,put,0.2682,16.65,16.8,16.725,83,927,-0.4386,53.59,2.379,41.35,market
2026-06-26,QQQ,2026-07-17,21,704.0,706.52,0.36,put,0.2669,17.04,17.2,17.12,201,1276,-0.4472,52.74,2.432,42.27,market
2026-06-26,QQQ,2026-07-17,21,705.0,706.52,0.22,put,0.2655,17.46,17.6,17.53,4377,12513,-0.4559,51.88,2.487,43.22,market
2026-06-26,QQQ,2026-07-17,21,706.0,706.52,0.07,put,0.2642,17.85,18.01,17.93,174,2270,-0.4647,51.01,2.54,44.14,market
2026-06-26,QQQ,2026-07-17,21,707.0,706.52,0.0,put,0.2627,18.27,18.42,18.345,4165,1237,-0.4735,50.13,2.595,45.1,market
2026-06-26,QQQ,2026-07-17,21,708.0,706.52,0.0,put,0.2614,18.69,18.85,18.77,722,1513,-0.4825,49.25,2.651,46.08,market
2026-06-26,QQQ,2026-07-17,21,709.0,706.52,0.0,put,0.2601,19.13,19.29,19.21,1795,14381,-0.4916,48.35,2.709,47.09,market
2026-06-26,QQQ,2026-07-17,21,710.0,706.52,0.0,put,0.2586,19.57,19.73,19.65,2364,26238,-0.5007,47.45,2.768,48.1,market
2026-06-26,QQQ,2026-07-17,21,711.0,706.52,0.0,put,0.2572,20.02,20.18,20.1,490,2146,-0.51,46.55,2.827,49.14,market
2026-06-26,QQQ,2026-07-17,21,712.0,706.52,0.0,put,0.2558,20.48,20.64,20.56,997,1254,-0.5193,45.63,2.888,50.19,market
2026-06-26,QQQ,2026-07-17,21,713.0,706.52,0.0,put,0.2544,20.95,21.11,21.03,467,1525,-0.5287,44.71,2.95,51.27,market
2026-06-26,QQQ,2026-07-17,21,714.0,706.52,0.0,put,0.2531,21.43,21.59,21.51,1090,3551,-0.5381,43.78,3.013,52.36,market
2026-06-26,QQQ,2026-07-17,21,715.0,706.52,0.0,put,0.2517,21.91,22.08,21.995,8430,28682,-0.5477,42.85,3.076,53.47,market
2026-06-26,QQQ,2026-07-17,21,716.0,706.52,0.0,put,0.2565,21.59,23.0,22.295,628,3901,-0.5553,42.05,3.114,54.12,market
2026-06-26,QQQ,2026-07-17,21,717.0,706.52,0.0,put,0.2565,22.39,23.6,22.995,68,1007,-0.5643,41.16,3.207,55.74,market
2026-06-26,QQQ,2026-07-17,21,718.0,706.52,0.0,put,0.2556,22.95,24.15,23.55,299,2702,-0.5735,40.26,3.28,57.01,market
2026-06-26,QQQ,2026-07-17,21,719.0,706.52,0.0,put,0.2542,23.47,24.67,24.07,210,997,-0.583,39.34,3.348,58.19,market
2026-06-26,QQQ,2026-07-17,21,720.0,706.52,0.0,put,0.2525,24.19,25.19,24.69,631,19758,-0.5926,38.41,3.429,59.6,market
2026-06-26,QQQ,2026-07-17,21,721.0,706.52,0.0,put,0.251,24.01,25.72,24.865,20,680,-0.6022,37.47,3.449,59.94,market
2026-06-26,QQQ,2026-07-17,21,722.0,706.52,0.0,put,0.25,25.11,26.3,25.705,298,1003,-0.6116,36.56,3.56,61.88,market
2026-06-26,QQQ,2026-07-17,21,723.0,706.52,0.0,put,0.2676,25.14,28.11,26.625,19,1056,-0.6111,36.45,3.683,64.01,market
2026-06-26,QQQ,2026-07-17,21,724.0,706.52,0.0,put,0.2474,26.23,27.45,26.84,22,797,-0.6307,34.72,3.707,64.43,market
2026-06-26,QQQ,2026-07-17,21,725.0,706.52,0.0,put,0.2458,26.87,28.02,27.445,2435,11806,-0.6404,33.78,3.786,65.8,market
2026-06-26,QQQ,2026-07-17,21,726.0,706.52,0.0,put,0.2447,26.84,28.63,27.735,56,557,-0.6499,32.86,3.82,66.4,market
2026-06-26,QQQ,2026-07-17,21,727.0,706.52,0.0,put,0.2628,27.86,30.46,29.16,24,767,-0.6466,33.02,4.011,69.72,market
2026-06-26,QQQ,2026-07-17,21,728.0,706.52,0.0,put,0.2419,28.08,29.84,28.96,9,1051,-0.6692,31.01,3.978,69.14,market
2026-06-26,QQQ,2026-07-17,21,729.0,706.52,0.0,put,0.2406,28.71,30.47,29.59,12,798,-0.6787,30.09,4.059,70.55,market
2026-06-26,QQQ,2026-07-17,21,730.0,706.52,0.0,put,0.2375,29.34,31.0,30.17,235,8435,-0.6897,29.05,4.133,71.83,market
2026-06-26,QQQ,2026-07-17,21,731.0,706.52,0.0,put,0.2377,29.95,31.74,30.845,10,919,-0.6979,28.25,4.22,73.34,market
2026-06-26,QQQ,2026-07-17,21,732.0,706.52,0.0,put,0.2359,31.17,32.37,31.77,24,512,-0.7078,27.31,4.34,75.44,market
2026-06-26,QQQ,2026-07-17,21,733.0,706.52,0.0,put,0.235,31.26,33.06,32.16,6,973,-0.7168,26.44,4.387,76.26,market
2026-06-26,QQQ,2026-07-17,21,734.0,706.52,0.0,put,0.2336,32.34,33.73,33.035,23,1077,-0.7263,25.54,4.501,78.23,market
2026-06-26,QQQ,2026-07-17,21,735.0,706.52,0.0,put,0.2322,32.61,34.41,33.51,234,5987,-0.7357,24.64,4.559,79.24,market
2026-06-26,QQQ,2026-07-17,21,736.0,706.52,0.0,put,0.2309,33.3,35.11,34.205,17,1585,-0.7449,23.77,4.647,80.78,market
2026-06-26,QQQ,2026-07-17,21,737.0,706.52,0.0,put,0.2523,34.01,37.06,35.535,7,1778,-0.7324,24.81,4.822,83.8,market
2026-06-26,QQQ,2026-07-17,21,738.0,706.52,0.0,put,0.2513,34.72,37.77,36.245,14,1649,-0.7407,24.02,4.911,85.36,market
2026-06-26,QQQ,2026-07-17,21,739.0,706.52,0.0,put,0.2268,36.01,37.25,36.63,73,1302,-0.7722,21.17,4.957,86.15,market
2026-06-26,QQQ,2026-07-17,21,740.0,706.52,0.0,put,0.2252,36.18,37.97,37.075,278,9178,-0.7814,20.3,5.01,87.08,market
2026-06-26,QQQ,2026-07-17,21,741.0,706.52,0.0,put,0.2237,37.36,38.71,38.035,34,1882,-0.7903,19.46,5.133,89.22,market
2026-06-26,QQQ,2026-07-17,21,742.0,706.52,0.0,put,0.2476,37.68,40.71,39.195,1,1247,-0.7724,21.01,5.282,91.81,market
2026-06-26,QQQ,2026-07-17,21,743.0,706.52,0.0,put,0.2468,38.43,41.47,39.95,8,791,-0.78,20.28,5.377,93.45,market
2026-06-26,QQQ,2026-07-17,21,744.0,706.52,0.0,put,0.2195,39.76,40.99,40.375,2,1089,-0.8162,17.01,5.427,94.32,market
2026-06-26,QQQ,2026-07-17,21,745.0,706.52,0.0,put,0.2453,39.98,43.02,41.5,160,3477,-0.7948,18.89,5.57,96.82,market
2026-06-26,QQQ,2026-07-17,21,746.0,706.52,0.0,put,0.2162,41.33,42.54,41.935,6,417,-0.8333,15.41,5.621,97.7,market
2026-06-26,QQQ,2026-07-17,21,747.0,706.52,0.0,put,0.2149,41.94,43.34,42.64,3,568,-0.8412,14.66,5.708,99.21,market
2026-06-26,QQQ,2026-07-17,21,748.0,706.52,0.0,put,0.2432,42.37,45.41,43.89,4,792,-0.8158,16.91,5.868,101.99,market
2026-06-26,QQQ,2026-07-17,21,749.0,706.52,0.0,put,0.2116,43.2,44.95,44.075,2,106,-0.8573,13.16,5.885,102.28,market
2026-06-26,QQQ,2026-07-17,21,750.0,706.52,0.0,put,0.2422,44.02,47.05,45.535,9,2269,-0.8288,15.68,6.071,105.53,market
2026-06-26,QQQ,2026-07-17,21,751.0,706.52,0.0,put,0.2416,44.87,47.88,46.375,10,91,-0.8352,15.09,6.175,107.33,market
2026-06-26,QQQ,2026-07-17,21,752.0,706.52,0.0,put,0.207,46.04,47.44,46.74,1,330,-0.8797,11.06,6.215,108.03,market
2026-06-26,QQQ,2026-07-17,21,753.0,706.52,0.0,put,0.2056,46.57,48.29,47.43,1,79,-0.8867,10.41,6.299,109.48,market
2026-06-26,QQQ,2026-07-17,21,754.0,706.52,0.0,put,0.2407,47.43,50.43,48.93,2,75,-0.8527,13.44,6.489,112.79,market
2026-06-26,QQQ,2026-07-17,21,755.0,706.52,0.0,put,0.22,48.83,50.56,49.695,3,490,-0.8804,10.94,6.582,114.4,market
2026-06-26,QQQ,2026-07-17,21,756.0,706.52,0.0,put,0.2191,49.7,51.43,50.565,6,71,-0.8863,10.39,6.688,116.25,market
2026-06-26,QQQ,2026-07-17,21,757.0,706.52,0.0,put,0.2406,50.58,53.06,51.82,5,88,-0.868,12.0,6.845,118.98,market
2026-06-26,QQQ,2026-07-17,21,758.0,706.52,0.0,put,0.2158,51.5,53.14,52.32,1,58,-0.8992,9.19,6.902,119.97,market
2026-06-26,QQQ,2026-07-17,21,759.0,706.52,0.0,put,0.241,51.89,54.85,53.37,40,55,-0.8772,11.15,7.032,122.22,market
2026-06-26,QQQ,2026-07-17,21,760.0,706.52,0.0,put,0.2411,52.8,55.75,54.275,19,326,-0.8816,10.73,7.141,124.13,market
2026-06-26,QQQ,2026-07-17,21,761.0,706.52,0.0,put,0.1927,54.21,55.34,54.775,6,14,-0.936,5.84,7.198,125.1,market
2026-06-26,QQQ,2026-07-17,21,762.0,706.52,0.0,put,0.2414,54.63,57.56,56.095,7,65,-0.8901,9.94,7.362,127.95,market
2026-06-26,QQQ,2026-07-17,21,763.0,706.52,0.0,put,0.2422,55.54,58.49,57.015,5,9,-0.8935,9.62,7.472,129.88,market
2026-06-26,QQQ,2026-07-17,21,764.0,706.52,0.0,put,0.2429,55.55,59.42,57.485,345,201,-0.8969,9.3,7.524,130.78,market
2026-06-26,QQQ,2026-07-17,21,765.0,706.52,0.0,put,0.2438,56.86,60.36,58.61,1306,708,-0.9,9.01,7.661,133.16,market
2026-06-26,QQQ,2026-07-17,21,766.0,706.52,0.0,put,0.245,57.96,61.31,59.635,895,597,-0.9027,8.76,7.785,135.32,market
2026-06-26,QQQ,2026-07-17,21,767.0,706.52,0.0,put,0.2462,58.38,62.26,60.32,502,267,-0.9053,8.51,7.864,136.69,market
2026-06-26,QQQ,2026-07-17,21,768.0,706.52,0.0,put,0.2473,59.76,63.21,61.485,575,368,-0.908,8.26,8.006,139.15,market
2026-06-26,QQQ,2026-07-17,21,769.0,706.52,0.0,put,0.2487,60.83,64.17,62.5,696,483,-0.9103,8.04,8.127,141.26,market
2026-06-26,QQQ,2026-07-17,21,770.0,706.52,0.0,put,0.2501,61.59,65.13,63.36,2,355,-0.9125,7.83,8.229,143.02,market
2026-06-26,QQQ,2026-07-17,21,771.0,706.52,0.0,put,0.2521,62.67,66.11,64.39,1,7,-0.9141,7.68,8.351,145.16,market
2026-06-26,QQQ,2026-07-17,21,772.0,706.52,0.0,put,0.2538,63.55,67.08,65.315,1,1,-0.9159,7.51,8.46,147.05,market
2026-06-26,QQQ,2026-07-17,21,773.0,706.52,0.0,put,0.2565,64.64,68.08,66.36,39,20,-0.9168,7.42,8.585,149.21,market
2026-06-26,QQQ,2026-07-17,21,774.0,706.52,0.0,put,0.2589,65.52,69.07,67.295,2,4,-0.918,7.3,8.694,151.12,market
2026-06-26,QQQ,2026-07-17,21,775.0,706.52,0.0,put,0.2621,66.63,70.08,68.355,5,2244,-0.9184,7.25,8.82,153.3,market
2026-06-26,QQQ,2026-07-17,21,780.0,706.52,0.0,put,0.2756,71.56,75.08,73.32,18,66,-0.9222,6.86,9.4,163.38,market
2026-06-26,QQQ,2026-07-17,21,785.0,706.52,0.0,put,0.2886,76.65,80.07,78.36,82,0,-0.9258,6.5,9.982,173.5,market
2026-06-26,QQQ,2026-07-17,21,790.0,706.52,0.0,put,0.3018,81.49,85.07,83.28,101,4,-0.9288,6.19,10.542,183.23,market
2026-06-26,QQQ,2026-07-17,21,795.0,706.52,0.0,put,0.3147,86.62,90.07,88.345,2,1,-0.9315,5.91,11.113,193.15,market
2026-06-26,QQQ,2026-07-17,21,800.0,706.52,0.0,put,0.3265,91.58,95.05,93.315,19,1,-0.9345,5.6,11.664,202.74,market
2026-06-26,QQQ,2026-07-17,21,805.0,706.52,0.0,put,0.34,96.65,100.07,98.36,2,0,-0.9362,5.42,12.219,212.37,market
2026-06-26,QQQ,2026-07-17,21,810.0,706.52,0.0,put,0.3514,101.59,105.05,103.32,2,0,-0.9388,5.16,12.756,221.7,market
2026-06-26,QQQ,2026-07-17,21,815.0,706.52,0.0,put,0.3637,106.61,110.05,108.33,2,0,-0.9407,4.97,13.292,231.03,market
2026-06-26,QQQ,2026-07-17,21,820.0,706.52,0.0,put,0.3757,111.62,115.05,113.335,2,0,-0.9425,4.79,13.821,240.23,market
2026-06-26,QQQ,2026-07-17,21,825.0,706.52,0.0,put,0.3876,116.62,120.05,118.335,0,0,-0.9441,4.62,14.344,249.31,market
2026-06-26,QQQ,2026-07-17,21,845.0,706.52,0.0,put,0.0,127.29,131.08,129.185,0,0,-1.0,0.0,15.288,265.72,market
2026-06-26,QQQ,2026-07-17,21,860.0,706.52,0.0,put,0.467,151.19,155.05,153.12,0,0,-0.9529,3.71,17.805,309.46,market
2026-06-26,QQQ,2026-07-17,21,895.0,706.52,0.0,put,0.5407,186.59,190.05,188.32,0,0,-0.9588,3.1,21.041,365.72,market
2026-06-26,QQQ,2026-07-17,21,900.0,706.52,0.0,put,0.5508,191.58,195.05,193.315,7,0,-0.9594,3.03,21.479,373.33,market
2026-06-26,QQQ,2026-07-24,28,480.0,706.52,32.06,put,0.5889,0.3,0.35,0.325,73,1403,-0.0067,98.96,0.068,0.88,market
2026-06-26,QQQ,2026-07-24,28,485.0,706.52,31.35,put,0.5791,0.31,0.38,0.345,69,612,-0.0072,98.9,0.071,0.93,market
2026-06-26,QQQ,2026-07-24,28,490.0,706.52,30.65,put,0.5713,0.34,0.41,0.375,63,51,-0.0078,98.8,0.077,1.0,market
2026-06-26,QQQ,2026-07-24,28,495.0,706.52,29.94,put,0.561,0.36,0.43,0.395,81,24,-0.0084,98.73,0.08,1.04,market
2026-06-26,QQQ,2026-07-24,28,500.0,706.52,29.23,put,0.5523,0.39,0.46,0.425,25,144,-0.0091,98.64,0.085,1.11,market
2026-06-26,QQQ,2026-07-24,28,505.0,706.52,28.52,put,0.5449,0.43,0.5,0.465,2,4,-0.01,98.52,0.092,1.2,market
2026-06-26,QQQ,2026-07-24,28,510.0,706.52,27.82,put,0.5354,0.46,0.53,0.495,3,16,-0.0108,98.42,0.097,1.27,market
2026-06-26,QQQ,2026-07-24,28,515.0,706.52,27.11,put,0.5271,0.5,0.57,0.535,3,59,-0.0118,98.3,0.104,1.35,market
2026-06-26,QQQ,2026-07-24,28,520.0,706.52,26.4,put,0.5183,0.54,0.61,0.575,11,40,-0.0128,98.17,0.111,1.44,market
2026-06-26,QQQ,2026-07-24,28,525.0,706.52,25.69,put,0.5105,0.59,0.66,0.625,2,40,-0.014,98.01,0.119,1.55,market
2026-06-26,QQQ,2026-07-24,28,530.0,706.52,24.98,put,0.5015,0.64,0.7,0.67,54,79,-0.0151,97.87,0.126,1.65,market
2026-06-26,QQQ,2026-07-24,28,535.0,706.52,24.28,put,0.4971,0.69,0.76,0.725,3,38,-0.0171,97.61,0.136,1.77,market
2026-06-26,QQQ,2026-07-24,28,540.0,706.52,23.57,put,0.4876,0.75,0.81,0.78,19,75,-0.0185,97.45,0.144,1.88,market
2026-06-26,QQQ,2026-07-24,28,545.0,706.52,22.86,put,0.4807,0.81,0.89,0.85,60,32,-0.0204,97.2,0.156,2.03,market
2026-06-26,QQQ,2026-07-24,28,550.0,706.52,22.15,put,0.4722,0.88,0.96,0.92,169,104,-0.0222,96.99,0.167,2.18,market
2026-06-26,QQQ,2026-07-24,28,555.0,706.52,21.45,put,0.4633,0.96,1.03,0.995,79,97,-0.0241,96.76,0.179,2.34,market
2026-06-26,QQQ,2026-07-24,28,560.0,706.52,20.74,put,0.4553,1.04,1.12,1.08,44,68,-0.0264,96.49,0.193,2.51,market
2026-06-26,QQQ,2026-07-24,28,565.0,706.52,20.03,put,0.4476,1.14,1.22,1.18,57,64,-0.029,96.18,0.209,2.72,market
2026-06-26,QQQ,2026-07-24,28,570.0,706.52,19.32,put,0.4393,1.24,1.32,1.28,103,158,-0.0317,95.86,0.225,2.93,market
2026-06-26,QQQ,2026-07-24,28,575.0,706.52,18.62,put,0.4316,1.36,1.44,1.4,146,88,-0.0348,95.5,0.243,3.17,market
2026-06-26,QQQ,2026-07-24,28,580.0,706.52,17.91,put,0.4238,1.48,1.57,1.525,28,694,-0.0382,95.1,0.263,3.43,market
2026-06-26,QQQ,2026-07-24,28,585.0,706.52,17.2,put,0.416,1.63,1.71,1.67,169,188,-0.0419,94.67,0.285,3.72,market
2026-06-26,QQQ,2026-07-24,28,590.0,706.52,16.49,put,0.4085,1.79,1.87,1.83,56,794,-0.0461,94.18,0.31,4.04,market
2026-06-26,QQQ,2026-07-24,28,595.0,706.52,15.78,put,0.401,1.96,2.05,2.005,58,138,-0.0508,93.65,0.337,4.39,market
2026-06-26,QQQ,2026-07-24,28,600.0,706.52,15.08,put,0.3937,2.16,2.25,2.205,77,491,-0.0561,93.05,0.368,4.79,market
2026-06-26,QQQ,2026-07-24,28,605.0,706.52,14.37,put,0.3867,2.39,2.48,2.435,2,1081,-0.0621,92.37,0.402,5.25,market
2026-06-26,QQQ,2026-07-24,28,610.0,706.52,13.66,put,0.3796,2.64,2.73,2.685,63,206,-0.0686,91.64,0.44,5.74,market
2026-06-26,QQQ,2026-07-24,28,615.0,706.52,12.95,put,0.3729,2.92,3.02,2.97,61,319,-0.0761,90.8,0.483,6.3,market
2026-06-26,QQQ,2026-07-24,28,620.0,706.52,12.25,put,0.3662,3.24,3.34,3.29,48,1142,-0.0843,89.89,0.531,6.92,market
2026-06-26,QQQ,2026-07-24,28,625.0,706.52,11.54,put,0.3593,3.59,3.69,3.64,35,470,-0.0933,88.89,0.582,7.59,market
2026-06-26,QQQ,2026-07-24,28,630.0,706.52,10.83,put,0.353,3.99,4.1,4.045,166,666,-0.1037,87.76,0.642,8.37,market
2026-06-26,QQQ,2026-07-24,28,635.0,706.52,10.12,put,0.3465,4.44,4.55,4.495,134,761,-0.1151,86.52,0.708,9.23,market
2026-06-26,QQQ,2026-07-24,28,640.0,706.52,9.42,put,0.3401,4.94,5.05,4.995,179,637,-0.1276,85.16,0.78,10.17,market
2026-06-26,QQQ,2026-07-24,28,645.0,706.52,8.71,put,0.3339,5.51,5.62,5.565,120,414,-0.1417,83.65,0.863,11.25,market
2026-06-26,QQQ,2026-07-24,28,650.0,706.52,8.0,put,0.3277,6.14,6.25,6.195,1083,4071,-0.1571,82.01,0.953,12.42,market
2026-06-26,QQQ,2026-07-24,28,655.0,706.52,7.29,put,0.3216,6.84,6.96,6.9,87,783,-0.1742,80.19,1.053,13.73,market
2026-06-26,QQQ,2026-07-24,28,660.0,706.52,6.58,put,0.3156,7.63,7.75,7.69,147,2636,-0.193,78.21,1.165,15.19,market
2026-06-26,QQQ,2026-07-24,28,665.0,706.52,5.88,put,0.3096,8.5,8.63,8.565,121,698,-0.2137,76.05,1.288,16.79,market
2026-06-26,QQQ,2026-07-24,28,670.0,706.52,5.17,put,0.3037,9.48,9.61,9.545,483,1194,-0.2362,73.71,1.425,18.57,market
2026-06-26,QQQ,2026-07-24,28,675.0,706.52,4.46,put,0.2977,10.56,10.69,10.625,451,3037,-0.2607,71.18,1.574,20.52,market
2026-06-26,QQQ,2026-07-24,28,680.0,706.52,3.75,put,0.2917,11.75,11.89,11.82,423,1601,-0.2873,68.46,1.738,22.66,market
2026-06-26,QQQ,2026-07-24,28,685.0,706.52,3.05,put,0.2857,13.07,13.21,13.14,829,962,-0.316,65.54,1.918,25.01,market
2026-06-26,QQQ,2026-07-24,28,686.0,706.52,2.9,put,0.2845,13.35,13.49,13.42,39,128,-0.322,64.93,1.956,25.5,market
2026-06-26,QQQ,2026-07-24,28,687.0,706.52,2.76,put,0.2833,13.63,13.78,13.705,12,285,-0.3281,64.31,1.995,26.01,market
2026-06-26,QQQ,2026-07-24,28,688.0,706.52,2.62,put,0.2821,13.92,14.07,13.995,49,123,-0.3343,63.68,2.034,26.52,market
2026-06-26,QQQ,2026-07-24,28,689.0,706.52,2.48,put,0.2809,14.22,14.37,14.295,26,131,-0.3406,63.05,2.075,27.05,market
2026-06-26,QQQ,2026-07-24,28,690.0,706.52,2.34,put,0.2796,14.52,14.67,14.595,405,701,-0.3469,62.41,2.115,27.57,market
2026-06-26,QQQ,2026-07-24,28,691.0,706.52,2.2,put,0.2784,14.83,14.98,14.905,1,74,-0.3533,61.76,2.157,28.12,market
2026-06-26,QQQ,2026-07-24,28,692.0,706.52,2.06,put,0.2773,15.14,15.3,15.22,22,119,-0.3599,61.1,2.199,28.67,market
2026-06-26,QQQ,2026-07-24,28,693.0,706.52,1.91,put,0.276,15.46,15.62,15.54,33,65,-0.3665,60.44,2.242,29.23,market
2026-06-26,QQQ,2026-07-24,28,694.0,706.52,1.77,put,0.2747,15.79,15.94,15.865,2,72,-0.3732,59.77,2.286,29.8,market
2026-06-26,QQQ,2026-07-24,28,695.0,706.52,1.63,put,0.2736,16.12,16.28,16.2,50,452,-0.38,59.08,2.331,30.39,market
2026-06-26,QQQ,2026-07-24,28,696.0,706.52,1.49,put,0.2724,16.46,16.62,16.54,5,98,-0.3869,58.39,2.376,30.98,market
2026-06-26,QQQ,2026-07-24,28,697.0,706.52,1.35,put,0.2711,16.8,16.96,16.88,17,103,-0.3938,57.7,2.422,31.57,market
2026-06-26,QQQ,2026-07-24,28,698.0,706.52,1.21,put,0.2698,17.15,17.31,17.23,17,110,-0.4009,57.0,2.468,32.18,market
2026-06-26,QQQ,2026-07-24,28,699.0,706.52,1.06,put,0.2686,17.51,17.67,17.59,302,108,-0.408,56.29,2.516,32.8,market
2026-06-26,QQQ,2026-07-24,28,700.0,706.52,0.92,put,0.2674,17.88,18.04,17.96,461,1729,-0.4153,55.56,2.566,33.45,market
2026-06-26,QQQ,2026-07-24,28,701.0,706.52,0.78,put,0.2663,18.25,18.42,18.335,18,120,-0.4226,54.83,2.616,34.1,market
2026-06-26,QQQ,2026-07-24,28,702.0,706.52,0.64,put,0.2651,18.63,18.8,18.715,19,80,-0.43,54.1,2.666,34.75,market
2026-06-26,QQQ,2026-07-24,28,703.0,706.52,0.5,put,0.2637,19.01,19.18,19.095,21,49,-0.4375,53.36,2.716,35.41,market
2026-06-26,QQQ,2026-07-24,28,704.0,706.52,0.36,put,0.2626,19.41,19.58,19.495,62,56,-0.445,52.61,2.769,36.1,market
2026-06-26,QQQ,2026-07-24,28,705.0,706.52,0.22,put,0.2613,19.81,19.98,19.895,326,1045,-0.4527,51.86,2.822,36.79,market
2026-06-26,QQQ,2026-07-24,28,706.0,706.52,0.07,put,0.2601,20.21,20.39,20.3,63,153,-0.4604,51.09,2.875,37.48,market
2026-06-26,QQQ,2026-07-24,28,707.0,706.52,0.0,put,0.2588,20.63,20.8,20.715,131,1631,-0.4682,50.33,2.93,38.19,market
2026-06-26,QQQ,2026-07-24,28,708.0,706.52,0.0,put,0.2576,21.05,21.23,21.14,68,169,-0.476,49.55,2.986,38.92,market
2026-06-26,QQQ,2026-07-24,28,709.0,706.52,0.0,put,0.2564,21.48,21.66,21.57,384,139,-0.484,48.77,3.042,39.66,market
2026-06-26,QQQ,2026-07-24,28,710.0,706.52,0.0,put,0.2551,21.92,22.1,22.01,517,1235,-0.492,47.98,3.1,40.41,market
2026-06-26,QQQ,2026-07-24,28,711.0,706.52,0.0,put,0.2539,22.37,22.55,22.46,355,282,-0.5001,47.19,3.159,41.18,market
2026-06-26,QQQ,2026-07-24,28,712.0,706.52,0.0,put,0.2528,22.82,23.01,22.915,295,1700,-0.5082,46.39,3.218,41.95,market
2026-06-26,QQQ,2026-07-24,28,713.0,706.52,0.0,put,0.2515,23.28,23.47,23.375,214,151,-0.5164,45.59,3.278,42.74,market
2026-06-26,QQQ,2026-07-24,28,714.0,706.52,0.0,put,0.2502,23.75,23.94,23.845,234,138,-0.5247,44.78,3.34,43.53,market
2026-06-26,QQQ,2026-07-24,28,715.0,706.52,0.0,put,0.249,24.23,24.42,24.325,84,5187,-0.533,43.96,3.402,44.35,market
2026-06-26,QQQ,2026-07-24,28,716.0,706.52,0.0,put,0.2478,24.71,24.91,24.81,24,156,-0.5414,43.15,3.465,45.17,market
2026-06-26,QQQ,2026-07-24,28,717.0,706.52,0.0,put,0.2465,25.21,25.4,25.305,34,137,-0.5499,42.32,3.529,46.01,market
2026-06-26,QQQ,2026-07-24,28,718.0,706.52,0.0,put,0.2579,25.28,26.89,26.085,30,380,-0.5542,41.77,3.633,47.36,market
2026-06-26,QQQ,2026-07-24,28,719.0,706.52,0.0,put,0.2569,25.79,27.42,26.605,5,114,-0.5622,40.99,3.7,48.24,market
2026-06-26,QQQ,2026-07-24,28,720.0,706.52,0.0,put,0.2554,26.34,27.92,27.13,98,326,-0.5705,40.19,3.768,49.12,market
2026-06-26,QQQ,2026-07-24,28,721.0,706.52,0.0,put,0.2546,26.84,28.48,27.66,20,117,-0.5785,39.41,3.836,50.01,market
2026-06-26,QQQ,2026-07-24,28,722.0,706.52,0.0,put,0.2533,27.37,29.01,28.19,21,95,-0.5867,38.62,3.904,50.9,market
2026-06-26,QQQ,2026-07-24,28,723.0,706.52,0.0,put,0.2525,27.92,29.58,28.75,53,189,-0.5948,37.83,3.976,51.84,market
2026-06-26,QQQ,2026-07-24,28,724.0,706.52,0.0,put,0.2514,28.47,30.14,29.305,4,71,-0.603,37.04,4.048,52.76,market
2026-06-26,QQQ,2026-07-24,28,725.0,706.52,0.0,put,0.2502,29.08,30.7,29.89,40,281,-0.6113,36.24,4.123,53.74,market
2026-06-26,QQQ,2026-07-24,28,726.0,706.52,0.0,put,0.2491,29.61,31.28,30.445,7,75,-0.6195,35.45,4.194,54.67,market
2026-06-26,QQQ,2026-07-24,28,727.0,706.52,0.0,put,0.2479,30.18,31.86,31.02,14,69,-0.6278,34.66,4.267,55.62,market
2026-06-26,QQQ,2026-07-24,28,728.0,706.52,0.0,put,0.247,30.77,32.47,31.62,5,77,-0.6359,33.87,4.343,56.62,market
2026-06-26,QQQ,2026-07-24,28,729.0,706.52,0.0,put,0.2458,31.37,33.06,32.215,13,55,-0.6442,33.08,4.419,57.61,market
2026-06-26,QQQ,2026-07-24,28,730.0,706.52,0.0,put,0.2446,32.01,33.67,32.84,21,324,-0.6525,32.28,4.499,58.64,market
2026-06-26,QQQ,2026-07-24,28,731.0,706.52,0.0,put,0.236,32.59,33.75,33.17,8,78,-0.6663,31.02,4.538,59.15,market
2026-06-26,QQQ,2026-07-24,28,732.0,706.52,0.0,put,0.2425,33.21,34.92,34.065,3,56,-0.6689,30.71,4.654,60.66,market
2026-06-26,QQQ,2026-07-24,28,733.0,706.52,0.0,put,0.2414,33.85,35.56,34.705,3,66,-0.677,29.93,4.735,61.72,market
2026-06-26,QQQ,2026-07-24,28,734.0,706.52,0.0,put,0.2403,34.49,36.2,35.345,1,73,-0.6853,29.15,4.815,62.77,market
2026-06-26,QQQ,2026-07-24,28,735.0,706.52,0.0,put,0.239,35.18,36.84,36.01,4,549,-0.6936,28.36,4.899,63.87,market
2026-06-26,QQQ,2026-07-24,28,736.0,706.52,0.0,put,0.238,35.8,37.51,36.655,2,116,-0.7016,27.6,4.98,64.92,market
2026-06-26,QQQ,2026-07-24,28,737.0,706.52,0.0,put,0.2371,36.47,38.19,37.33,1,74,-0.7095,26.84,5.065,66.03,market
2026-06-26,QQQ,2026-07-24,28,738.0,706.52,0.0,put,0.2281,37.14,38.36,37.75,14,118,-0.725,25.44,5.115,66.68,market
2026-06-26,QQQ,2026-07-24,28,739.0,706.52,0.0,put,0.2348,37.83,39.55,38.69,1,78,-0.7256,25.31,5.235,68.25,market
2026-06-26,QQQ,2026-07-24,28,740.0,706.52,0.0,put,0.2336,38.52,40.24,39.38,8,294,-0.7337,24.55,5.322,69.37,market
2026-06-26,QQQ,2026-07-24,28,741.0,706.52,0.0,put,0.2326,37.9,40.95,39.425,1,33,-0.7415,23.82,5.321,69.36,market
2026-06-26,QQQ,2026-07-24,28,742.0,706.52,0.0,put,0.2232,39.94,41.16,40.55,1,119,-0.7579,22.32,5.465,71.24,market
2026-06-26,QQQ,2026-07-24,28,743.0,706.52,0.0,put,0.221,40.66,41.82,41.24,2,101,-0.7671,21.46,5.55,72.35,market
2026-06-26,QQQ,2026-07-24,28,744.0,706.52,0.0,put,0.2293,39.95,43.11,41.53,10,53,-0.7648,21.62,5.582,72.77,market
2026-06-26,QQQ,2026-07-24,28,745.0,706.52,0.0,put,0.2185,42.13,43.29,42.71,11,138,-0.7831,19.95,5.733,74.73,market
2026-06-26,QQQ,2026-07-24,28,746.0,706.52,0.0,put,0.2271,42.87,44.59,43.73,1,18,-0.7799,20.19,5.862,76.41,market
2026-06-26,QQQ,2026-07-24,28,747.0,706.52,0.0,put,0.2159,43.62,44.79,44.205,12,24,-0.7989,18.48,5.918,77.14,market
2026-06-26,QQQ,2026-07-24,28,748.0,706.52,0.0,put,0.2148,44.39,45.56,44.975,1,24,-0.8065,17.76,6.013,78.38,market
2026-06-26,QQQ,2026-07-24,28,749.0,706.52,0.0,put,0.2238,45.16,46.87,46.015,1,18,-0.8021,18.11,6.144,80.09,market
2026-06-26,QQQ,2026-07-24,28,750.0,706.52,0.0,put,0.2228,45.94,47.65,46.795,10,178,-0.8092,17.45,6.239,81.33,market
2026-06-26,QQQ,2026-07-24,28,751.0,706.52,0.0,put,0.2119,46.73,47.95,47.34,1,5,-0.8278,15.76,6.304,82.17,market
2026-06-26,QQQ,2026-07-24,28,752.0,706.52,0.0,put,0.2093,47.53,48.68,48.105,2,2,-0.8367,14.94,6.397,83.39,market
2026-06-26,QQQ,2026-07-24,28,754.0,706.52,0.0,put,0.2188,49.14,50.85,49.995,31,34,-0.8364,14.91,6.631,86.44,market
2026-06-26,QQQ,2026-07-24,28,755.0,706.52,0.0,put,0.2174,49.96,51.65,50.805,2,6,-0.8433,14.26,6.729,87.72,market
2026-06-26,QQQ,2026-07-24,28,756.0,706.52,0.0,put,0.2056,50.79,52.01,51.4,2,3,-0.8628,12.51,6.799,88.63,market
2026-06-26,QQQ,2026-07-24,28,757.0,706.52,0.0,put,0.2027,51.62,52.78,52.2,2,4,-0.8714,11.72,6.896,89.89,market
2026-06-26,QQQ,2026-07-24,28,759.0,706.52,0.0,put,0.2136,53.32,55.0,54.16,2,3,-0.8679,11.99,7.136,93.02,market
2026-06-26,QQQ,2026-07-24,28,760.0,706.52,0.0,put,0.2123,54.18,55.84,55.01,4,41,-0.8741,11.41,7.238,94.35,market
2026-06-26,QQQ,2026-07-24,28,762.0,706.52,0.0,put,0.2108,55.91,57.58,56.745,6,6,-0.8849,10.42,7.447,97.08,market
2026-06-26,QQQ,2026-07-24,28,764.0,706.52,0.0,put,0.2081,57.69,59.3,58.495,76,38,-0.8965,9.35,7.656,99.81,market
2026-06-26,QQQ,2026-07-24,28,765.0,706.52,0.0,put,0.207,58.59,60.18,59.385,1,8,-0.9017,8.87,7.763,101.19,market
2026-06-26,QQQ,2026-07-24,28,769.0,706.52,0.0,put,0.205,61.16,63.82,62.49,14,79,-0.9188,7.3,8.126,105.93,market
2026-06-26,QQQ,2026-07-24,28,772.0,706.52,0.0,put,0.2318,64.06,67.42,65.74,0,0,-0.9012,8.81,8.516,111.01,market
2026-06-26,QQQ,2026-07-24,28,775.0,706.52,0.0,put,0.2346,66.4,70.27,68.335,2,4,-0.9086,8.11,8.817,114.94,market
2026-06-26,QQQ,2026-07-24,28,790.0,706.52,0.0,put,0.2633,81.56,85.08,83.32,1,2,-0.9254,6.49,10.547,137.49,market
2026-06-26,QQQ,2026-07-24,28,795.0,706.52,0.0,put,0.2742,86.62,90.07,88.345,1,0,-0.9286,6.16,11.113,144.86,market
2026-06-26,QQQ,2026-07-24,28,800.0,706.52,0.0,put,0.2853,91.56,95.07,93.315,1,1,-0.9312,5.9,11.664,152.05,market
2026-06-26,QQQ,2026-07-24,28,805.0,706.52,0.0,put,0.2963,96.62,100.07,98.345,1,0,-0.9335,5.65,12.217,159.25,market
2026-06-26,QQQ,2026-07-24,28,840.0,706.52,0.0,put,0.3684,131.62,135.06,133.34,1,0,-0.946,4.37,15.874,206.93,market
2026-06-26,QQQ,2026-07-31,35,460.0,706.52,34.89,put,0.5894,0.28,0.45,0.365,25,1487,-0.0068,98.89,0.079,0.83,market
2026-06-26,QQQ,2026-07-31,35,465.0,706.52,34.18,put,0.582,0.31,0.48,0.395,12,76,-0.0074,98.8,0.085,0.89,market
2026-06-26,QQQ,2026-07-31,35,470.0,706.52,33.48,put,0.5732,0.33,0.51,0.42,1,129,-0.0079,98.73,0.089,0.93,market
2026-06-26,QQQ,2026-07-31,35,475.0,706.52,32.77,put,0.5649,0.36,0.54,0.45,3,82,-0.0086,98.64,0.095,0.99,market
2026-06-26,QQQ,2026-07-31,35,480.0,706.52,32.06,put,0.5566,0.39,0.57,0.48,12,147,-0.0092,98.55,0.1,1.04,market
2026-06-26,QQQ,2026-07-31,35,485.0,706.52,31.35,put,0.5486,0.43,0.6,0.515,2,33,-0.01,98.45,0.106,1.11,market
2026-06-26,QQQ,2026-07-31,35,490.0,706.52,30.65,put,0.5403,0.46,0.64,0.55,1,43,-0.0107,98.35,0.112,1.17,market
2026-06-26,QQQ,2026-07-31,35,495.0,706.52,29.94,put,0.5325,0.5,0.68,0.59,1,36,-0.0116,98.23,0.119,1.24,market
2026-06-26,QQQ,2026-07-31,35,500.0,706.52,29.23,put,0.5247,0.55,0.72,0.635,32,768,-0.0126,98.11,0.127,1.32,market
2026-06-26,QQQ,2026-07-31,35,505.0,706.52,28.52,put,0.5161,0.59,0.76,0.675,4,414,-0.0135,97.99,0.134,1.39,market
2026-06-26,QQQ,2026-07-31,35,510.0,706.52,27.82,put,0.5083,0.64,0.81,0.725,10,319,-0.0146,97.84,0.142,1.48,market
2026-06-26,QQQ,2026-07-31,35,515.0,706.52,27.11,put,0.5012,0.7,0.87,0.785,11,648,-0.016,97.67,0.152,1.59,market
2026-06-26,QQQ,2026-07-31,35,520.0,706.52,26.4,put,0.5012,0.75,0.93,0.84,1,705,-0.0186,97.31,0.162,1.68,market
2026-06-26,QQQ,2026-07-31,35,525.0,706.52,25.69,put,0.4928,0.82,0.99,0.905,14,110,-0.02,97.14,0.172,1.8,market
2026-06-26,QQQ,2026-07-31,35,530.0,706.52,24.98,put,0.4801,0.89,1.0,0.945,46,254,-0.0207,97.07,0.178,1.86,market
2026-06-26,QQQ,2026-07-31,35,535.0,706.52,24.28,put,0.4766,0.96,1.13,1.045,18,349,-0.0233,96.73,0.195,2.04,market
2026-06-26,QQQ,2026-07-31,35,540.0,706.52,23.57,put,0.4685,1.05,1.21,1.13,77,450,-0.0251,96.51,0.209,2.18,market
2026-06-26,QQQ,2026-07-31,35,545.0,706.52,22.86,put,0.4608,1.13,1.3,1.215,16,174,-0.0272,96.26,0.223,2.32,market
2026-06-26,QQQ,2026-07-31,35,550.0,706.52,22.15,put,0.4533,1.2,1.4,1.3,32,648,-0.0295,95.98,0.236,2.46,market
2026-06-26,QQQ,2026-07-31,35,555.0,706.52,21.45,put,0.4453,1.34,1.5,1.42,12,244,-0.0319,95.69,0.256,2.67,market
2026-06-26,QQQ,2026-07-31,35,560.0,706.52,20.74,put,0.438,1.46,1.62,1.54,99,4892,-0.0346,95.36,0.275,2.87,market
2026-06-26,QQQ,2026-07-31,35,565.0,706.52,20.03,put,0.4307,1.56,1.75,1.655,18,297,-0.0376,95.01,0.293,3.05,market
2026-06-26,QQQ,2026-07-31,35,570.0,706.52,19.32,put,0.4233,1.72,1.89,1.805,34,985,-0.0409,94.62,0.317,3.3,market
2026-06-26,QQQ,2026-07-31,35,575.0,706.52,18.62,put,0.416,1.83,2.04,1.935,40,1055,-0.0445,94.2,0.337,3.51,market
2026-06-26,QQQ,2026-07-31,35,580.0,706.52,17.91,put,0.4088,2.03,2.21,2.12,49,827,-0.0485,93.74,0.366,3.81,market
2026-06-26,QQQ,2026-07-31,35,585.0,706.52,17.2,put,0.4019,2.2,2.4,2.3,86,373,-0.0529,93.23,0.393,4.1,market
2026-06-26,QQQ,2026-07-31,35,590.0,706.52,16.49,put,0.3951,2.43,2.61,2.52,20,404,-0.0578,92.66,0.427,4.45,market
2026-06-26,QQQ,2026-07-31,35,595.0,706.52,15.78,put,0.3883,2.68,2.84,2.76,7,337,-0.0632,92.05,0.464,4.84,market
2026-06-26,QQQ,2026-07-31,35,600.0,706.52,15.08,put,0.3818,2.93,3.1,3.015,253,1903,-0.0692,91.37,0.502,5.24,market
2026-06-26,QQQ,2026-07-31,35,605.0,706.52,14.37,put,0.3754,3.17,3.39,3.28,12,990,-0.0758,90.62,0.542,5.65,market
2026-06-26,QQQ,2026-07-31,35,610.0,706.52,13.66,put,0.3691,3.52,3.71,3.615,40,922,-0.0832,89.79,0.593,6.18,market
2026-06-26,QQQ,2026-07-31,35,615.0,706.52,12.95,put,0.3628,3.85,4.06,3.955,56,274,-0.0912,88.9,0.643,6.71,market
2026-06-26,QQQ,2026-07-31,35,616.0,706.52,12.81,put,0.3617,3.91,4.14,4.025,1,69,-0.0929,88.7,0.653,6.81,market
2026-06-26,QQQ,2026-07-31,35,617.0,706.52,12.67,put,0.3606,4.01,4.22,4.115,12,79,-0.0947,88.5,0.667,6.96,market
2026-06-26,QQQ,2026-07-31,35,618.0,706.52,12.53,put,0.3591,4.06,4.29,4.175,10,228,-0.0964,88.32,0.676,7.05,market
2026-06-26,QQQ,2026-07-31,35,619.0,706.52,12.39,put,0.3584,4.14,4.39,4.265,3,29,-0.0985,88.09,0.689,7.19,market
2026-06-26,QQQ,2026-07-31,35,620.0,706.52,12.25,put,0.3569,4.23,4.46,4.345,163,21612,-0.1001,87.9,0.701,7.31,market
2026-06-26,QQQ,2026-07-31,35,621.0,706.52,12.1,put,0.3561,4.31,4.56,4.435,2,64,-0.1023,87.67,0.714,7.45,market
2026-06-26,QQQ,2026-07-31,35,622.0,706.52,11.96,put,0.3545,4.4,4.63,4.515,10,32,-0.104,87.48,0.726,7.57,market
2026-06-26,QQQ,2026-07-31,35,623.0,706.52,11.82,put,0.3532,4.48,4.71,4.595,2,73,-0.1058,87.28,0.738,7.69,market
2026-06-26,QQQ,2026-07-31,35,624.0,706.52,11.68,put,0.352,4.56,4.8,4.68,44,60,-0.1078,87.06,0.75,7.82,market
2026-06-26,QQQ,2026-07-31,35,625.0,706.52,11.54,put,0.3508,4.68,4.89,4.785,26,365,-0.1099,86.83,0.766,7.98,market
2026-06-26,QQQ,2026-07-31,35,626.0,706.52,11.4,put,0.3497,4.76,4.99,4.875,2,31,-0.1121,86.59,0.779,8.12,market
2026-06-26,QQQ,2026-07-31,35,627.0,706.52,11.26,put,0.3489,4.84,5.1,4.97,2,79,-0.1144,86.34,0.793,8.27,market
2026-06-26,QQQ,2026-07-31,35,628.0,706.52,11.11,put,0.3478,4.95,5.2,5.075,8,39,-0.1166,86.1,0.808,8.43,market
2026-06-26,QQQ,2026-07-31,35,629.0,706.52,10.97,put,0.3464,5.04,5.29,5.165,1,47,-0.1186,85.87,0.821,8.56,market
2026-06-26,QQQ,2026-07-31,35,630.0,706.52,10.83,put,0.3448,5.15,5.37,5.26,128,927,-0.1206,85.66,0.835,8.71,market
2026-06-26,QQQ,2026-07-31,35,631.0,706.52,10.69,put,0.3438,5.25,5.48,5.365,42,115,-0.123,85.4,0.85,8.87,market
2026-06-26,QQQ,2026-07-31,35,632.0,706.52,10.55,put,0.3425,5.34,5.58,5.46,44,169,-0.1252,85.15,0.864,9.01,market
2026-06-26,QQQ,2026-07-31,35,633.0,706.52,10.41,put,0.3414,5.46,5.69,5.575,8,244,-0.1276,84.9,0.881,9.18,market
2026-06-26,QQQ,2026-07-31,35,634.0,706.52,10.26,put,0.3402,5.56,5.8,5.68,123,82,-0.1301,84.63,0.896,9.34,market
2026-06-26,QQQ,2026-07-31,35,635.0,706.52,10.12,put,0.3391,5.69,5.91,5.8,82,1053,-0.1325,84.37,0.913,9.53,market
2026-06-26,QQQ,2026-07-31,35,636.0,706.52,9.98,put,0.3378,5.78,6.02,5.9,46,50,-0.135,84.1,0.928,9.67,market
2026-06-26,QQQ,2026-07-31,35,637.0,706.52,9.84,put,0.3367,5.91,6.14,6.025,2,1174,-0.1375,83.82,0.946,9.86,market
2026-06-26,QQQ,2026-07-31,35,638.0,706.52,9.7,put,0.3356,6.03,6.26,6.145,98,803,-0.1402,83.54,0.963,10.04,market
2026-06-26,QQQ,2026-07-31,35,639.0,706.52,9.56,put,0.3345,6.14,6.38,6.26,1,114,-0.1428,83.26,0.98,10.22,market
2026-06-26,QQQ,2026-07-31,35,640.0,706.52,9.42,put,0.3334,6.27,6.51,6.39,251,1350,-0.1455,82.96,0.998,10.41,market
2026-06-26,QQQ,2026-07-31,35,641.0,706.52,9.27,put,0.3322,6.39,6.63,6.51,9,120,-0.1482,82.67,1.016,10.59,market
2026-06-26,QQQ,2026-07-31,35,642.0,706.52,9.13,put,0.3311,6.51,6.76,6.635,655,1047,-0.151,82.37,1.033,10.78,market
2026-06-26,QQQ,2026-07-31,35,643.0,706.52,8.99,put,0.3305,6.64,6.92,6.78,6,102,-0.1542,82.02,1.054,11.0,market
2026-06-26,QQQ,2026-07-31,35,644.0,706.52,8.85,put,0.3293,6.78,7.05,6.915,1,85,-0.157,81.72,1.074,11.2,market
2026-06-26,QQQ,2026-07-31,35,645.0,706.52,8.71,put,0.3277,6.91,7.16,7.035,197,1356,-0.1597,81.44,1.091,11.37,market
2026-06-26,QQQ,2026-07-31,35,646.0,706.52,8.57,put,0.3271,7.04,7.33,7.185,5,110,-0.163,81.08,1.112,11.6,market
2026-06-26,QQQ,2026-07-31,35,647.0,706.52,8.42,put,0.3259,7.19,7.47,7.33,10,106,-0.166,80.76,1.133,11.81,market
2026-06-26,QQQ,2026-07-31,35,648.0,706.52,8.28,put,0.3244,7.33,7.59,7.46,8,251,-0.1689,80.46,1.151,12.01,market
2026-06-26,QQQ,2026-07-31,35,649.0,706.52,8.14,put,0.3236,7.48,7.76,7.62,1,168,-0.1722,80.1,1.174,12.24,market
2026-06-26,QQQ,2026-07-31,35,650.0,706.52,8.0,put,0.3222,7.64,7.89,7.765,425,24196,-0.1752,79.79,1.195,12.46,market
2026-06-26,QQQ,2026-07-31,35,651.0,706.52,7.86,put,0.321,7.78,8.04,7.91,21,130,-0.1784,79.44,1.215,12.67,market
2026-06-26,QQQ,2026-07-31,35,652.0,706.52,7.72,put,0.3199,7.94,8.2,8.07,5,458,-0.1818,79.09,1.238,12.91,market
2026-06-26,QQQ,2026-07-31,35,653.0,706.52,7.58,put,0.3193,8.09,8.39,8.24,7,123,-0.1855,78.69,1.262,13.16,market
2026-06-26,QQQ,2026-07-31,35,654.0,706.52,7.43,put,0.3178,8.26,8.53,8.395,13,173,-0.1887,78.36,1.284,13.39,market
2026-06-26,QQQ,2026-07-31,35,655.0,706.52,7.29,put,0.3166,8.43,8.69,8.56,36,624,-0.1921,78.0,1.307,13.63,market
2026-06-26,QQQ,2026-07-31,35,656.0,706.52,7.15,put,0.316,8.6,8.89,8.745,5,67,-0.196,77.59,1.333,13.9,market
2026-06-26,QQQ,2026-07-31,35,657.0,706.52,7.01,put,0.3148,8.77,9.06,8.915,9,297,-0.1995,77.21,1.357,14.15,market
2026-06-26,QQQ,2026-07-31,35,658.0,706.52,6.87,put,0.3133,8.95,9.21,9.08,4,188,-0.2029,76.86,1.38,14.39,market
2026-06-26,QQQ,2026-07-31,35,659.0,706.52,6.73,put,0.3122,9.13,9.39,9.26,14,326,-0.2067,76.47,1.405,14.65,market
2026-06-26,QQQ,2026-07-31,35,660.0,706.52,6.58,put,0.3111,9.31,9.57,9.44,1390,5367,-0.2104,76.07,1.43,14.92,market
2026-06-26,QQQ,2026-07-31,35,661.0,706.52,6.44,put,0.31,9.5,9.76,9.63,174,171,-0.2143,75.67,1.457,15.19,market
2026-06-26,QQQ,2026-07-31,35,662.0,706.52,6.3,put,0.3089,9.68,9.95,9.815,10,171,-0.2182,75.26,1.483,15.46,market
2026-06-26,QQQ,2026-07-31,35,663.0,706.52,6.16,put,0.3082,9.88,10.17,10.025,11,146,-0.2224,74.81,1.512,15.77,market
2026-06-26,QQQ,2026-07-31,35,664.0,706.52,6.02,put,0.3067,10.08,10.34,10.21,3,142,-0.2262,74.42,1.538,16.04,market
2026-06-26,QQQ,2026-07-31,35,665.0,706.52,5.88,put,0.3056,10.28,10.54,10.41,561,3946,-0.2303,74.0,1.565,16.33,market
2026-06-26,QQQ,2026-07-31,35,666.0,706.52,5.74,put,0.3046,10.48,10.75,10.615,38,113,-0.2345,73.56,1.594,16.62,market
2026-06-26,QQQ,2026-07-31,35,667.0,706.52,5.59,put,0.3041,10.68,11.0,10.84,32,200,-0.2391,73.08,1.625,16.95,market
2026-06-26,QQQ,2026-07-31,35,668.0,706.52,5.45,put,0.3028,10.89,11.2,11.045,133,182,-0.2432,72.65,1.653,17.24,market
2026-06-26,QQQ,2026-07-31,35,669.0,706.52,5.31,put,0.3015,11.1,11.4,11.25,15,350,-0.2475,72.21,1.682,17.54,market
2026-06-26,QQQ,2026-07-31,35,670.0,706.52,5.17,put,0.3002,11.33,11.61,11.47,422,2777,-0.2518,71.77,1.712,17.85,market
2026-06-26,QQQ,2026-07-31,35,671.0,706.52,5.03,put,0.2991,11.54,11.83,11.685,39,135,-0.2562,71.31,1.741,18.16,market
2026-06-26,QQQ,2026-07-31,35,672.0,706.52,4.89,put,0.2986,11.77,12.1,11.935,8,220,-0.2611,70.8,1.776,18.52,market
2026-06-26,QQQ,2026-07-31,35,673.0,706.52,4.74,put,0.2974,12.0,12.33,12.165,11,1977,-0.2657,70.33,1.808,18.85,market
2026-06-26,QQQ,2026-07-31,35,674.0,706.52,4.6,put,0.296,12.24,12.54,12.39,9,121,-0.2702,69.87,1.838,19.17,market
2026-06-26,QQQ,2026-07-31,35,675.0,706.52,4.46,put,0.2947,12.48,12.77,12.625,687,5578,-0.2748,69.39,1.87,19.51,market
2026-06-26,QQQ,2026-07-31,35,676.0,706.52,4.32,put,0.2942,12.72,13.06,12.89,10,227,-0.28,68.86,1.907,19.89,market
2026-06-26,QQQ,2026-07-31,35,677.0,706.52,4.18,put,0.2931,12.97,13.31,13.14,16,175,-0.2849,68.36,1.941,20.24,market
2026-06-26,QQQ,2026-07-31,35,678.0,706.52,4.04,put,0.2921,13.23,13.57,13.4,11,158,-0.2898,67.85,1.976,20.61,market
2026-06-26,QQQ,2026-07-31,35,679.0,706.52,3.9,put,0.291,13.48,13.83,13.655,26,701,-0.2949,67.33,2.011,20.97,market
2026-06-26,QQQ,2026-07-31,35,680.0,706.52,3.75,put,0.2892,13.75,14.04,13.895,382,2572,-0.2996,66.86,2.043,21.31,market
2026-06-26,QQQ,2026-07-31,35,681.0,706.52,3.61,put,0.2887,14.01,14.36,14.185,18,143,-0.3051,66.29,2.083,21.72,market
2026-06-26,QQQ,2026-07-31,35,682.0,706.52,3.47,put,0.2876,14.28,14.63,14.455,19,264,-0.3103,65.76,2.12,22.1,market
2026-06-26,QQQ,2026-07-31,35,683.0,706.52,3.33,put,0.2865,14.56,14.91,14.735,11,527,-0.3156,65.22,2.157,22.5,market
2026-06-26,QQQ,2026-07-31,35,684.0,706.52,3.19,put,0.2855,14.84,15.2,15.02,1,1021,-0.321,64.67,2.196,22.9,market
2026-06-26,QQQ,2026-07-31,35,685.0,706.52,3.05,put,0.2837,15.14,15.43,15.285,307,2043,-0.3261,64.16,2.231,23.27,market
2026-06-26,QQQ,2026-07-31,35,686.0,706.52,2.9,put,0.2832,15.41,15.78,15.595,10,546,-0.3319,63.56,2.273,23.71,market
2026-06-26,QQQ,2026-07-31,35,687.0,706.52,2.76,put,0.282,15.72,16.07,15.895,26,179,-0.3375,63.01,2.314,24.13,market
2026-06-26,QQQ,2026-07-31,35,688.0,706.52,2.62,put,0.2809,16.01,16.37,16.19,16,402,-0.3431,62.44,2.353,24.54,market
2026-06-26,QQQ,2026-07-31,35,689.0,706.52,2.48,put,0.2797,16.33,16.67,16.5,5,206,-0.3488,61.87,2.395,24.97,market
2026-06-26,QQQ,2026-07-31,35,690.0,706.52,2.34,put,0.2781,16.64,16.95,16.795,385,2102,-0.3544,61.31,2.434,25.38,market
2026-06-26,QQQ,2026-07-31,35,691.0,706.52,2.2,put,0.2778,16.95,17.33,17.14,28,241,-0.3606,60.68,2.48,25.87,market
2026-06-26,QQQ,2026-07-31,35,692.0,706.52,2.06,put,0.2765,17.28,17.64,17.46,46,436,-0.3664,60.09,2.523,26.31,market
2026-06-26,QQQ,2026-07-31,35,693.0,706.52,1.91,put,0.2755,17.6,17.98,17.79,14,299,-0.3725,59.49,2.567,26.77,market
2026-06-26,QQQ,2026-07-31,35,694.0,706.52,1.77,put,0.2744,17.94,18.32,18.13,7,104,-0.3785,58.88,2.612,27.24,market
2026-06-26,QQQ,2026-07-31,35,695.0,706.52,1.63,put,0.2726,18.28,18.6,18.44,135,509,-0.3845,58.29,2.653,27.67,market
2026-06-26,QQQ,2026-07-31,35,696.0,706.52,1.49,put,0.2722,18.62,19.01,18.815,16,160,-0.3909,57.64,2.703,28.19,market
2026-06-26,QQQ,2026-07-31,35,697.0,706.52,1.35,put,0.271,18.98,19.36,19.17,31,182,-0.3971,57.02,2.75,28.68,market
2026-06-26,QQQ,2026-07-31,35,698.0,706.52,1.21,put,0.2699,19.33,19.72,19.525,156,528,-0.4035,56.38,2.797,29.17,market
2026-06-26,QQQ,2026-07-31,35,699.0,706.52,1.06,put,0.2688,19.7,20.09,19.895,329,271,-0.4099,55.75,2.846,29.68,market
2026-06-26,QQQ,2026-07-31,35,700.0,706.52,0.92,put,0.2672,20.07,20.42,20.245,1234,6761,-0.4163,55.12,2.892,30.16,market
2026-06-26,QQQ,2026-07-31,35,701.0,706.52,0.78,put,0.2665,20.45,20.83,20.64,18,397,-0.4229,54.45,2.944,30.71,market
2026-06-26,QQQ,2026-07-31,35,702.0,706.52,0.64,put,0.2654,20.83,21.22,21.025,9,291,-0.4296,53.8,2.995,31.23,market
2026-06-26,QQQ,2026-07-31,35,703.0,706.52,0.5,put,0.2643,21.21,21.61,21.41,12,136,-0.4362,53.14,3.046,31.76,market
2026-06-26,QQQ,2026-07-31,35,704.0,706.52,0.36,put,0.2632,21.61,22.01,21.81,13,357,-0.443,52.47,3.098,32.31,market
2026-06-26,QQQ,2026-07-31,35,705.0,706.52,0.22,put,0.2621,22.02,22.41,22.215,182,1885,-0.4498,51.8,3.151,32.86,market
2026-06-26,QQQ,2026-07-31,35,706.0,706.52,0.07,put,0.2609,22.43,22.82,22.625,32,239,-0.4567,51.12,3.205,33.42,market
2026-06-26,QQQ,2026-07-31,35,707.0,706.52,0.0,put,0.2598,22.83,23.24,23.035,24,375,-0.4636,50.44,3.258,33.98,market
2026-06-26,QQQ,2026-07-31,35,708.0,706.52,0.0,put,0.2587,23.26,23.66,23.46,35,374,-0.4706,49.75,3.314,34.56,market
2026-06-26,QQQ,2026-07-31,35,709.0,706.52,0.0,put,0.2577,23.68,24.1,23.89,247,651,-0.4776,49.05,3.37,35.14,market
2026-06-26,QQQ,2026-07-31,35,710.0,706.52,0.0,put,0.2565,24.12,24.53,24.325,709,1781,-0.4848,48.36,3.426,35.73,market
2026-06-26,QQQ,2026-07-31,35,711.0,706.52,0.0,put,0.2554,24.56,24.98,24.77,129,1731,-0.4919,47.65,3.484,36.33,market
2026-06-26,QQQ,2026-07-31,35,712.0,706.52,0.0,put,0.2542,25.02,25.43,25.225,96,319,-0.4992,46.95,3.543,36.95,market
2026-06-26,QQQ,2026-07-31,35,713.0,706.52,0.0,put,0.2532,25.47,25.89,25.68,204,218,-0.5064,46.24,3.602,37.56,market
2026-06-26,QQQ,2026-07-31,35,714.0,706.52,0.0,put,0.252,25.93,26.35,26.14,61,138,-0.5138,45.52,3.661,38.18,market
2026-06-26,QQQ,2026-07-31,35,715.0,706.52,0.0,put,0.2507,26.41,26.81,26.61,618,1563,-0.5212,44.8,3.722,38.81,market
2026-06-26,QQQ,2026-07-31,35,716.0,706.52,0.0,put,0.2497,26.88,27.3,27.09,16,289,-0.5286,44.08,3.784,39.46,market
2026-06-26,QQQ,2026-07-31,35,717.0,706.52,0.0,put,0.2486,27.37,27.79,27.58,36,381,-0.5361,43.35,3.847,40.11,market
2026-06-26,QQQ,2026-07-31,35,718.0,706.52,0.0,put,0.2475,27.86,28.29,28.075,99,451,-0.5436,42.62,3.91,40.78,market
2026-06-26,QQQ,2026-07-31,35,719.0,706.52,0.0,put,0.2463,28.36,28.79,28.575,14,279,-0.5511,41.89,3.974,41.45,market
2026-06-26,QQQ,2026-07-31,35,720.0,706.52,0.0,put,0.2546,28.55,30.11,29.33,71,1636,-0.5555,41.36,4.074,42.48,market
2026-06-26,QQQ,2026-07-31,35,721.0,706.52,0.0,put,0.2539,29.04,30.67,29.855,8,280,-0.5627,40.66,4.141,43.18,market
2026-06-26,QQQ,2026-07-31,35,722.0,706.52,0.0,put,0.253,29.56,31.21,30.385,9,119,-0.5699,39.95,4.208,43.89,market
2026-06-26,QQQ,2026-07-31,35,723.0,706.52,0.0,put,0.2518,30.1,31.73,30.915,39,194,-0.5774,39.23,4.276,44.59,market
2026-06-26,QQQ,2026-07-31,35,724.0,706.52,0.0,put,0.2508,30.63,32.28,31.455,19,53,-0.5848,38.52,4.345,45.31,market
2026-06-26,QQQ,2026-07-31,35,725.0,706.52,0.0,put,0.2498,31.21,32.83,32.02,60,741,-0.5922,37.81,4.417,46.06,market
2026-06-26,QQQ,2026-07-31,35,726.0,706.52,0.0,put,0.2487,31.73,33.39,32.56,30,204,-0.5996,37.09,4.485,46.77,market
2026-06-26,QQQ,2026-07-31,35,727.0,706.52,0.0,put,0.2477,32.3,33.96,33.13,16,189,-0.607,36.38,4.557,47.52,market
2026-06-26,QQQ,2026-07-31,35,728.0,706.52,0.0,put,0.2467,32.87,34.53,33.7,14,990,-0.6145,35.66,4.629,48.28,market
2026-06-26,QQQ,2026-07-31,35,729.0,706.52,0.0,put,0.2457,33.44,35.12,34.28,10,129,-0.622,34.95,4.702,49.04,market
2026-06-26,QQQ,2026-07-31,35,730.0,706.52,0.0,put,0.2445,34.07,35.7,34.885,322,1071,-0.6295,34.23,4.779,49.84,market
2026-06-26,QQQ,2026-07-31,35,731.0,706.52,0.0,put,0.2437,34.63,36.31,35.47,24,99,-0.6369,33.52,4.852,50.6,market
2026-06-26,QQQ,2026-07-31,35,732.0,706.52,0.0,put,0.2427,35.23,36.92,36.075,7,145,-0.6443,32.81,4.928,51.39,market
2026-06-26,QQQ,2026-07-31,35,733.0,706.52,0.0,put,0.2354,35.84,37.03,36.435,40,126,-0.6564,31.72,4.971,51.84,market
2026-06-26,QQQ,2026-07-31,35,734.0,706.52,0.0,put,0.2403,36.46,38.13,37.295,13,144,-0.6595,31.37,5.081,52.99,market
2026-06-26,QQQ,2026-07-31,35,735.0,706.52,0.0,put,0.2335,37.09,38.3,37.695,23,767,-0.6715,30.28,5.129,53.48,market
2026-06-26,QQQ,2026-07-31,35,736.0,706.52,0.0,put,0.2386,37.72,39.42,38.57,28,592,-0.6742,29.97,5.24,54.65,market
2026-06-26,QQQ,2026-07-31,35,737.0,706.52,0.0,put,0.2376,38.36,40.07,39.215,16,450,-0.6815,29.27,5.321,55.49,market
2026-06-26,QQQ,2026-07-31,35,738.0,706.52,0.0,put,0.2366,39.01,40.72,39.865,24,241,-0.689,28.56,5.402,56.33,market
2026-06-26,QQQ,2026-07-31,35,739.0,706.52,0.0,put,0.2356,39.67,41.38,40.525,14,139,-0.6963,27.87,5.484,57.19,market
2026-06-26,QQQ,2026-07-31,35,740.0,706.52,0.0,put,0.2344,40.34,42.03,41.185,751,1844,-0.7039,27.15,5.566,58.04,market
2026-06-26,QQQ,2026-07-31,35,741.0,706.52,0.0,put,0.2335,41.01,42.72,41.865,14,127,-0.711,26.48,5.65,58.92,market
2026-06-26,QQQ,2026-07-31,35,742.0,706.52,0.0,put,0.2255,41.69,42.9,42.295,2,709,-0.7251,25.21,5.7,59.44,market
2026-06-26,QQQ,2026-07-31,35,743.0,706.52,0.0,put,0.2314,42.38,44.09,43.235,1,143,-0.7257,25.1,5.819,60.68,market
2026-06-26,QQQ,2026-07-31,35,744.0,706.52,0.0,put,0.2226,43.08,44.24,43.66,6,202,-0.7408,23.73,5.868,61.2,market
2026-06-26,QQQ,2026-07-31,35,745.0,706.52,0.0,put,0.2293,43.78,45.49,44.635,10,456,-0.7401,23.74,5.991,62.48,market
2026-06-26,QQQ,2026-07-31,35,746.0,706.52,0.0,put,0.2204,44.5,45.67,45.085,6,74,-0.7556,22.35,6.044,63.03,market
2026-06-26,QQQ,2026-07-31,35,747.0,706.52,0.0,put,0.2275,43.9,46.94,45.42,3,61,-0.7541,22.43,6.08,63.41,market
2026-06-26,QQQ,2026-07-31,35,748.0,706.52,0.0,put,0.2266,44.63,47.67,46.15,3,23,-0.7611,21.77,6.17,64.34,market
2026-06-26,QQQ,2026-07-31,35,749.0,706.52,0.0,put,0.2169,46.69,47.85,47.27,25,57,-0.7777,20.28,6.311,65.82,market
2026-06-26,QQQ,2026-07-31,35,750.0,706.52,0.0,put,0.2222,47.43,49.0,48.215,22,227,-0.7775,20.25,6.429,67.04,market
2026-06-26,QQQ,2026-07-31,35,751.0,706.52,0.0,put,0.2235,46.75,49.9,48.325,4,12,-0.7817,19.84,6.435,67.11,market
2026-06-26,QQQ,2026-07-31,35,752.0,706.52,0.0,put,0.2226,48.94,50.66,49.8,10,101,-0.7885,19.21,6.622,69.06,market
2026-06-26,QQQ,2026-07-31,35,753.0,706.52,0.0,put,0.2122,49.71,50.87,50.29,1,60,-0.8062,17.63,6.679,69.65,market
2026-06-26,QQQ,2026-07-31,35,754.0,706.52,0.0,put,0.2206,50.47,52.2,51.335,1,8,-0.8017,17.98,6.808,71.0,market
2026-06-26,QQQ,2026-07-31,35,755.0,706.52,0.0,put,0.2198,51.25,52.99,52.12,41,143,-0.808,17.4,6.903,71.99,market
2026-06-26,QQQ,2026-07-31,35,756.0,706.52,0.0,put,0.2187,52.04,53.77,52.905,2,9,-0.8146,16.79,6.998,72.98,market
2026-06-26,QQQ,2026-07-31,35,757.0,706.52,0.0,put,0.2176,52.84,54.56,53.7,603,345,-0.821,16.19,7.094,73.98,market
2026-06-26,QQQ,2026-07-31,35,758.0,706.52,0.0,put,0.2065,53.65,54.83,54.24,7,40,-0.8396,14.53,7.156,74.62,market
2026-06-26,QQQ,2026-07-31,35,759.0,706.52,0.0,put,0.2049,54.45,55.62,55.035,62,31,-0.8466,13.89,7.251,75.62,market
2026-06-26,QQQ,2026-07-31,35,760.0,706.52,0.0,put,0.2148,55.28,56.99,56.135,10,34,-0.8393,14.5,7.386,77.03,market
2026-06-26,QQQ,2026-07-31,35,761.0,706.52,0.0,put,0.2138,56.1,57.81,56.955,1,252,-0.8453,13.95,7.484,78.05,market
2026-06-26,QQQ,2026-07-31,35,762.0,706.52,0.0,put,0.2127,56.93,58.63,57.78,0,20,-0.8513,13.4,7.583,79.08,market
2026-06-26,QQQ,2026-07-31,35,763.0,706.52,0.0,put,0.2119,57.77,59.47,58.62,1,7,-0.8569,12.88,7.683,80.12,market
2026-06-26,QQQ,2026-07-31,35,764.0,706.52,0.0,put,0.2109,58.62,60.31,59.465,0,8,-0.8625,12.36,7.783,81.17,market
2026-06-26,QQQ,2026-07-31,35,765.0,706.52,0.0,put,0.2102,59.47,61.17,60.32,23,24,-0.8677,11.89,7.885,82.23,market
2026-06-26,QQQ,2026-07-31,35,766.0,706.52,0.0,put,0.1963,60.33,61.49,60.91,9,8,-0.8888,10.01,7.952,82.92,market
2026-06-26,QQQ,2026-07-31,35,767.0,706.52,0.0,put,0.195,61.18,62.35,61.765,2,145,-0.8945,9.49,8.053,83.98,market
2026-06-26,QQQ,2026-07-31,35,768.0,706.52,0.0,put,0.2202,62.06,64.29,63.175,2,35,-0.8685,11.75,8.226,85.78,market
2026-06-26,QQQ,2026-07-31,35,769.0,706.52,0.0,put,0.22,62.93,65.18,64.055,0,2,-0.8727,11.36,8.33,86.87,market
2026-06-26,QQQ,2026-07-31,35,770.0,706.52,0.0,put,0.2052,63.84,65.48,64.66,2,894,-0.8938,9.5,8.397,87.57,market
2026-06-26,QQQ,2026-07-31,35,772.0,706.52,0.0,put,0.2172,65.62,67.77,66.695,0,1,-0.8874,10.03,8.639,90.1,market
2026-06-26,QQQ,2026-07-31,35,773.0,706.52,0.0,put,0.2018,66.53,68.12,67.325,8,9,-0.9084,8.17,8.71,90.83,market
2026-06-26,QQQ,2026-07-31,35,774.0,706.52,0.0,put,0.2028,66.37,69.08,67.725,0,1,-0.9107,7.96,8.75,91.25,market
2026-06-26,QQQ,2026-07-31,35,775.0,706.52,0.0,put,0.2022,67.25,69.99,68.62,2,14,-0.9146,7.6,8.854,92.34,market
2026-06-26,QQQ,2026-07-31,35,780.0,706.52,0.0,put,0.2254,71.56,75.41,73.485,31,40,-0.9055,8.33,9.421,98.25,market
2026-06-26,QQQ,2026-07-31,35,785.0,706.52,0.0,put,0.2296,76.49,80.19,78.34,2,9,-0.916,7.36,9.98,104.07,market
2026-06-26,QQQ,2026-07-31,35,790.0,706.52,0.0,put,0.236,81.65,85.07,83.36,3,6,-0.923,6.69,10.552,110.04,market
2026-06-26,QQQ,2026-07-31,35,795.0,706.52,0.0,put,0.2465,86.67,90.08,88.375,3,5,-0.9258,6.41,11.116,115.93,market
2026-06-26,QQQ,2026-07-31,35,800.0,706.52,0.0,put,0.2565,91.18,95.08,93.13,4,0,-0.9285,6.13,11.641,121.4,market
2026-06-26,QQQ,2026-07-31,35,805.0,706.52,0.0,put,0.2659,96.19,100.07,98.13,3,0,-0.9313,5.85,12.19,127.12,market
2026-06-26,QQQ,2026-07-31,35,810.0,706.52,0.0,put,0.2756,101.67,105.07,103.37,2,3,-0.9335,5.62,12.762,133.09,market
2026-06-26,QQQ,2026-07-31,35,815.0,706.52,0.0,put,0.2852,106.51,110.07,108.29,4,0,-0.9356,5.4,13.287,138.57,market
2026-06-26,QQQ,2026-07-31,35,820.0,706.52,0.0,put,0.2938,111.18,115.05,113.115,2,0,-0.9381,5.16,13.795,143.86,market
2026-06-26,QQQ,2026-07-31,35,850.0,706.52,0.0,put,0.348,141.51,145.05,143.28,1,0,-0.9471,4.22,16.856,175.79,market
2026-06-26,IWM,2026-07-17,21,125.0,299.83,58.31,put,1.4941,0.0,0.4,0.16,10,147,-0.0043,98.84,0.128,2.23,bs_fallback
2026-06-26,IWM,2026-07-17,21,130.0,299.83,56.64,put,1.4316,0.0,0.4,0.16,30,190,-0.0045,98.84,0.123,2.14,bs_fallback
2026-06-26,IWM,2026-07-17,21,135.0,299.83,54.97,put,1.3721,0.0,0.4,0.161,1,473,-0.0047,98.84,0.119,2.07,bs_fallback
2026-06-26,IWM,2026-07-17,21,140.0,299.83,53.31,put,1.3106,0.0,0.39,0.157,1,480,-0.0048,98.85,0.112,1.95,bs_fallback
2026-06-26,IWM,2026-07-17,21,145.0,299.83,51.64,put,1.2539,0.0,0.39,0.156,1,37,-0.005,98.85,0.108,1.88,bs_fallback
2026-06-26,IWM,2026-07-17,21,150.0,299.83,49.97,put,1.207,0.02,0.39,0.205,5,107,-0.0054,98.8,0.137,2.38,market
2026-06-26,IWM,2026-07-17,21,155.0,299.83,48.3,put,1.1475,0.0,0.39,0.156,20,152,-0.0055,98.84,0.101,1.75,bs_fallback
2026-06-26,IWM,2026-07-17,21,160.0,299.83,46.64,put,1.0664,0.01,0.3,0.155,1,633,-0.0047,99.03,0.097,1.68,market
2026-06-26,IWM,2026-07-17,21,165.0,299.83,44.97,put,1.0449,0.0,0.38,0.153,1,2954,-0.0059,98.84,0.093,1.61,bs_fallback
2026-06-26,IWM,2026-07-17,21,170.0,299.83,43.3,put,0.9961,0.0,0.38,0.152,15,1199,-0.0061,98.83,0.089,1.55,bs_fallback
2026-06-26,IWM,2026-07-17,21,175.0,299.83,41.63,put,0.832,0.0,0.12,0.046,1,2181,-0.0025,99.55,0.026,0.46,bs_fallback
2026-06-26,IWM,2026-07-17,21,180.0,299.83,39.97,put,0.6953,0.0,0.03,0.011,10,1116,-0.0008,99.86,0.006,0.11,bs_fallback
2026-06-26,IWM,2026-07-17,21,185.0,299.83,38.3,put,0.8516,0.0,0.35,0.139,121,615,-0.0066,98.86,0.075,1.31,bs_fallback
2026-06-26,IWM,2026-07-17,21,190.0,299.83,36.63,put,0.8027,0.0,0.33,0.13,192,709,-0.0066,98.89,0.069,1.19,bs_fallback
2026-06-26,IWM,2026-07-17,21,195.0,299.83,34.96,put,0.7559,0.0,0.31,0.123,4,1368,-0.0066,98.92,0.063,1.09,bs_fallback
2026-06-26,IWM,2026-07-17,21,196.0,299.83,34.63,put,0.7441,0.0,0.3,0.118,1,203,-0.0064,98.95,0.06,1.05,bs_fallback
2026-06-26,IWM,2026-07-17,21,197.0,299.83,34.3,put,0.7363,0.0,0.3,0.118,5,29,-0.0065,98.94,0.06,1.04,bs_fallback
2026-06-26,IWM,2026-07-17,21,198.0,299.83,33.96,put,0.7256,0.0,0.29,0.115,4,491,-0.0064,98.97,0.058,1.01,bs_fallback
2026-06-26,IWM,2026-07-17,21,199.0,299.83,33.63,put,0.7148,0.0,0.28,0.111,1925,288,-0.0063,98.99,0.056,0.97,bs_fallback
2026-06-26,IWM,2026-07-17,21,200.0,299.83,33.3,put,0.7031,0.0,0.27,0.106,1797,5498,-0.0062,99.02,0.053,0.92,bs_fallback
2026-06-26,IWM,2026-07-17,21,205.0,299.83,31.63,put,0.6514,0.0,0.23,0.09,2,1359,-0.0057,99.12,0.044,0.76,bs_fallback
2026-06-26,IWM,2026-07-17,21,210.0,299.83,29.96,put,0.6172,0.0,0.24,0.093,1,1750,-0.0062,99.06,0.044,0.77,bs_fallback
2026-06-26,IWM,2026-07-17,21,215.0,299.83,28.29,put,0.6006,0.05,0.26,0.155,10,1571,-0.0082,98.8,0.072,1.25,market
2026-06-26,IWM,2026-07-17,21,220.0,299.83,26.63,put,0.5215,0.05,0.12,0.085,47,5869,-0.0052,99.26,0.039,0.67,market
2026-06-26,IWM,2026-07-17,21,225.0,299.83,24.96,put,0.5098,0.08,0.12,0.1,22,27257,-0.0075,98.96,0.044,0.77,market
2026-06-26,IWM,2026-07-17,21,226.0,299.83,24.62,put,0.502,0.04,0.12,0.08,1,415,-0.0075,98.96,0.035,0.62,market
2026-06-26,IWM,2026-07-17,21,227.0,299.83,24.29,put,0.4951,0.04,0.12,0.08,5,482,-0.0076,98.95,0.035,0.61,market
2026-06-26,IWM,2026-07-17,21,228.0,299.83,23.96,put,0.4932,0.04,0.13,0.085,2,204,-0.0082,98.87,0.037,0.65,market
2026-06-26,IWM,2026-07-17,21,229.0,299.83,23.62,put,0.4863,0.05,0.13,0.09,1,488,-0.0084,98.86,0.039,0.68,market
2026-06-26,IWM,2026-07-17,21,230.0,299.83,23.29,put,0.4844,0.05,0.14,0.095,10,5778,-0.009,98.77,0.041,0.72,market
2026-06-26,IWM,2026-07-17,21,231.0,299.83,22.96,put,0.4775,0.06,0.14,0.1,68,1548,-0.0092,98.76,0.043,0.75,market
2026-06-26,IWM,2026-07-17,21,232.0,299.83,22.62,put,0.4746,0.06,0.15,0.105,1,394,-0.0098,98.68,0.045,0.79,market
2026-06-26,IWM,2026-07-17,21,233.0,299.83,22.29,put,0.4634,0.06,0.14,0.1,5,2353,-0.0094,98.74,0.043,0.75,market
2026-06-26,IWM,2026-07-17,21,234.0,299.83,21.96,put,0.4648,0.07,0.16,0.115,1,1203,-0.0106,98.59,0.049,0.85,market
2026-06-26,IWM,2026-07-17,21,235.0,299.83,21.62,put,0.4541,0.09,0.15,0.12,47,10750,-0.0102,98.64,0.051,0.89,market
2026-06-26,IWM,2026-07-17,21,236.0,299.83,21.29,put,0.4551,0.08,0.17,0.125,10,602,-0.0115,98.48,0.053,0.92,market
2026-06-26,IWM,2026-07-17,21,237.0,299.83,20.96,put,0.4443,0.09,0.16,0.125,265,541,-0.0111,98.54,0.053,0.92,market
2026-06-26,IWM,2026-07-17,21,238.0,299.83,20.62,put,0.4409,0.1,0.17,0.135,2,869,-0.0118,98.45,0.057,0.99,market
2026-06-26,IWM,2026-07-17,21,239.0,299.83,20.29,put,0.4375,0.1,0.18,0.14,5,822,-0.0125,98.36,0.059,1.02,market
2026-06-26,IWM,2026-07-17,21,240.0,299.83,19.95,put,0.4307,0.11,0.18,0.145,57,23757,-0.0127,98.34,0.06,1.05,market
2026-06-26,IWM,2026-07-17,21,241.0,299.83,19.62,put,0.4268,0.12,0.19,0.155,19,1187,-0.0134,98.26,0.064,1.12,market
2026-06-26,IWM,2026-07-17,21,242.0,299.83,19.29,put,0.4199,0.12,0.19,0.155,2,600,-0.0137,98.24,0.064,1.11,market
2026-06-26,IWM,2026-07-17,21,243.0,299.83,18.95,put,0.4131,0.12,0.19,0.155,13,2691,-0.0139,98.22,0.064,1.11,market
2026-06-26,IWM,2026-07-17,21,244.0,299.83,18.62,put,0.4121,0.14,0.21,0.175,1,1313,-0.0153,98.05,0.072,1.25,market
2026-06-26,IWM,2026-07-17,21,245.0,299.83,18.29,put,0.4077,0.15,0.22,0.185,42,13975,-0.016,97.96,0.076,1.31,market
2026-06-26,IWM,2026-07-17,21,246.0,299.83,17.95,put,0.4009,0.15,0.22,0.185,7,768,-0.0163,97.93,0.075,1.31,market
2026-06-26,IWM,2026-07-17,21,247.0,299.83,17.62,put,0.3965,0.16,0.23,0.195,2,1503,-0.0172,97.83,0.079,1.37,market
2026-06-26,IWM,2026-07-17,21,248.0,299.83,17.29,put,0.3921,0.18,0.24,0.21,13,1140,-0.0181,97.73,0.085,1.47,market
2026-06-26,IWM,2026-07-17,21,249.0,299.83,16.95,put,0.3877,0.2,0.25,0.225,18,932,-0.019,97.63,0.09,1.57,market
2026-06-26,IWM,2026-07-17,21,250.0,299.83,16.62,put,0.3828,0.2,0.26,0.23,148,22897,-0.0199,97.53,0.092,1.6,market
2026-06-26,IWM,2026-07-17,21,251.0,299.83,16.29,put,0.3779,0.2,0.27,0.235,7,4547,-0.0208,97.43,0.094,1.63,market
2026-06-26,IWM,2026-07-17,21,252.0,299.83,15.95,put,0.3731,0.21,0.28,0.245,5,4828,-0.0217,97.32,0.097,1.69,market
2026-06-26,IWM,2026-07-17,21,253.0,299.83,15.62,put,0.3701,0.22,0.3,0.26,154,5288,-0.0233,97.13,0.103,1.79,market
2026-06-26,IWM,2026-07-17,21,254.0,299.83,15.29,put,0.3652,0.24,0.31,0.275,7,896,-0.0244,97.01,0.108,1.88,market
2026-06-26,IWM,2026-07-17,21,255.0,299.83,14.95,put,0.3599,0.26,0.32,0.29,178,57985,-0.0254,96.9,0.114,1.98,market
2026-06-26,IWM,2026-07-17,21,256.0,299.83,14.62,put,0.3565,0.26,0.34,0.3,10,734,-0.0271,96.71,0.117,2.04,market
2026-06-26,IWM,2026-07-17,21,257.0,299.83,14.28,put,0.3525,0.28,0.36,0.32,227,2191,-0.0288,96.52,0.125,2.16,market
2026-06-26,IWM,2026-07-17,21,258.0,299.83,13.95,put,0.3486,0.3,0.38,0.34,243,7085,-0.0305,96.32,0.132,2.29,market
2026-06-26,IWM,2026-07-17,21,259.0,299.83,13.62,put,0.3447,0.31,0.4,0.355,293,1304,-0.0324,96.11,0.137,2.38,market
2026-06-26,IWM,2026-07-17,21,260.0,299.83,13.28,put,0.3403,0.35,0.42,0.385,2783,51560,-0.0342,95.91,0.148,2.57,market
2026-06-26,IWM,2026-07-17,21,261.0,299.83,12.95,put,0.3359,0.36,0.44,0.4,367,15777,-0.0362,95.7,0.153,2.66,market
2026-06-26,IWM,2026-07-17,21,262.0,299.83,12.62,put,0.3325,0.38,0.47,0.425,31,925,-0.0386,95.42,0.162,2.82,market
2026-06-26,IWM,2026-07-17,21,263.0,299.83,12.28,put,0.3291,0.41,0.5,0.455,68,4014,-0.0413,95.13,0.173,3.01,market
2026-06-26,IWM,2026-07-17,21,264.0,299.83,11.95,put,0.3252,0.45,0.53,0.49,132,10886,-0.0439,94.84,0.186,3.23,market
2026-06-26,IWM,2026-07-17,21,265.0,299.83,11.62,put,0.3213,0.47,0.56,0.515,666,35122,-0.0467,94.53,0.194,3.38,market
2026-06-26,IWM,2026-07-17,21,266.0,299.83,11.28,put,0.3181,0.5,0.6,0.55,32,7209,-0.05,94.16,0.207,3.59,market
2026-06-26,IWM,2026-07-17,21,267.0,299.83,10.95,put,0.3148,0.54,0.64,0.59,60,8219,-0.0535,93.77,0.221,3.84,market
2026-06-26,IWM,2026-07-17,21,268.0,299.83,10.62,put,0.311,0.58,0.68,0.63,12,17440,-0.057,93.39,0.235,4.09,market
2026-06-26,IWM,2026-07-17,21,269.0,299.83,10.28,put,0.3081,0.62,0.73,0.675,20,10957,-0.0613,92.92,0.251,4.36,market
2026-06-26,IWM,2026-07-17,21,270.0,299.83,9.95,put,0.3049,0.73,0.78,0.755,7287,40646,-0.0657,92.44,0.28,4.86,market
2026-06-26,IWM,2026-07-17,21,271.0,299.83,9.62,put,0.3013,0.72,0.83,0.775,32,19471,-0.0701,91.96,0.286,4.97,market
2026-06-26,IWM,2026-07-17,21,272.0,299.83,9.28,put,0.299,0.78,0.9,0.84,177,19594,-0.0757,91.35,0.309,5.37,market
2026-06-26,IWM,2026-07-17,21,273.0,299.83,8.95,put,0.2954,0.84,0.96,0.9,40,12565,-0.0809,90.79,0.33,5.73,market
2026-06-26,IWM,2026-07-17,21,274.0,299.83,8.61,put,0.2925,0.91,1.03,0.97,668,16689,-0.0869,90.15,0.354,6.15,market
2026-06-26,IWM,2026-07-17,21,275.0,299.83,8.28,put,0.2868,1.02,1.07,1.045,1379,50344,-0.0913,89.69,0.38,6.6,market
2026-06-26,IWM,2026-07-17,21,276.0,299.83,7.95,put,0.2866,1.07,1.19,1.13,53,34196,-0.1001,88.72,0.409,7.12,market
2026-06-26,IWM,2026-07-17,21,277.0,299.83,7.61,put,0.2844,1.15,1.29,1.22,240,55933,-0.108,87.88,0.44,7.66,market
2026-06-26,IWM,2026-07-17,21,278.0,299.83,7.28,put,0.2819,1.25,1.39,1.32,167,25756,-0.1161,87.01,0.475,8.25,market
2026-06-26,IWM,2026-07-17,21,279.0,299.83,6.95,put,0.2793,1.35,1.5,1.425,271,46549,-0.1248,86.09,0.511,8.88,market
2026-06-26,IWM,2026-07-17,21,280.0,299.83,6.61,put,0.2733,1.5,1.56,1.53,9524,105611,-0.1313,85.42,0.546,9.5,market
2026-06-26,IWM,2026-07-17,21,281.0,299.83,6.28,put,0.2745,1.59,1.75,1.67,1563,45071,-0.1442,84.03,0.594,10.33,market
2026-06-26,IWM,2026-07-17,21,282.0,299.83,5.95,put,0.2706,1.72,1.86,1.79,70036,32610,-0.1536,83.05,0.635,11.03,market
2026-06-26,IWM,2026-07-17,21,283.0,299.83,5.61,put,0.2694,1.86,2.03,1.945,20066,42220,-0.1658,81.76,0.687,11.95,market
2026-06-26,IWM,2026-07-17,21,284.0,299.83,5.28,put,0.2661,2.01,2.17,2.09,75268,34882,-0.177,80.6,0.736,12.79,market
2026-06-26,IWM,2026-07-17,21,285.0,299.83,4.95,put,0.2637,2.23,2.34,2.285,67953,87518,-0.1897,79.27,0.802,13.94,market
2026-06-26,IWM,2026-07-17,21,286.0,299.83,4.61,put,0.2607,2.4,2.51,2.455,2537,9158,-0.2026,77.93,0.858,14.92,market
2026-06-26,IWM,2026-07-17,21,287.0,299.83,4.28,put,0.2599,2.59,2.74,2.665,1207,42214,-0.218,76.32,0.929,16.14,market
2026-06-26,IWM,2026-07-17,21,288.0,299.83,3.95,put,0.2559,2.79,2.91,2.85,1204,2816,-0.2316,74.92,0.99,17.2,market
2026-06-26,IWM,2026-07-17,21,289.0,299.83,3.61,put,0.2538,3.0,3.14,3.07,438,2059,-0.2476,73.28,1.062,18.46,market
2026-06-26,IWM,2026-07-17,21,290.0,299.83,3.28,put,0.2515,3.24,3.38,3.31,72987,120051,-0.2642,71.57,1.141,19.84,market
2026-06-26,IWM,2026-07-17,21,291.0,299.83,2.94,put,0.2497,3.48,3.65,3.565,1440,1263,-0.2819,69.75,1.225,21.29,market
2026-06-26,IWM,2026-07-17,21,292.0,299.83,2.61,put,0.2473,3.76,3.92,3.84,826,4465,-0.3,67.9,1.315,22.86,market
2026-06-26,IWM,2026-07-17,21,293.0,299.83,2.28,put,0.246,4.03,4.24,4.135,6250,2042,-0.3196,65.9,1.411,24.53,market
2026-06-26,IWM,2026-07-17,21,294.0,299.83,1.94,put,0.2427,4.34,4.52,4.43,885,2236,-0.3388,63.97,1.507,26.19,market
2026-06-26,IWM,2026-07-17,21,295.0,299.83,1.61,put,0.2379,4.67,4.78,4.725,4308,13055,-0.3581,62.04,1.602,27.84,market
2026-06-26,IWM,2026-07-17,21,296.0,299.83,1.28,put,0.2378,5.02,5.19,5.105,832,2465,-0.3804,59.77,1.725,29.98,market
2026-06-26,IWM,2026-07-17,21,297.0,299.83,0.94,put,0.2376,5.39,5.62,5.505,1390,1418,-0.4031,57.47,1.854,32.22,market
2026-06-26,IWM,2026-07-17,21,298.0,299.83,0.61,put,0.236,5.76,6.03,5.895,852,654,-0.4257,55.2,1.978,34.38,market
2026-06-26,IWM,2026-07-17,21,299.0,299.83,0.28,put,0.2318,6.18,6.39,6.285,308,1616,-0.4485,52.94,2.102,36.53,market
2026-06-26,IWM,2026-07-17,21,300.0,299.83,0.0,put,0.2304,6.62,6.85,6.735,511,1756,-0.4723,50.57,2.245,39.02,market
2026-06-26,IWM,2026-07-17,21,301.0,299.83,0.0,put,0.2288,7.08,7.33,7.205,59,138,-0.4965,48.17,2.394,41.6,market
2026-06-26,IWM,2026-07-17,21,302.0,299.83,0.0,put,0.2325,7.48,7.99,7.735,63,101,-0.5199,45.79,2.561,44.52,market
2026-06-26,IWM,2026-07-17,21,303.0,299.83,0.0,put,0.231,8.0,8.52,8.26,14,135,-0.5439,43.42,2.726,47.38,market
2026-06-26,IWM,2026-07-17,21,304.0,299.83,0.0,put,0.28,7.42,10.53,8.975,5,115,-0.5514,42.22,2.952,51.31,market
2026-06-26,IWM,2026-07-17,21,305.0,299.83,0.0,put,0.2793,7.94,11.11,9.525,67,229,-0.5709,40.29,3.123,54.28,market
2026-06-26,IWM,2026-07-17,21,306.0,299.83,0.0,put,0.2789,8.68,11.72,10.2,9,385,-0.5902,38.4,3.333,57.94,market
2026-06-26,IWM,2026-07-17,21,307.0,299.83,0.0,put,0.2797,9.69,12.38,11.035,3,60,-0.6087,36.58,3.594,62.48,market
2026-06-26,IWM,2026-07-17,21,308.0,299.83,0.0,put,0.2877,10.34,13.26,11.8,4,2,-0.623,35.11,3.831,66.59,market
2026-06-26,IWM,2026-07-17,21,309.0,299.83,0.0,put,0.2867,11.02,13.9,12.46,5,3,-0.6413,33.34,4.032,70.09,market
2026-06-26,IWM,2026-07-17,21,310.0,299.83,0.0,put,0.28,12.5,14.41,13.455,405,481,-0.6628,31.3,4.34,75.44,market
2026-06-26,IWM,2026-07-17,21,311.0,299.83,0.0,put,0.2844,12.47,15.23,13.85,1,33,-0.6772,29.87,4.453,77.4,market
2026-06-26,IWM,2026-07-17,21,312.0,299.83,0.0,put,0.2817,13.24,15.88,14.56,1,96,-0.6959,28.09,4.667,81.11,market
2026-06-26,IWM,2026-07-17,21,313.0,299.83,0.0,put,0.2866,14.0,16.74,15.37,2,39,-0.7085,26.84,4.911,85.35,market
2026-06-26,IWM,2026-07-17,21,314.0,299.83,0.0,put,0.288,14.85,17.52,16.185,1,239,-0.7232,25.42,5.154,89.59,market
2026-06-26,IWM,2026-07-17,21,315.0,299.83,0.0,put,0.2845,15.7,18.2,16.95,24,105,-0.7412,23.72,5.381,93.53,market
2026-06-26,IWM,2026-07-17,21,320.0,299.83,0.0,put,0.3339,20.25,23.25,21.75,67,31,-0.7694,20.69,6.797,118.14,market
2026-06-26,IWM,2026-07-17,21,325.0,299.83,0.0,put,0.3777,25.14,28.24,26.69,2,2,-0.7918,18.32,8.212,142.74,market
2026-06-26,IWM,2026-07-17,21,330.0,299.83,0.0,put,0.4255,30.15,33.36,31.755,1,0,-0.8051,16.8,9.623,167.25,market
2026-06-26,IWM,2026-07-17,21,335.0,299.83,0.0,put,0.4657,35.14,38.36,36.75,2,0,-0.8189,15.31,10.97,190.67,market
2026-06-26,IWM,2026-07-17,21,340.0,299.83,0.0,put,0.5042,40.14,43.36,41.75,3,0,-0.8303,14.09,12.279,213.43,market
2026-06-26,IWM,2026-07-17,21,345.0,299.83,0.0,put,0.5413,45.14,48.36,46.75,2,0,-0.8398,13.06,13.551,235.52,market
2026-06-26,IWM,2026-07-17,21,350.0,299.83,0.0,put,0.5769,50.15,53.36,51.755,25,20,-0.848,12.17,14.787,257.01,market
2026-06-26,IWM,2026-07-17,21,355.0,299.83,0.0,put,0.5029,55.14,58.36,56.75,2,0,-0.9059,7.54,15.986,277.85,market
2026-06-26,IWM,2026-07-17,21,360.0,299.83,0.0,put,0.533,60.14,63.36,61.75,2,0,-0.9106,7.05,17.153,298.13,market
2026-06-26,IWM,2026-07-17,21,365.0,299.83,0.0,put,0.8297,71.08,71.2,71.14,0,0,-0.809,14.15,19.49,338.76,market
2026-06-26,IWM,2026-07-17,21,380.0,299.83,0.0,put,0.6455,80.14,83.36,81.75,2,0,-0.9243,5.6,21.513,373.92,market
2026-06-26,IWM,2026-07-24,28,195.0,299.83,34.96,put,0.6856,0.0,0.42,0.174,4,40,-0.0086,98.58,0.089,1.16,bs_fallback
2026-06-26,IWM,2026-07-24,28,200.0,299.83,33.3,put,0.6724,0.0,0.54,0.225,4,21,-0.0111,98.22,0.112,1.47,bs_fallback
2026-06-26,IWM,2026-07-24,28,205.0,299.83,31.63,put,0.6177,0.0,0.44,0.181,25,27,-0.0099,98.46,0.088,1.15,bs_fallback
2026-06-26,IWM,2026-07-24,28,210.0,299.83,29.96,put,0.6829,0.0,1.21,0.518,0,7,-0.0229,96.47,0.246,3.21,bs_fallback
2026-06-26,IWM,2026-07-24,28,215.0,299.83,28.29,put,0.5254,0.0,0.16,0.13,11,26,-0.0085,98.74,0.061,0.79,bs_fallback
2026-06-26,IWM,2026-07-24,28,220.0,299.83,26.63,put,0.501,0.02,0.18,0.1,34,47,-0.01,98.57,0.045,0.59,market
2026-06-26,IWM,2026-07-24,28,225.0,299.83,24.96,put,0.4722,0.04,0.19,0.115,10,149,-0.011,98.46,0.051,0.67,market
2026-06-26,IWM,2026-07-24,28,230.0,299.83,23.29,put,0.4497,0.06,0.22,0.14,18,116,-0.0132,98.2,0.061,0.79,market
2026-06-26,IWM,2026-07-24,28,235.0,299.83,21.62,put,0.4258,0.09,0.25,0.17,10,67,-0.0155,97.93,0.072,0.94,market
2026-06-26,IWM,2026-07-24,28,240.0,299.83,19.95,put,0.4058,0.13,0.3,0.215,3,371,-0.0192,97.49,0.09,1.17,market
2026-06-26,IWM,2026-07-24,28,245.0,299.83,18.29,put,0.3887,0.18,0.38,0.28,40,110,-0.0247,96.84,0.114,1.49,market
2026-06-26,IWM,2026-07-24,28,250.0,299.83,16.62,put,0.3687,0.3,0.46,0.38,7,134,-0.0308,96.13,0.152,1.98,market
2026-06-26,IWM,2026-07-24,28,255.0,299.83,14.95,put,0.3433,0.32,0.52,0.42,22,579,-0.0366,95.51,0.165,2.15,market
2026-06-26,IWM,2026-07-24,28,260.0,299.83,13.28,put,0.3262,0.49,0.67,0.58,53,419,-0.0479,94.24,0.223,2.91,market
2026-06-26,IWM,2026-07-24,28,261.0,299.83,12.95,put,0.3232,0.48,0.71,0.595,4,110,-0.0508,93.91,0.228,2.97,market
2026-06-26,IWM,2026-07-24,28,262.0,299.83,12.62,put,0.322,0.51,0.77,0.64,4,69,-0.0548,93.45,0.244,3.18,market
2026-06-26,IWM,2026-07-24,28,263.0,299.83,12.28,put,0.3196,0.55,0.82,0.685,2,85,-0.0584,93.05,0.26,3.4,market
2026-06-26,IWM,2026-07-24,28,264.0,299.83,11.95,put,0.3141,0.59,0.84,0.715,210,196,-0.0605,92.83,0.271,3.53,market
2026-06-26,IWM,2026-07-24,28,265.0,299.83,11.62,put,0.3112,0.63,0.89,0.76,3,1002,-0.0642,92.42,0.287,3.74,market
2026-06-26,IWM,2026-07-24,28,266.0,299.83,11.28,put,0.3079,0.71,0.94,0.825,6,220,-0.0679,92.02,0.31,4.04,market
2026-06-26,IWM,2026-07-24,28,267.0,299.83,10.95,put,0.3053,0.76,1.0,0.88,9,200,-0.0723,91.54,0.33,4.3,market
2026-06-26,IWM,2026-07-24,28,268.0,299.83,10.62,put,0.3046,0.78,1.09,0.935,3,341,-0.0781,90.88,0.349,4.55,market
2026-06-26,IWM,2026-07-24,28,269.0,299.83,10.28,put,0.3005,0.84,1.14,0.99,210,434,-0.0821,90.46,0.368,4.8,market
2026-06-26,IWM,2026-07-24,28,270.0,299.83,9.95,put,0.2991,0.94,1.23,1.085,648,1595,-0.0881,89.8,0.402,5.24,market
2026-06-26,IWM,2026-07-24,28,271.0,299.83,9.62,put,0.2959,1.04,1.3,1.17,16,252,-0.0932,89.24,0.432,5.63,market
2026-06-26,IWM,2026-07-24,28,272.0,299.83,9.28,put,0.2911,1.05,1.35,1.2,15,343,-0.0975,88.79,0.441,5.75,market
2026-06-26,IWM,2026-07-24,28,273.0,299.83,8.95,put,0.2887,1.14,1.44,1.29,3,1010,-0.1038,88.11,0.473,6.16,market
2026-06-26,IWM,2026-07-24,28,274.0,299.83,8.61,put,0.2871,1.21,1.55,1.38,7,423,-0.1111,87.31,0.504,6.57,market
2026-06-26,IWM,2026-07-24,28,275.0,299.83,8.28,put,0.2835,1.36,1.63,1.495,52,456,-0.1172,86.66,0.544,7.09,market
2026-06-26,IWM,2026-07-24,28,276.0,299.83,7.95,put,0.2827,1.41,1.77,1.59,2,112,-0.126,85.71,0.576,7.51,market
2026-06-26,IWM,2026-07-24,28,277.0,299.83,7.61,put,0.2784,1.51,1.85,1.68,22,165,-0.1324,85.04,0.606,7.91,market
2026-06-26,IWM,2026-07-24,28,277.5,299.83,7.45,put,0.2772,1.56,1.91,1.735,5,75,-0.1364,84.61,0.625,8.15,market
2026-06-26,IWM,2026-07-24,28,278.0,299.83,7.28,put,0.2759,1.62,1.97,1.795,45,123,-0.1406,84.17,0.646,8.42,market
2026-06-26,IWM,2026-07-24,28,279.0,299.83,6.95,put,0.2748,1.76,2.13,1.945,13,121,-0.1505,83.1,0.697,9.09,market
2026-06-26,IWM,2026-07-24,28,280.0,299.83,6.61,put,0.2729,1.88,2.28,2.08,126,12864,-0.1602,82.08,0.743,9.68,market
2026-06-26,IWM,2026-07-24,28,281.0,299.83,6.28,put,0.271,2.05,2.44,2.245,15,148,-0.1704,80.99,0.799,10.41,market
2026-06-26,IWM,2026-07-24,28,282.0,299.83,5.95,put,0.2661,2.18,2.54,2.36,8,703,-0.1786,80.16,0.837,10.91,market
2026-06-26,IWM,2026-07-24,28,282.5,299.83,5.78,put,0.2656,2.27,2.64,2.455,7,130,-0.1846,79.52,0.869,11.33,market
2026-06-26,IWM,2026-07-24,28,283.0,299.83,5.61,put,0.265,2.35,2.74,2.545,8,232,-0.1905,78.89,0.899,11.72,market
2026-06-26,IWM,2026-07-24,28,284.0,299.83,5.28,put,0.2627,2.51,2.92,2.715,13,262,-0.202,77.69,0.956,12.46,market
2026-06-26,IWM,2026-07-24,28,285.0,299.83,4.95,put,0.2612,2.7,3.13,2.915,92,1027,-0.2146,76.37,1.023,13.33,market
2026-06-26,IWM,2026-07-24,28,286.0,299.83,4.61,put,0.2595,2.9,3.35,3.125,48,108,-0.2277,75.0,1.093,14.24,market
2026-06-26,IWM,2026-07-24,28,287.0,299.83,4.28,put,0.2566,3.04,3.55,3.295,29,435,-0.2404,73.69,1.148,14.97,market
2026-06-26,IWM,2026-07-24,28,287.5,299.83,4.11,put,0.2568,3.15,3.7,3.425,2,22,-0.2483,72.87,1.191,15.53,market
2026-06-26,IWM,2026-07-24,28,288.0,299.83,3.95,put,0.2544,3.32,3.78,3.55,97,116,-0.2543,72.26,1.233,16.07,market
2026-06-26,IWM,2026-07-24,28,289.0,299.83,3.61,put,0.2506,3.55,3.98,3.765,29,282,-0.2676,70.9,1.303,16.98,market
2026-06-26,IWM,2026-07-24,28,290.0,299.83,3.28,put,0.2495,3.8,4.27,4.035,88,1096,-0.2835,69.26,1.391,18.14,market
2026-06-26,IWM,2026-07-24,28,291.0,299.83,2.94,put,0.2476,4.06,4.55,4.305,81,81,-0.2994,67.64,1.479,19.28,market
2026-06-26,IWM,2026-07-24,28,292.0,299.83,2.61,put,0.2468,4.36,4.88,4.62,103,108,-0.3165,65.88,1.582,20.62,market
2026-06-26,IWM,2026-07-24,28,292.5,299.83,2.44,put,0.246,4.49,5.04,4.765,5,75,-0.325,65.01,1.629,21.24,market
2026-06-26,IWM,2026-07-24,28,293.0,299.83,2.28,put,0.2434,4.66,5.15,4.905,13,133,-0.3327,64.24,1.674,21.82,market
2026-06-26,IWM,2026-07-24,28,294.0,299.83,1.94,put,0.2425,4.97,5.51,5.24,48,83,-0.3508,62.4,1.782,23.23,market
2026-06-26,IWM,2026-07-24,28,295.0,299.83,1.61,put,0.2407,5.4,5.86,5.63,469,590,-0.369,60.56,1.908,24.88,market
2026-06-26,IWM,2026-07-24,28,296.0,299.83,1.28,put,0.2398,5.67,6.26,5.965,36,222,-0.388,58.63,2.015,26.27,market
2026-06-26,IWM,2026-07-24,28,297.0,299.83,0.94,put,0.2374,6.05,6.63,6.34,99,91,-0.4069,56.74,2.135,27.83,market
2026-06-26,IWM,2026-07-24,28,297.5,299.83,0.78,put,0.2365,6.24,6.83,6.535,99,27,-0.4167,55.76,2.197,28.63,market
2026-06-26,IWM,2026-07-24,28,298.0,299.83,0.61,put,0.2373,6.39,7.09,6.74,8,156,-0.4269,54.72,2.262,29.48,market
2026-06-26,IWM,2026-07-24,28,300.0,299.83,0.0,put,0.2321,7.32,7.91,7.615,33,95,-0.4669,50.75,2.538,33.09,market
2026-06-26,IWM,2026-07-24,28,301.0,299.83,0.0,put,0.2402,7.42,8.71,8.065,1,10,-0.4871,48.64,2.679,34.93,market
2026-06-26,IWM,2026-07-24,28,304.0,299.83,0.0,put,0.2758,7.72,11.59,9.655,4,2,-0.5368,43.3,3.176,41.4,market
2026-06-26,IWM,2026-07-24,28,305.0,299.83,0.0,put,0.275,8.45,12.16,10.305,1,3,-0.5541,41.6,3.379,44.04,market
2026-06-26,IWM,2026-07-24,28,306.0,299.83,0.0,put,0.2747,8.89,12.76,10.825,1,1,-0.5711,39.92,3.538,46.11,market
2026-06-26,IWM,2026-07-24,28,310.0,299.83,0.0,put,0.276,12.44,15.4,13.92,0,9,-0.6361,33.56,4.49,58.53,market
2026-06-26,IWM,2026-07-24,28,312.0,299.83,0.0,put,0.2787,13.84,16.87,15.355,2,1,-0.6654,30.7,4.921,64.15,market
2026-06-26,IWM,2026-07-24,28,313.0,299.83,0.0,put,0.2809,14.62,17.65,16.135,2,4,-0.6788,29.39,5.155,67.2,market
2026-06-26,IWM,2026-07-24,28,320.0,299.83,0.0,put,0.3063,20.49,23.65,22.07,1,1,-0.7517,22.23,6.897,89.91,market
2026-06-26,IWM,2026-07-24,28,325.0,299.83,0.0,put,0.3364,25.2,28.42,26.81,0,0,-0.7815,19.2,8.249,107.53,market
2026-06-26,IWM,2026-07-24,28,330.0,299.83,0.0,put,0.3711,30.15,33.37,31.76,0,0,-0.8007,17.19,9.624,125.46,market
2026-06-26,IWM,2026-07-24,28,335.0,299.83,0.0,put,0.4061,35.15,38.37,36.76,2,0,-0.8148,15.67,10.973,143.04,market
2026-06-26,IWM,2026-07-31,35,205.0,299.83,31.63,put,0.5195,0.0,0.27,0.11,0,3,-0.0067,98.96,0.054,0.56,bs_fallback
2026-06-26,IWM,2026-07-31,35,210.0,299.83,29.96,put,0.5474,0.0,0.3,0.252,1,4,-0.0134,97.95,0.12,1.25,bs_fallback
2026-06-26,IWM,2026-07-31,35,215.0,299.83,28.29,put,0.523,0.0,0.33,0.277,0,1,-0.0152,97.74,0.129,1.34,bs_fallback
2026-06-26,IWM,2026-07-31,35,220.0,299.83,26.63,put,0.4683,0.02,0.24,0.13,1,78,-0.0125,98.19,0.059,0.62,market
2026-06-26,IWM,2026-07-31,35,225.0,299.83,24.96,put,0.4536,0.03,0.3,0.165,1,42,-0.0158,97.77,0.073,0.76,market
2026-06-26,IWM,2026-07-31,35,240.0,299.83,19.95,put,0.3872,0.2,0.43,0.315,133,140,-0.0252,96.68,0.131,1.37,market
2026-06-26,IWM,2026-07-31,35,245.0,299.83,18.29,put,0.3709,0.27,0.53,0.4,24,12686,-0.0316,95.93,0.163,1.7,market
2026-06-26,IWM,2026-07-31,35,250.0,299.83,16.62,put,0.3483,0.37,0.6,0.485,26,120,-0.0372,95.31,0.194,2.02,market
2026-06-26,IWM,2026-07-31,35,255.0,299.83,14.95,put,0.3362,0.49,0.79,0.64,5,72,-0.0491,93.94,0.251,2.62,market
2026-06-26,IWM,2026-07-31,35,260.0,299.83,13.28,put,0.3186,0.68,0.97,0.825,1086,1162,-0.0615,92.56,0.317,3.31,market
2026-06-26,IWM,2026-07-31,35,261.0,299.83,12.95,put,0.3174,0.7,1.04,0.87,4,26,-0.0656,92.09,0.333,3.48,market
2026-06-26,IWM,2026-07-31,35,262.0,299.83,12.62,put,0.3128,0.8,1.07,0.935,2,96,-0.068,91.83,0.357,3.72,market
2026-06-26,IWM,2026-07-31,35,263.0,299.83,12.28,put,0.3137,0.8,1.18,0.99,3,1505,-0.0739,91.15,0.376,3.93,market
2026-06-26,IWM,2026-07-31,35,264.0,299.83,11.95,put,0.3088,0.85,1.21,1.03,7,24,-0.0765,90.87,0.39,4.07,market
2026-06-26,IWM,2026-07-31,35,265.0,299.83,11.62,put,0.3052,0.95,1.26,1.105,1046,123,-0.0801,90.49,0.417,4.35,market
2026-06-26,IWM,2026-07-31,35,266.0,299.83,11.28,put,0.307,0.99,1.4,1.195,1,32,-0.0874,89.66,0.449,4.69,market
2026-06-26,IWM,2026-07-31,35,267.0,299.83,10.95,put,0.301,1.04,1.42,1.23,7,47,-0.0898,89.41,0.461,4.8,market
2026-06-26,IWM,2026-07-31,35,268.0,299.83,10.62,put,0.298,1.1,1.49,1.295,74,55,-0.0944,88.92,0.483,5.04,market
2026-06-26,IWM,2026-07-31,35,269.0,299.83,10.28,put,0.2948,1.23,1.56,1.395,5,66,-0.0991,88.4,0.519,5.41,market
2026-06-26,IWM,2026-07-31,35,270.0,299.83,9.95,put,0.2924,1.31,1.65,1.48,117,14158,-0.1046,87.8,0.548,5.72,market
2026-06-26,IWM,2026-07-31,35,271.0,299.83,9.62,put,0.2918,1.32,1.78,1.55,22,101,-0.1118,87.01,0.572,5.96,market
2026-06-26,IWM,2026-07-31,35,272.0,299.83,9.28,put,0.2878,1.5,1.85,1.675,17,199,-0.1168,86.48,0.616,6.42,market
2026-06-26,IWM,2026-07-31,35,272.5,299.83,9.12,put,0.2865,1.57,1.9,1.735,8,39,-0.1199,86.15,0.637,6.64,market
2026-06-26,IWM,2026-07-31,35,273.0,299.83,8.95,put,0.2866,1.6,1.98,1.79,25,95,-0.1241,85.67,0.656,6.84,market
2026-06-26,IWM,2026-07-31,35,274.0,299.83,8.61,put,0.2841,1.64,2.09,1.865,3,103,-0.1308,84.96,0.681,7.1,market
2026-06-26,IWM,2026-07-31,35,275.0,299.83,8.28,put,0.2831,1.77,2.24,2.005,1096,3191,-0.139,84.06,0.729,7.6,market
2026-06-26,IWM,2026-07-31,35,276.0,299.83,7.95,put,0.28,1.85,2.35,2.1,34,146,-0.146,83.32,0.761,7.93,market
2026-06-26,IWM,2026-07-31,35,277.0,299.83,7.61,put,0.2758,1.99,2.44,2.215,14,167,-0.1524,82.66,0.8,8.34,market
2026-06-26,IWM,2026-07-31,35,277.5,299.83,7.45,put,0.2857,1.81,2.78,2.295,2,75,-0.1652,81.18,0.827,8.62,market
2026-06-26,IWM,2026-07-31,35,278.0,299.83,7.28,put,0.2751,2.12,2.62,2.37,32,127,-0.162,81.62,0.853,8.89,market
2026-06-26,IWM,2026-07-31,35,279.0,299.83,6.95,put,0.272,2.28,2.75,2.515,16,390,-0.17,80.78,0.901,9.4,market
2026-06-26,IWM,2026-07-31,35,280.0,299.83,6.61,put,0.2691,2.48,2.89,2.685,156,12522,-0.1787,79.88,0.959,10.0,market
2026-06-26,IWM,2026-07-31,35,281.0,299.83,6.28,put,0.2714,2.59,3.18,2.885,1,79,-0.1919,78.43,1.027,10.71,market
2026-06-26,IWM,2026-07-31,35,282.0,299.83,5.95,put,0.2648,2.74,3.24,2.99,1017,105,-0.1984,77.79,1.06,11.06,market
2026-06-26,IWM,2026-07-31,35,282.5,299.83,5.78,put,0.264,2.81,3.34,3.075,15,39,-0.2039,77.22,1.088,11.35,market
2026-06-26,IWM,2026-07-31,35,283.0,299.83,5.61,put,0.2631,2.93,3.44,3.185,17,91,-0.2093,76.65,1.125,11.74,market
2026-06-26,IWM,2026-07-31,35,284.0,299.83,5.28,put,0.2612,3.1,3.65,3.375,14,190,-0.2206,75.47,1.188,12.39,market
2026-06-26,IWM,2026-07-31,35,285.0,299.83,4.95,put,0.2588,3.31,3.85,3.58,40791,1713,-0.2318,74.3,1.256,13.1,market
2026-06-26,IWM,2026-07-31,35,286.0,299.83,4.61,put,0.256,3.53,4.05,3.79,34,108,-0.2433,73.12,1.325,13.82,market
2026-06-26,IWM,2026-07-31,35,287.0,299.83,4.28,put,0.2541,3.75,4.29,4.02,12,54,-0.2559,71.82,1.401,14.61,market
2026-06-26,IWM,2026-07-31,35,287.5,299.83,4.11,put,0.2561,3.85,4.51,4.18,1,17,-0.2645,70.89,1.454,15.16,market
2026-06-26,IWM,2026-07-31,35,288.0,299.83,3.95,put,0.2553,3.98,4.64,4.31,32,78,-0.2711,70.21,1.497,15.61,market
2026-06-26,IWM,2026-07-31,35,289.0,299.83,3.61,put,0.2516,4.23,4.85,4.54,1,189,-0.2834,68.96,1.571,16.38,market
2026-06-26,IWM,2026-07-31,35,290.0,299.83,3.28,put,0.2488,4.5,5.1,4.8,194,3248,-0.2969,67.59,1.655,17.26,market
2026-06-26,IWM,2026-07-31,35,291.0,299.83,2.94,put,0.2495,4.69,5.48,5.085,3,145,-0.3129,65.92,1.747,18.22,market
2026-06-26,IWM,2026-07-31,35,292.0,299.83,2.61,put,0.2445,5.07,5.68,5.375,1,28,-0.3261,64.62,1.841,19.2,market
2026-06-26,IWM,2026-07-31,35,292.5,299.83,2.44,put,0.2555,4.83,6.26,5.545,10,18,-0.3398,63.08,1.896,19.77,market
2026-06-26,IWM,2026-07-31,35,293.0,299.83,2.28,put,0.2446,5.38,6.07,5.725,1,341,-0.3426,62.92,1.954,20.38,market
2026-06-26,IWM,2026-07-31,35,294.0,299.83,1.94,put,0.2427,5.7,6.41,6.055,77,129,-0.3585,61.31,2.06,21.48,market
2026-06-26,IWM,2026-07-31,35,295.0,299.83,1.61,put,0.2408,6.07,6.76,6.415,84,3642,-0.3747,59.67,2.175,22.68,market
2026-06-26,IWM,2026-07-31,35,296.0,299.83,1.28,put,0.2389,6.44,7.13,6.785,65,121,-0.3914,57.99,2.292,23.9,market
2026-06-26,IWM,2026-07-31,35,297.0,299.83,0.94,put,0.2374,6.78,7.53,7.155,39,168,-0.4087,56.25,2.409,25.12,market
2026-06-26,IWM,2026-07-31,35,297.5,299.83,0.78,put,0.2387,6.96,7.81,7.385,5,18,-0.4179,55.31,2.482,25.89,market
2026-06-26,IWM,2026-07-31,35,298.0,299.83,0.61,put,0.2357,7.21,7.94,7.575,45,52,-0.4262,54.5,2.542,26.51,market
2026-06-26,IWM,2026-07-31,35,300.0,299.83,0.0,put,0.232,8.15,8.8,8.475,120,179,-0.4622,50.91,2.825,29.46,market
2026-06-26,IWM,2026-07-31,35,302.0,299.83,0.0,put,0.2459,9.0,10.39,9.695,19,15,-0.4975,47.22,3.21,33.48,market
2026-06-26,IWM,2026-07-31,35,304.0,299.83,0.0,put,0.2564,8.63,11.92,10.275,5,5,-0.5295,43.91,3.38,35.25,market
2026-06-26,IWM,2026-07-31,35,305.0,299.83,0.0,put,0.2555,9.25,12.48,10.865,3,79,-0.5461,42.27,3.562,37.15,market
2026-06-26,IWM,2026-07-31,35,306.0,299.83,0.0,put,0.2675,9.84,13.53,11.685,2,2,-0.5583,40.93,3.819,39.82,market
2026-06-26,IWM,2026-07-31,35,308.0,299.83,0.0,put,0.2669,10.89,14.76,12.825,0,5,-0.5894,37.88,4.164,43.42,market
2026-06-26,IWM,2026-07-31,35,320.0,299.83,0.0,put,0.2848,20.84,23.94,22.39,3,11,-0.7388,23.33,6.997,72.97,market
2026-06-26,IWM,2026-07-31,35,325.0,299.83,0.0,put,0.3063,25.35,28.54,26.945,1,1,-0.7739,19.86,8.291,86.46,market
2026-06-26,EEM,2026-07-17,21,30.0,67.19,55.35,put,1.5938,0.0,0.25,0.104,0,10,-0.0105,97.29,0.348,6.04,bs_fallback
2026-06-26,EEM,2026-07-17,21,35.0,67.19,47.91,put,1.3164,0.0,0.25,0.105,3,6,-0.0128,97.24,0.3,5.22,bs_fallback
2026-06-26,EEM,2026-07-17,21,40.0,67.19,40.47,put,1.0723,0.0,0.25,0.104,3,502,-0.0155,97.12,0.261,4.53,bs_fallback
2026-06-26,EEM,2026-07-17,21,45.0,67.19,33.03,put,0.9512,0.0,0.45,0.192,893,4551,-0.0298,95.11,0.427,7.42,bs_fallback
2026-06-26,EEM,2026-07-17,21,46.0,67.19,31.54,put,1.3359,0.0,2.22,1.007,2567,7276,-0.0883,84.88,2.189,38.05,bs_fallback
2026-06-26,EEM,2026-07-17,21,47.0,67.19,30.05,put,1.2813,0.0,2.24,1.016,9,13,-0.0924,84.58,2.161,37.57,bs_fallback
2026-06-26,EEM,2026-07-17,21,48.0,67.19,28.56,put,1.2275,0.0,2.26,1.025,6,915,-0.0969,84.25,2.136,37.13,bs_fallback
2026-06-26,EEM,2026-07-17,21,49.0,67.19,27.07,put,0.877,0.0,0.78,0.34,80,592,-0.0526,92.06,0.694,12.07,bs_fallback
2026-06-26,EEM,2026-07-17,21,50.0,67.19,25.58,put,0.7656,0.05,0.49,0.27,20,5601,-0.043,93.74,0.54,9.39,market
2026-06-26,EEM,2026-07-17,21,51.0,67.19,24.1,put,1.0796,0.0,2.38,1.084,1,112,-0.1141,82.8,2.125,36.93,bs_fallback
2026-06-26,EEM,2026-07-17,21,52.0,67.19,22.61,put,1.0278,0.0,2.4,1.093,1,24680,-0.1201,82.33,2.103,36.55,bs_fallback
2026-06-26,EEM,2026-07-17,21,53.0,67.19,21.12,put,0.9766,0.0,2.42,1.104,1,7367,-0.1267,81.8,2.082,36.19,bs_fallback
2026-06-26,EEM,2026-07-17,21,54.0,67.19,19.63,put,0.6563,0.0,0.78,0.341,5,2357,-0.0687,90.79,0.632,10.99,bs_fallback
2026-06-26,EEM,2026-07-17,21,55.0,67.19,18.14,put,0.5293,0.11,0.31,0.21,20,7873,-0.0482,93.77,0.382,6.64,market
2026-06-26,EEM,2026-07-17,21,55.5,67.19,17.4,put,0.6035,0.04,0.8,0.42,2,143,-0.0789,89.76,0.757,13.15,market
2026-06-26,EEM,2026-07-17,21,56.0,67.19,16.65,put,0.5244,0.09,0.47,0.28,2,13525,-0.0625,92.05,0.5,8.69,market
2026-06-26,EEM,2026-07-17,21,56.5,67.19,15.91,put,0.5088,0.16,0.42,0.29,2,109,-0.0662,91.66,0.513,8.92,market
2026-06-26,EEM,2026-07-17,21,57.0,67.19,15.17,put,0.5068,0.24,0.43,0.335,10,14835,-0.0753,90.59,0.588,10.22,market
2026-06-26,EEM,2026-07-17,21,57.5,67.19,14.42,put,0.5479,0.22,0.51,0.365,1,190,-0.1016,87.31,0.635,11.03,market
2026-06-26,EEM,2026-07-17,21,58.0,67.19,13.68,put,0.5195,0.28,0.49,0.385,5,14915,-0.1028,87.31,0.664,11.54,market
2026-06-26,EEM,2026-07-17,21,58.5,67.19,12.93,put,0.5142,0.1,0.99,0.545,6,16569,-0.1135,86.1,0.932,16.19,market
2026-06-26,EEM,2026-07-17,21,59.0,67.19,12.19,put,0.4932,0.35,0.55,0.45,8,1454,-0.1185,85.63,0.763,13.26,market
2026-06-26,EEM,2026-07-17,21,59.5,67.19,11.45,put,0.5107,0.4,0.7,0.55,4,453,-0.1408,83.01,0.924,16.07,market
2026-06-26,EEM,2026-07-17,21,60.0,67.19,10.7,put,0.5049,0.31,0.77,0.54,402,28494,-0.1541,81.53,0.9,15.64,market
2026-06-26,EEM,2026-07-17,21,60.5,67.19,9.96,put,0.5244,0.4,0.96,0.68,4,342,-0.1789,78.63,1.124,19.54,market
2026-06-26,EEM,2026-07-17,21,61.0,67.19,9.21,put,0.4585,0.62,0.78,0.7,12,32762,-0.1685,80.23,1.148,19.95,market
2026-06-26,EEM,2026-07-17,21,61.5,67.19,8.47,put,0.4517,0.68,0.86,0.77,1,323,-0.1847,78.5,1.252,21.76,market
2026-06-26,EEM,2026-07-17,21,62.0,67.19,7.72,put,0.4458,0.76,0.95,0.855,51,13983,-0.2027,76.58,1.379,23.97,market
2026-06-26,EEM,2026-07-17,21,62.5,67.19,6.98,put,0.4377,0.7,1.04,0.87,13,386,-0.2209,74.67,1.392,24.19,market
2026-06-26,EEM,2026-07-17,21,63.0,67.19,6.24,put,0.4321,0.79,1.15,0.97,558,19537,-0.2417,72.48,1.54,26.76,market
2026-06-26,EEM,2026-07-17,21,63.5,67.19,5.49,put,0.4229,1.03,1.25,1.14,21,11804,-0.2624,70.35,1.795,31.2,market
2026-06-26,EEM,2026-07-17,21,64.0,67.19,4.75,put,0.417,1.15,1.38,1.265,263,2676,-0.286,67.91,1.977,34.35,market
2026-06-26,EEM,2026-07-17,21,64.5,67.19,4.0,put,0.4131,1.08,1.53,1.305,133,730,-0.3117,65.24,2.023,35.17,market
2026-06-26,EEM,2026-07-17,21,65.0,67.19,3.26,put,0.4019,1.31,1.65,1.48,1993,52003,-0.3366,62.76,2.277,39.58,market
2026-06-26,EEM,2026-07-17,21,65.5,67.19,2.52,put,0.3984,1.53,1.83,1.68,347,893,-0.3653,59.83,2.565,44.58,market
2026-06-26,EEM,2026-07-17,21,66.0,67.19,1.77,put,0.3992,1.64,2.05,1.845,328,2334,-0.3957,56.7,2.795,48.59,market
2026-06-26,EEM,2026-07-17,21,66.5,67.19,1.03,put,0.3943,1.94,2.25,2.095,224,1186,-0.4259,53.68,3.15,54.76,market
2026-06-26,EEM,2026-07-17,21,67.0,67.19,0.28,put,0.3872,2.13,2.45,2.29,77,62020,-0.457,50.6,3.418,59.41,market
2026-06-26,EEM,2026-07-17,21,67.5,67.19,0.0,put,0.3826,2.28,2.68,2.48,245,2249,-0.4892,47.42,3.674,63.86,market
2026-06-26,EEM,2026-07-17,21,68.0,67.19,0.0,put,0.377,2.47,2.92,2.695,2,17769,-0.5221,44.2,3.963,68.88,market
2026-06-26,EEM,2026-07-17,21,68.5,67.19,0.0,put,0.375,2.73,3.2,2.965,15,396,-0.5548,41.0,4.328,75.23,market
2026-06-26,EEM,2026-07-17,21,69.0,67.19,0.0,put,0.3738,3.0,3.5,3.25,10,6372,-0.5869,37.86,4.71,81.87,market
2026-06-26,EEM,2026-07-17,21,69.5,67.19,0.0,put,0.394,3.3,3.95,3.625,8,1332,-0.6102,35.4,5.216,90.66,market
2026-06-26,EEM,2026-07-17,21,70.0,67.19,0.0,put,0.3721,3.6,4.15,3.875,45,1969,-0.6488,31.87,5.536,96.22,market
2026-06-26,EEM,2026-07-17,21,70.5,67.19,0.0,put,0.5273,3.9,5.45,4.675,7,771,-0.6157,33.7,6.631,115.26,market
2026-06-26,EEM,2026-07-17,21,71.0,67.19,0.0,put,0.3779,4.3,4.9,4.6,2,274,-0.7024,26.7,6.479,112.61,market
2026-06-26,EEM,2026-07-17,21,71.5,67.19,0.0,put,0.436,4.6,5.6,5.1,4,265,-0.6966,26.79,7.133,123.98,market
2026-06-26,EEM,2026-07-17,21,72.0,67.19,0.0,put,0.3945,4.95,5.75,5.35,15,209,-0.7431,22.74,7.431,129.15,market
2026-06-26,EEM,2026-07-17,21,72.5,67.19,0.0,put,0.4058,5.35,6.2,5.775,131,131,-0.7591,21.17,7.966,138.45,market
2026-06-26,EEM,2026-07-17,21,75.0,67.19,0.0,put,0.3945,7.45,8.25,7.85,4,4,-0.8609,11.92,10.467,181.92,market
2026-06-26,EEM,2026-07-17,21,76.0,67.19,0.0,put,0.4404,8.35,9.3,8.825,1,1,-0.8613,11.67,11.612,201.82,market
2026-06-26,EEM,2026-07-17,21,78.0,67.19,0.0,put,0.6509,10.1,11.9,11.0,0,100,-0.8048,15.5,14.103,245.12,market
2026-06-26,EEM,2026-07-17,21,80.0,67.19,0.0,put,0.6699,10.5,13.7,12.1,1,2,-0.8384,12.54,15.125,262.89,market
2026-06-26,EEM,2026-07-17,21,81.0,67.19,0.0,put,1.0132,11.55,16.2,13.875,0,0,-0.7375,18.97,17.13,297.73,market
2026-06-26,EEM,2026-07-24,28,55.0,67.19,18.14,put,0.5234,0.03,0.69,0.36,1,4,-0.0695,90.9,0.655,8.53,market
2026-06-26,EEM,2026-07-24,28,57.0,67.19,15.17,put,0.5698,0.05,0.79,0.42,1,87,-0.126,83.83,0.737,9.61,market
2026-06-26,EEM,2026-07-24,28,58.0,67.19,13.68,put,0.4893,0.37,0.63,0.5,2,42,-0.1187,85.22,0.862,11.24,market
2026-06-26,EEM,2026-07-24,28,59.0,67.19,12.19,put,0.4771,0.44,0.75,0.595,6,15,-0.1403,82.81,1.008,13.15,market
2026-06-26,EEM,2026-07-24,28,60.0,67.19,10.7,put,0.4746,0.56,0.94,0.75,2,537,-0.1696,79.52,1.25,16.29,market
2026-06-26,EEM,2026-07-24,28,61.0,67.19,9.21,put,0.4932,0.54,1.28,0.91,1,16,-0.2107,74.77,1.492,19.45,market
2026-06-26,EEM,2026-07-24,28,62.0,67.19,7.72,put,0.4541,0.91,1.33,1.12,3,11,-0.2319,72.8,1.806,23.55,market
2026-06-26,EEM,2026-07-24,28,63.0,67.19,6.24,put,0.4312,1.05,1.49,1.27,323,24,-0.264,69.55,2.016,26.28,market
2026-06-26,EEM,2026-07-24,28,63.5,67.19,5.49,put,0.4783,1.19,1.97,1.58,10,311,-0.301,65.14,2.488,32.44,market
2026-06-26,EEM,2026-07-24,28,64.0,67.19,4.75,put,0.4292,1.33,1.82,1.575,2,14,-0.3082,64.88,2.461,32.08,market
2026-06-26,EEM,2026-07-24,28,64.5,67.19,4.0,put,0.3945,1.35,1.77,1.56,45,8,-0.3214,63.85,2.419,31.53,market
2026-06-26,EEM,2026-07-24,28,65.0,67.19,3.26,put,0.4065,1.59,2.05,1.82,3,17,-0.3502,60.72,2.8,36.5,market
2026-06-26,EEM,2026-07-24,28,65.5,67.19,2.52,put,0.4107,1.62,2.29,1.955,4,11,-0.3765,57.96,2.985,38.91,market
2026-06-26,EEM,2026-07-24,28,66.0,67.19,1.77,put,0.4087,1.86,2.5,2.18,1,6,-0.4019,55.38,3.303,43.06,market
2026-06-26,EEM,2026-07-24,28,66.5,67.19,1.03,put,0.3984,1.94,2.66,2.3,2,4,-0.4272,52.91,3.459,45.09,market
2026-06-26,EEM,2026-07-24,28,67.0,67.19,0.28,put,0.3919,2.25,2.86,2.555,12,204,-0.4539,50.29,3.813,49.71,market
2026-06-26,EEM,2026-07-24,28,67.5,67.19,0.0,put,0.3955,2.39,3.15,2.77,11,171,-0.481,47.54,4.104,53.49,market
2026-06-26,EEM,2026-07-24,28,68.0,67.19,0.0,put,0.3721,2.67,3.25,2.96,105,1230,-0.511,44.81,4.353,56.74,market
2026-06-26,EEM,2026-07-24,28,69.0,67.19,0.0,put,0.3865,3.05,3.95,3.5,112,105,-0.5632,39.51,5.072,66.12,market
2026-06-26,EEM,2026-07-24,28,69.5,67.19,0.0,put,0.5061,3.5,5.15,4.325,7,7,-0.5571,38.83,6.223,81.12,market
2026-06-26,EEM,2026-07-24,28,70.0,67.19,0.0,put,0.3667,3.6,4.45,4.025,1,308,-0.6236,33.86,5.75,74.96,market
2026-06-26,EEM,2026-07-24,28,70.5,67.19,0.0,put,0.5007,4.0,5.75,4.875,444,345,-0.5986,34.89,6.915,90.14,market
2026-06-26,EEM,2026-07-24,28,71.0,67.19,0.0,put,0.3892,4.0,5.3,4.65,1,116,-0.6636,29.81,6.549,85.37,market
2026-06-26,EEM,2026-07-24,28,71.5,67.19,0.0,put,0.5039,4.65,6.45,5.55,4144,4143,-0.6362,31.29,7.762,101.19,market
2026-06-26,EEM,2026-07-24,28,72.0,67.19,0.0,put,0.5252,4.2,6.95,5.575,40,41,-0.6466,30.09,7.743,100.94,market
2026-06-26,EEM,2026-07-24,28,72.5,67.19,0.0,put,0.5315,4.6,7.35,5.975,0,1,-0.6617,28.63,8.241,107.43,market
2026-06-26,EEM,2026-07-24,28,73.0,67.19,0.0,put,0.5071,5.8,7.55,6.675,2,2,-0.689,26.32,9.144,119.2,market
2026-06-26,EEM,2026-07-31,35,55.0,67.19,18.14,put,0.541,0.0,1.21,0.542,5,9,-0.0956,87.28,0.985,10.27,bs_fallback
2026-06-26,EEM,2026-07-31,35,58.0,67.19,13.68,put,0.4963,0.45,0.9,0.675,2,81,-0.1434,81.89,1.164,12.14,market
2026-06-26,EEM,2026-07-31,35,59.0,67.19,12.19,put,0.4893,0.45,1.07,0.76,1,2,-0.1672,79.21,1.288,13.43,market
2026-06-26,EEM,2026-07-31,35,59.5,67.19,11.45,put,0.4475,0.68,0.95,0.815,1,4,-0.1633,80.02,1.37,14.28,market
2026-06-26,EEM,2026-07-31,35,60.5,67.19,9.96,put,0.4751,0.78,1.35,1.065,3,1,-0.2064,74.92,1.76,18.36,market
2026-06-26,EEM,2026-07-31,35,61.0,67.19,9.21,put,0.4443,0.71,1.29,1.0,7,33,-0.2101,74.81,1.639,17.1,market
2026-06-26,EEM,2026-07-31,35,61.5,67.19,8.47,put,0.4522,0.95,1.48,1.215,1,3,-0.2308,72.45,1.976,20.6,market
2026-06-26,EEM,2026-07-31,35,62.0,67.19,7.72,put,0.468,1.09,1.74,1.415,5,214,-0.2546,69.68,2.282,23.8,market
2026-06-26,EEM,2026-07-31,35,62.5,67.19,6.98,put,0.5156,1.16,2.25,1.705,66,208,-0.2867,65.67,2.728,28.45,market
2026-06-26,EEM,2026-07-31,35,63.0,67.19,6.24,put,0.4534,1.06,1.97,1.515,1,6,-0.2867,66.37,2.405,25.08,market
2026-06-26,EEM,2026-07-31,35,63.5,67.19,5.49,put,0.4334,1.36,2.0,1.68,16,9,-0.3002,65.16,2.646,27.59,market
2026-06-26,EEM,2026-07-31,35,64.0,67.19,4.75,put,0.4246,1.53,2.12,1.825,200,2035,-0.3184,63.33,2.852,29.74,market
2026-06-26,EEM,2026-07-31,35,64.5,67.19,4.0,put,0.3853,1.56,2.01,1.785,7,2,-0.3291,62.67,2.767,28.86,market
2026-06-26,EEM,2026-07-31,35,65.0,67.19,3.26,put,0.4026,1.6,2.35,1.975,2,41,-0.357,59.56,3.038,31.69,market
2026-06-26,EEM,2026-07-31,35,65.5,67.19,2.52,put,0.4116,2.0,2.64,2.32,100,11,-0.3816,56.9,3.542,36.94,market
2026-06-26,EEM,2026-07-31,35,66.0,67.19,1.77,put,0.3923,2.19,2.71,2.45,303,9,-0.4023,55.01,3.712,38.71,market
2026-06-26,EEM,2026-07-31,35,66.5,67.19,1.03,put,0.4104,2.35,3.1,2.725,19,9,-0.4276,52.21,4.098,42.73,market
2026-06-26,EEM,2026-07-31,35,67.0,67.19,0.28,put,0.3684,2.57,3.0,2.785,266,16,-0.4507,50.39,4.157,43.35,market
2026-06-26,EEM,2026-07-31,35,67.5,67.19,0.0,put,0.3372,2.82,3.0,2.91,297,4,-0.4785,47.99,4.311,44.96,market
2026-06-26,EEM,2026-07-31,35,68.0,67.19,0.0,put,0.3696,3.0,3.55,3.275,381,146,-0.5022,45.22,4.816,50.23,market
2026-06-26,EEM,2026-07-31,35,68.5,67.19,0.0,put,0.3352,1.5,3.55,2.525,248,134,-0.535,42.4,3.686,38.44,market
2026-06-26,EEM,2026-07-31,35,69.0,67.19,0.0,put,0.3892,3.35,4.3,3.825,58,51,-0.548,40.48,5.543,57.81,market
2026-06-26,EEM,2026-07-31,35,69.5,67.19,0.0,put,0.3757,3.65,4.5,4.075,4,4,-0.5758,37.92,5.863,61.15,market
2026-06-26,EEM,2026-07-31,35,70.0,67.19,0.0,put,0.4829,3.6,5.7,4.65,4,253,-0.5664,37.57,6.643,69.28,market
2026-06-26,EEM,2026-07-31,35,70.5,67.19,0.0,put,0.4678,4.3,5.9,5.1,2,103,-0.5896,35.52,7.234,75.44,market
2026-06-26,EEM,2026-07-31,35,71.5,67.19,0.0,put,0.4712,4.95,6.6,5.775,2,109,-0.6256,32.05,8.077,84.23,market
2026-06-26,EEM,2026-07-31,35,72.0,67.19,0.0,put,0.4585,5.25,6.85,6.05,101,101,-0.6489,30.01,8.403,87.63,market
2026-06-26,EEM,2026-07-31,35,78.0,67.19,0.0,put,0.4644,10.05,11.65,10.85,323,317,-0.8244,14.1,13.91,145.06,market
2026-06-26,EEM,2026-07-31,35,79.0,67.19,0.0,put,0.5608,10.6,13.05,11.825,107,107,-0.7933,16.07,14.968,156.1,market
2026-06-26,EEM,2026-07-31,35,80.0,67.19,0.0,put,0.5332,11.55,13.75,12.65,101,101,-0.8277,13.34,15.813,164.9,market
2026-06-26,XLF,2026-07-17,21,30.0,53.57,44.0,put,1.9678,0.0,2.13,0.969,1,247,-0.0707,84.1,3.229,56.12,bs_fallback
2026-06-26,XLF,2026-07-17,21,35.0,53.57,34.66,put,0.7422,0.0,0.05,0.02,4,1665,-0.0063,98.98,0.058,1.01,bs_fallback
2026-06-26,XLF,2026-07-17,21,37.0,53.57,30.93,put,0.832,0.0,0.25,0.106,4,66,-0.0245,96.15,0.286,4.98,bs_fallback
2026-06-26,XLF,2026-07-17,21,38.0,53.57,29.06,put,0.5938,0.0,0.04,0.016,67,58,-0.0062,99.09,0.042,0.72,bs_fallback
2026-06-26,XLF,2026-07-17,21,39.0,53.57,27.2,put,1.2422,0.0,2.13,0.973,1,1,-0.1105,82.28,2.495,43.37,bs_fallback
2026-06-26,XLF,2026-07-17,21,40.0,53.57,25.33,put,0.9248,0.0,0.98,0.436,1,8406,-0.0748,88.86,1.09,18.95,bs_fallback
2026-06-26,XLF,2026-07-17,21,41.0,53.57,23.46,put,0.5117,0.0,0.07,0.028,0,1,-0.0118,98.39,0.068,1.18,bs_fallback
2026-06-26,XLF,2026-07-17,21,42.0,53.57,21.6,put,0.4805,0.0,0.04,0.032,5,15,-0.0141,98.12,0.076,1.32,bs_fallback
2026-06-26,XLF,2026-07-17,21,43.0,53.57,19.73,put,0.5332,0.0,0.12,0.101,3,42,-0.0355,95.32,0.235,4.09,bs_fallback
2026-06-26,XLF,2026-07-17,21,44.0,53.57,17.86,put,0.6143,0.0,0.66,0.288,5,46,-0.0765,90.0,0.655,11.39,bs_fallback
2026-06-26,XLF,2026-07-17,21,45.0,53.57,16.0,put,0.3867,0.02,0.06,0.04,10,46400,-0.0252,96.88,0.089,1.54,market
2026-06-26,XLF,2026-07-17,21,46.0,53.57,14.13,put,0.3555,0.0,0.07,0.057,6,9920,-0.0312,96.23,0.124,2.16,bs_fallback
2026-06-26,XLF,2026-07-17,21,47.0,53.57,12.26,put,0.293,0.03,0.05,0.04,21,13442,-0.0263,96.91,0.085,1.48,market
2026-06-26,XLF,2026-07-17,21,48.0,53.57,10.4,put,0.2539,0.04,0.05,0.045,5,22099,-0.03,96.56,0.094,1.63,market
2026-06-26,XLF,2026-07-17,21,49.0,53.57,8.53,put,0.3213,0.04,0.26,0.15,10025,16486,-0.1088,87.61,0.306,5.32,market
2026-06-26,XLF,2026-07-17,21,50.0,53.57,6.66,put,0.209,0.08,0.11,0.095,725,55212,-0.0724,92.04,0.19,3.3,market
2026-06-26,XLF,2026-07-17,21,51.0,53.57,4.8,put,0.2485,0.11,0.38,0.245,5071,25625,-0.1833,80.04,0.48,8.35,market
2026-06-26,XLF,2026-07-17,21,52.0,53.57,2.93,put,0.2041,0.17,0.45,0.31,243,45777,-0.2448,73.95,0.596,10.36,market
2026-06-26,XLF,2026-07-17,21,53.0,53.57,1.06,put,0.3198,0.31,1.4,0.855,2654,4592,-0.4148,55.51,1.613,28.04,market
2026-06-26,XLF,2026-07-17,21,54.0,53.57,0.0,put,0.5186,0.74,2.95,1.845,3041,23611,-0.4916,45.88,3.417,59.38,market
2026-06-26,XLF,2026-07-17,21,55.0,53.57,0.0,put,0.5225,1.27,3.55,2.41,13,2905,-0.5496,40.13,4.382,76.16,market
2026-06-26,XLF,2026-07-17,21,56.0,53.57,0.0,put,0.4458,2.09,3.8,2.945,10,416,-0.631,32.95,5.259,91.41,market
2026-06-26,XLF,2026-07-17,21,57.0,53.57,0.0,put,0.6314,2.85,5.4,4.125,2250,11250,-0.6237,32.04,7.237,125.78,market
2026-06-26,XLF,2026-07-17,21,58.0,53.57,0.0,put,0.6929,2.65,6.4,4.525,2,2,-0.6472,29.33,7.802,135.6,market
2026-06-26,XLF,2026-07-17,21,59.0,53.57,0.0,put,0.751,3.65,7.4,5.525,16,2,-0.6664,27.09,9.364,162.76,market
2026-06-26,XLF,2026-07-17,21,60.0,53.57,0.0,put,0.8057,4.7,8.4,6.55,58,5,-0.6826,25.2,10.917,189.74,market
2026-06-26,XLF,2026-07-24,28,45.0,53.57,16.0,put,0.4443,0.0,0.23,0.199,10,10,-0.0656,91.71,0.441,5.75,bs_fallback
2026-06-26,XLF,2026-07-24,28,46.0,53.57,14.13,put,0.4053,0.02,0.24,0.13,1,51,-0.0739,90.91,0.283,3.68,market
2026-06-26,XLF,2026-07-24,28,46.5,53.57,13.2,put,0.3877,0.0,0.25,0.217,1,10,-0.0796,90.32,0.466,6.08,bs_fallback
2026-06-26,XLF,2026-07-24,28,47.0,53.57,12.26,put,0.6104,0.04,2.18,1.11,9,111,-0.1891,76.18,2.362,30.79,market
2026-06-26,XLF,2026-07-24,28,47.5,53.57,11.33,put,0.5806,0.04,2.18,1.11,1,3,-0.1971,75.53,2.337,30.46,market
2026-06-26,XLF,2026-07-24,28,48.0,53.57,10.4,put,0.3281,0.06,0.27,0.165,3,120,-0.0975,88.59,0.344,4.48,market
2026-06-26,XLF,2026-07-24,28,48.5,53.57,9.46,put,0.3086,0.06,0.28,0.17,2,3,-0.1055,87.81,0.351,4.57,market
2026-06-26,XLF,2026-07-24,28,49.0,53.57,8.53,put,0.2217,0.07,0.11,0.09,2,6,-0.0611,93.11,0.184,2.39,market
2026-06-26,XLF,2026-07-24,28,49.5,53.57,7.6,put,0.2749,0.08,0.32,0.2,1,51,-0.13,85.32,0.404,5.27,market
2026-06-26,XLF,2026-07-24,28,50.0,53.57,6.66,put,0.6538,0.01,2.28,1.145,1,159,-0.3112,62.23,2.29,29.85,market
2026-06-26,XLF,2026-07-24,28,50.5,53.57,5.73,put,0.625,0.09,2.32,1.205,2,39,-0.3265,60.89,2.386,31.11,market
2026-06-26,XLF,2026-07-24,28,51.0,53.57,4.8,put,0.5972,0.19,2.37,1.28,540,109,-0.3434,59.4,2.51,32.72,market
2026-06-26,XLF,2026-07-24,28,51.5,53.57,3.86,put,0.5703,0.05,2.43,1.24,26,127,-0.3621,57.72,2.408,31.39,market
2026-06-26,XLF,2026-07-24,28,52.0,53.57,2.93,put,0.5474,0.22,2.52,1.37,15,269,-0.3831,55.79,2.635,34.34,market
2026-06-26,XLF,2026-07-24,28,52.5,53.57,2.0,put,0.5264,0.0,2.63,2.482,1,63,-0.4061,53.66,4.728,61.63,bs_fallback
2026-06-26,XLF,2026-07-24,28,53.0,53.57,1.06,put,0.5107,0.38,2.78,1.58,1,126,-0.4311,51.28,2.981,38.86,market
2026-06-26,XLF,2026-07-24,28,53.5,53.57,0.13,put,0.4846,0.55,2.88,1.715,7,24,-0.458,48.85,3.206,41.79,market
2026-06-26,XLF,2026-07-24,28,54.0,53.57,0.0,put,0.46,0.76,3.0,1.88,2,42,-0.4876,46.16,3.481,45.38,market
2026-06-26,XLF,2026-07-24,28,54.5,53.57,0.0,put,0.4463,1.0,3.2,2.1,12,114,-0.5185,43.25,3.853,50.23,market
2026-06-26,XLF,2026-07-24,28,55.0,53.57,0.0,put,0.4636,0.31,3.6,1.955,1,4,-0.5442,40.54,3.555,46.34,market
2026-06-26,XLF,2026-07-24,28,55.5,53.57,0.0,put,0.4451,1.64,3.8,2.72,1,26,-0.5771,37.54,4.901,63.89,market
2026-06-26,XLF,2026-07-24,28,56.0,53.57,0.0,put,0.1865,2.32,2.75,2.535,1,1,-0.776,20.89,4.527,59.01,market
2026-06-26,XLF,2026-07-24,28,56.5,53.57,0.0,put,0.4871,2.19,4.7,3.445,93,93,-0.6175,33.22,6.097,79.48,market
2026-06-26,XLF,2026-07-31,35,47.0,53.57,12.26,put,0.5835,0.0,2.56,1.182,0,10,-0.2002,74.55,2.515,26.23,bs_fallback
2026-06-26,XLF,2026-07-31,35,48.0,53.57,10.4,put,0.5303,0.0,2.58,1.189,10,11,-0.2177,73.1,2.477,25.83,bs_fallback
2026-06-26,XLF,2026-07-31,35,49.0,53.57,8.53,put,0.3135,0.0,0.5,0.439,5,9,-0.1547,82.11,0.896,9.34,bs_fallback
2026-06-26,XLF,2026-07-31,35,49.5,53.57,7.6,put,0.6746,0.0,2.61,2.462,1,0,-0.3065,61.67,4.973,51.87,bs_fallback
2026-06-26,XLF,2026-07-31,35,50.5,53.57,5.73,put,0.6162,0.0,2.66,2.508,1,2,-0.3337,59.44,4.966,51.79,bs_fallback
2026-06-26,XLF,2026-07-31,35,51.5,53.57,3.86,put,0.2305,0.2,0.7,0.45,1,827,-0.2562,72.03,0.874,9.11,market
2026-06-26,XLF,2026-07-31,35,52.0,53.57,2.93,put,0.2114,0.09,0.75,0.42,1,45,-0.2876,68.96,0.808,8.42,market
2026-06-26,XLF,2026-07-31,35,52.5,53.57,2.0,put,0.4998,0.08,2.81,1.445,5,37,-0.4057,53.35,2.752,28.7,market
2026-06-26,XLF,2026-07-31,35,53.0,53.57,1.06,put,0.4734,0.41,2.88,1.645,2,23,-0.429,51.29,3.104,32.37,market
2026-06-26,XLF,2026-07-31,35,53.5,53.57,0.13,put,0.4468,0.57,2.96,1.765,1,3,-0.4549,49.0,3.299,34.4,market
2026-06-26,XLF,2026-07-31,35,54.0,53.57,0.0,put,0.4277,0.77,3.1,1.935,2,8,-0.4832,46.4,3.583,37.37,market
2026-06-26,XLF,2026-07-31,35,54.5,53.57,0.0,put,0.4006,0.08,3.2,1.64,6,15,-0.5152,43.56,3.009,31.38,market
2026-06-26,XLF,2026-07-31,35,55.0,53.57,0.0,put,0.386,1.37,3.4,2.385,1,171,-0.548,40.51,4.336,45.22,market
2026-06-26,XLE,2026-07-17,21,25.0,53.84,53.57,put,1.5781,0.0,0.25,0.106,2,51,-0.0131,96.75,0.423,7.36,bs_fallback
2026-06-26,XLE,2026-07-17,21,30.0,53.84,44.28,put,1.2383,0.0,0.25,0.106,1,8,-0.0167,96.64,0.354,6.15,bs_fallback
2026-06-26,XLE,2026-07-17,21,35.0,53.84,34.99,put,0.8398,0.0,0.12,0.049,4,10,-0.0121,97.99,0.139,2.42,bs_fallback
2026-06-26,XLE,2026-07-17,21,36.0,53.84,33.14,put,0.5,0.0,0.0,0.0,12,0,-0.0003,99.95,0.001,0.02,bs_fallback
2026-06-26,XLE,2026-07-17,21,37.0,53.84,31.28,put,0.8398,0.0,0.25,0.105,2,13,-0.024,96.21,0.284,4.94,bs_fallback
2026-06-26,XLE,2026-07-17,21,38.0,53.84,29.42,put,0.8398,0.0,0.35,0.149,2,3311,-0.0325,94.98,0.392,6.81,bs_fallback
2026-06-26,XLE,2026-07-17,21,39.0,53.84,27.56,put,0.7383,0.0,0.25,0.105,2,85,-0.0271,95.98,0.269,4.68,bs_fallback
2026-06-26,XLE,2026-07-17,21,40.0,53.84,25.71,put,0.6895,0.0,0.25,0.105,61,109,-0.0289,95.83,0.263,4.58,bs_fallback
2026-06-26,XLE,2026-07-17,21,41.0,53.84,23.85,put,0.7725,0.0,0.6,0.262,1,2529,-0.0572,91.82,0.64,11.12,bs_fallback
2026-06-26,XLE,2026-07-17,21,42.0,53.84,21.99,put,0.7891,0.0,0.87,0.385,2,38,-0.0775,89.12,0.916,15.92,bs_fallback
2026-06-26,XLE,2026-07-17,21,43.0,53.84,20.13,put,0.7568,0.0,0.98,0.436,5,116,-0.0893,87.77,1.014,17.63,bs_fallback
2026-06-26,XLE,2026-07-17,21,44.0,53.84,18.28,put,0.5273,0.0,0.16,0.137,1,105,-0.0463,94.0,0.311,5.4,bs_fallback
2026-06-26,XLE,2026-07-17,21,45.0,53.84,16.42,put,0.5723,0.0,0.33,0.289,10,691,-0.0813,89.6,0.642,11.17,bs_fallback
2026-06-26,XLE,2026-07-17,21,46.0,53.84,14.56,put,0.5186,0.0,0.66,0.288,93,247,-0.0884,88.99,0.626,10.88,bs_fallback
2026-06-26,XLE,2026-07-17,21,47.0,53.84,12.7,put,0.3535,0.0,0.11,0.091,1,40499,-0.0466,94.45,0.193,3.36,bs_fallback
2026-06-26,XLE,2026-07-17,21,48.0,53.84,10.85,put,0.3096,0.0,0.11,0.091,5,525,-0.0524,93.92,0.189,3.29,bs_fallback
2026-06-26,XLE,2026-07-17,21,49.0,53.84,8.99,put,0.2998,0.05,0.18,0.115,23,3854,-0.0829,90.56,0.235,4.08,market
2026-06-26,XLE,2026-07-17,21,50.0,53.84,7.13,put,0.2593,0.14,0.2,0.17,488,15291,-0.1026,88.59,0.34,5.91,market
2026-06-26,XLE,2026-07-17,21,51.0,53.84,5.27,put,0.2744,0.22,0.42,0.32,3551,7205,-0.1841,79.79,0.627,10.91,market
2026-06-26,XLE,2026-07-17,21,52.0,53.84,3.42,put,0.23,0.37,0.49,0.43,6525,12524,-0.2388,74.37,0.827,14.37,market
2026-06-26,XLE,2026-07-17,21,53.0,53.84,1.56,put,0.2617,0.59,0.99,0.79,108,6442,-0.3716,60.45,1.491,25.91,market
2026-06-26,XLE,2026-07-17,21,54.0,53.84,0.0,put,0.2896,1.04,1.61,1.325,101,10331,-0.4867,48.56,2.454,42.65,market
2026-06-26,XLE,2026-07-17,21,55.0,53.84,0.0,put,0.3882,1.49,2.7,2.095,126,41605,-0.5602,40.34,3.809,66.21,market
2026-06-26,XLE,2026-07-17,21,56.0,53.84,0.0,put,0.3135,2.17,2.98,2.575,89,10912,-0.6727,30.07,4.598,79.92,market
2026-06-26,XLE,2026-07-17,21,57.0,53.84,0.0,put,0.3428,3.05,3.85,3.45,44,40074,-0.7316,24.2,6.053,105.2,market
2026-06-26,XLE,2026-07-17,21,58.0,53.84,0.0,put,0.4883,4.0,5.25,4.625,6,2974,-0.7096,25.16,7.974,138.6,market
2026-06-26,XLE,2026-07-17,21,59.0,53.84,0.0,put,0.6841,4.9,6.9,5.9,8,2482,-0.6766,26.69,10.0,173.81,market
2026-06-26,XLE,2026-07-17,21,60.0,53.84,0.0,put,0.3867,5.65,6.5,6.075,25,1432,-0.8622,11.84,10.125,175.98,market
2026-06-26,XLE,2026-07-17,21,61.0,53.84,0.0,put,0.8335,5.15,9.1,7.125,53,199,-0.695,23.88,11.68,203.02,market
2026-06-26,XLE,2026-07-17,21,62.0,53.84,0.0,put,0.9702,5.6,10.5,8.05,374,202,-0.6836,23.87,12.984,225.67,market
2026-06-26,XLE,2026-07-17,21,63.0,53.84,0.0,put,0.9321,7.15,11.1,9.125,15,0,-0.7184,21.14,14.484,251.75,market
2026-06-26,XLE,2026-07-17,21,64.0,53.84,0.0,put,0.9785,8.15,12.1,10.125,40,0,-0.728,20.0,15.82,274.97,market
2026-06-26,XLE,2026-07-17,21,65.0,53.84,0.0,put,1.023,9.25,13.1,11.175,162,1,-0.7367,18.98,17.192,298.82,market
2026-06-26,XLE,2026-07-17,21,66.0,53.84,0.0,put,1.0664,10.05,14.1,12.075,70,0,-0.7444,18.07,18.295,317.99,market
2026-06-26,XLE,2026-07-17,21,70.0,53.84,0.0,put,1.2261,14.1,18.1,16.1,4,1,-0.769,15.16,23.0,399.76,market
2026-06-26,XLE,2026-07-17,21,75.0,53.84,0.0,put,1.4033,19.05,23.1,21.075,1,0,-0.7904,12.62,28.1,488.4,market
2026-06-26,XLE,2026-07-17,21,80.0,53.84,0.0,put,1.5605,24.05,28.1,26.075,0,0,-0.806,10.8,32.594,566.51,market
2026-06-26,XLE,2026-07-17,21,85.0,53.84,0.0,put,1.7021,29.05,33.1,31.075,0,0,-0.8179,9.42,36.559,635.43,market
2026-06-26,XLE,2026-07-17,21,90.0,53.84,0.0,put,1.8315,34.05,38.1,36.075,1,0,-0.8272,8.34,40.083,696.69,market
2026-06-26,XLE,2026-07-24,28,45.0,53.84,16.42,put,0.5869,0.0,1.15,0.518,4,7,-0.1135,85.21,1.152,15.02,bs_fallback
2026-06-26,XLE,2026-07-24,28,48.0,53.84,10.85,put,0.5361,0.0,0.99,0.906,1,84,-0.1913,76.57,1.887,24.6,bs_fallback
2026-06-26,XLE,2026-07-24,28,49.0,53.84,8.99,put,0.4761,0.0,0.98,0.896,62,79,-0.2091,75.1,1.828,23.83,bs_fallback
2026-06-26,XLE,2026-07-24,28,50.0,53.84,7.13,put,0.2842,0.0,0.4,0.347,5,265,-0.1519,82.88,0.693,9.04,bs_fallback
2026-06-26,XLE,2026-07-24,28,51.0,53.84,5.27,put,0.2412,0.04,0.43,0.235,1,98,-0.1835,79.82,0.461,6.01,market
2026-06-26,XLE,2026-07-24,28,52.0,53.84,3.42,put,0.2605,0.56,0.8,0.68,8,108,-0.2839,69.11,1.308,17.05,market
2026-06-26,XLE,2026-07-24,28,53.0,53.84,1.56,put,0.2639,0.5,1.2,0.85,7,214,-0.3805,59.14,1.604,20.91,market
2026-06-26,XLE,2026-07-24,28,53.5,53.84,0.63,put,0.3174,0.74,1.75,1.245,14,6,-0.4366,52.86,2.327,30.34,market
2026-06-26,XLE,2026-07-24,28,54.0,53.84,0.0,put,0.3035,1.01,1.92,1.465,11,134,-0.4791,48.74,2.713,35.37,market
2026-06-26,XLE,2026-07-24,28,54.5,53.84,0.0,put,0.5107,1.15,3.45,2.3,1,65,-0.4953,44.84,4.22,55.01,market
2026-06-26,XLE,2026-07-24,28,55.0,53.84,0.0,put,0.3967,1.49,3.05,2.27,11,210,-0.5415,41.53,4.127,53.8,market
2026-06-26,XLE,2026-07-24,28,55.5,53.84,0.0,put,0.488,1.59,3.9,2.745,10,0,-0.5512,39.59,4.946,64.47,market
2026-06-26,XLE,2026-07-24,28,56.0,53.84,0.0,put,0.4348,1.73,3.9,2.815,8,22,-0.5927,36.13,5.027,65.53,market
2026-06-26,XLE,2026-07-24,28,56.5,53.84,0.0,put,0.438,2.1,4.25,3.175,8,9,-0.6199,33.48,5.619,73.25,market
2026-06-26,XLE,2026-07-24,28,57.0,53.84,0.0,put,0.4482,2.43,4.65,3.54,1,27,-0.643,31.19,6.211,80.96,market
2026-06-26,XLE,2026-07-24,28,57.5,53.84,0.0,put,0.4473,2.85,5.0,3.925,1,3,-0.6693,28.71,6.826,88.98,market
2026-06-26,XLE,2026-07-24,28,58.0,53.84,0.0,put,0.5989,2.9,6.2,4.55,8,23,-0.6341,30.55,7.845,102.26,market
2026-06-26,XLE,2026-07-24,28,58.5,53.84,0.0,put,0.6338,3.45,6.75,5.1,1,2,-0.6418,29.5,8.718,113.64,market
2026-06-26,XLE,2026-07-24,28,59.0,53.84,0.0,put,0.5303,4.05,6.55,5.3,5,40,-0.6997,25.13,8.983,117.1,market
2026-06-26,XLE,2026-07-24,28,59.5,53.84,0.0,put,0.6655,4.35,7.65,6.0,0,1,-0.6661,26.97,10.084,131.45,market
2026-06-26,XLE,2026-07-24,28,60.0,53.84,0.0,put,0.5659,5.15,7.5,6.325,1,28,-0.7218,22.81,10.542,137.42,market
2026-06-26,XLE,2026-07-24,28,60.5,53.84,0.0,put,0.7126,5.25,8.65,6.95,0,2,-0.6818,25.14,11.488,149.75,market
2026-06-26,XLE,2026-07-24,28,62.0,53.84,0.0,put,0.7698,6.15,10.1,8.125,0,0,-0.7045,22.65,13.105,170.83,market
2026-06-26,XLE,2026-07-24,28,64.5,53.84,0.0,put,0.8718,8.65,12.6,10.625,0,0,-0.7296,19.68,16.473,214.74,market
2026-06-26,XLE,2026-07-24,28,65.0,53.84,0.0,put,0.8911,9.15,13.1,11.125,2,0,-0.7338,19.19,17.115,223.11,market
2026-06-26,XLE,2026-07-24,28,66.0,53.84,0.0,put,0.9287,10.15,14.1,12.125,1,0,-0.7416,18.26,18.371,239.48,market
2026-06-26,XLE,2026-07-24,28,70.0,53.84,0.0,put,1.0679,14.15,18.1,16.125,0,0,-0.7663,15.33,23.036,300.29,market
2026-06-26,XLE,2026-07-24,28,75.0,53.84,0.0,put,1.2222,19.05,23.1,21.075,0,0,-0.7878,12.77,28.1,366.3,market
2026-06-26,XLE,2026-07-31,35,40.0,53.84,25.71,put,0.5352,0.0,0.12,0.103,1,2,-0.0284,95.9,0.258,2.69,bs_fallback
2026-06-26,XLE,2026-07-31,35,48.0,53.84,10.85,put,0.3535,0.0,0.44,0.386,15,17,-0.1256,85.03,0.805,8.39,bs_fallback
2026-06-26,XLE,2026-07-31,35,49.0,53.84,8.99,put,0.6768,0.0,2.35,2.211,1,7,-0.2819,64.34,4.512,47.05,bs_fallback
2026-06-26,XLE,2026-07-31,35,50.0,53.84,7.13,put,0.2891,0.19,0.55,0.37,30,299,-0.1775,79.83,0.74,7.72,market
2026-06-26,XLE,2026-07-31,35,51.0,53.84,5.27,put,0.3872,0.0,1.37,1.254,5,82,-0.2905,66.71,2.459,25.65,bs_fallback
2026-06-26,XLE,2026-07-31,35,52.0,53.84,3.42,put,0.2422,0.58,0.85,0.715,21,101,-0.286,68.8,1.375,14.34,market
2026-06-26,XLE,2026-07-31,35,53.0,53.84,1.56,put,0.2979,1.01,1.6,1.305,2,111,-0.3941,57.0,2.462,25.68,market
2026-06-26,XLE,2026-07-31,35,53.5,53.84,0.63,put,0.2998,0.84,1.85,1.345,507,20,-0.434,52.93,2.514,26.22,market
2026-06-26,XLE,2026-07-31,35,54.0,53.84,0.0,put,0.2798,1.08,1.97,1.525,7,51,-0.4743,49.11,2.824,29.45,market
2026-06-26,XLE,2026-07-31,35,54.5,53.84,0.0,put,0.3562,1.23,2.76,1.995,2,234,-0.5047,45.14,3.661,38.17,market
2026-06-26,XLE,2026-07-31,35,55.0,53.84,0.0,put,0.4976,0.81,4.0,2.405,16,45,-0.512,42.69,4.373,45.6,market
2026-06-26,XLE,2026-07-31,35,55.5,53.84,0.0,put,0.4753,1.14,4.15,2.645,2,4,-0.5399,40.23,4.766,49.7,market
2026-06-26,XLE,2026-07-31,35,56.0,53.84,0.0,put,0.375,2.1,3.8,2.95,1,4,-0.5946,36.11,5.268,54.94,market
2026-06-26,XLE,2026-07-31,35,56.5,53.84,0.0,put,0.3931,2.34,4.25,3.295,0,1,-0.6164,33.81,5.832,60.82,market
2026-06-26,XLE,2026-07-31,35,57.5,53.84,0.0,put,0.5523,2.4,5.95,4.175,1,3,-0.6068,32.92,7.261,75.72,market
2026-06-26,XLE,2026-07-31,35,58.0,53.84,0.0,put,0.4573,3.65,5.7,4.675,1,5,-0.6631,28.69,8.06,84.06,market
2026-06-26,XLE,2026-07-31,35,59.0,53.84,0.0,put,0.5916,3.85,7.25,5.55,2,6,-0.6487,28.6,9.407,98.1,market
2026-06-26,XLE,2026-07-31,35,60.0,53.84,0.0,put,0.627,5.55,8.2,6.875,45,45,-0.6687,26.42,11.458,119.49,market
2026-06-26,XLE,2026-07-31,35,62.5,53.84,0.0,put,0.7188,6.65,10.65,8.65,0,0,-0.7045,22.37,13.84,144.33,market
2026-06-26,XLE,2026-07-31,35,65.0,53.84,0.0,put,0.7998,9.05,13.1,11.075,0,0,-0.7315,19.35,17.038,177.69,market
2026-06-26,XLK,2026-07-17,21,80.0,181.11,55.83,put,1.4082,0.0,0.25,0.1,5,7,-0.0047,98.8,0.126,2.18,bs_fallback
2026-06-26,XLK,2026-07-17,21,85.0,181.11,53.07,put,1.3125,0.0,0.25,0.101,0,5,-0.0051,98.79,0.119,2.07,bs_fallback
2026-06-26,XLK,2026-07-17,21,90.0,181.11,50.31,put,1.2188,0.0,0.25,0.1,1,30,-0.0054,98.8,0.111,1.93,bs_fallback
2026-06-26,XLK,2026-07-17,21,95.0,181.11,47.55,put,1.1328,0.0,0.25,0.1,1,109,-0.0059,98.78,0.106,1.84,bs_fallback
2026-06-26,XLK,2026-07-17,21,100.0,181.11,44.78,put,1.0547,0.01,0.25,0.13,1,46,-0.0065,98.72,0.13,2.26,market
2026-06-26,XLK,2026-07-17,21,105.0,181.11,42.02,put,0.9707,0.0,0.25,0.1,4,79,-0.0068,98.74,0.095,1.65,bs_fallback
2026-06-26,XLK,2026-07-17,21,110.0,181.11,39.26,put,0.8965,0.0,0.25,0.1,3,1955,-0.0073,98.69,0.091,1.59,bs_fallback
2026-06-26,XLK,2026-07-17,21,115.0,181.11,36.5,put,1.1885,0.0,2.15,0.94,32,223,-0.0404,92.8,0.818,14.21,bs_fallback
2026-06-26,XLK,2026-07-17,21,120.0,181.11,33.74,put,0.9385,0.0,1.0,0.424,1,525,-0.0254,95.81,0.353,6.14,bs_fallback
2026-06-26,XLK,2026-07-17,21,125.0,181.11,30.98,put,0.7959,0.0,0.65,0.272,29,1347,-0.02,96.87,0.217,3.78,bs_fallback
2026-06-26,XLK,2026-07-17,21,130.0,181.11,28.22,put,0.9519,0.05,2.46,1.255,120,4712,-0.0572,91.16,0.965,16.78,market
2026-06-26,XLK,2026-07-17,21,131.0,181.11,27.67,put,0.9341,0.0,2.51,1.104,1,335,-0.0581,91.09,0.843,14.65,bs_fallback
2026-06-26,XLK,2026-07-17,21,132.0,181.11,27.12,put,1.0908,0.0,4.8,2.163,1,34,-0.0884,86.19,1.639,28.48,bs_fallback
2026-06-26,XLK,2026-07-17,21,133.0,181.11,26.56,put,0.6484,0.0,0.49,0.202,1,96,-0.0187,97.29,0.152,2.64,bs_fallback
2026-06-26,XLK,2026-07-17,21,134.0,181.11,26.01,put,0.8774,0.0,2.46,1.082,1,12,-0.0605,90.99,0.807,14.03,bs_fallback
2026-06-26,XLK,2026-07-17,21,135.0,181.11,25.46,put,0.6123,0.1,0.35,0.225,1,1683,-0.0181,97.42,0.167,2.9,market
2026-06-26,XLK,2026-07-17,21,136.0,181.11,24.91,put,0.7383,0.0,1.38,0.594,1,72,-0.0425,93.89,0.436,7.59,bs_fallback
2026-06-26,XLK,2026-07-17,21,137.0,181.11,24.36,put,0.802,0.0,2.18,0.955,80,120,-0.0591,91.46,0.697,12.11,bs_fallback
2026-06-26,XLK,2026-07-17,21,138.0,181.11,23.8,put,0.7974,0.0,2.32,1.018,2,15,-0.0628,91.0,0.738,12.82,bs_fallback
2026-06-26,XLK,2026-07-17,21,139.0,181.11,23.25,put,0.7825,0.0,2.34,1.028,3,160,-0.0644,90.85,0.739,12.85,bs_fallback
2026-06-26,XLK,2026-07-17,21,140.0,181.11,22.7,put,0.5449,0.0,0.44,0.18,1,2594,-0.0198,97.3,0.129,2.24,bs_fallback
2026-06-26,XLK,2026-07-17,21,141.0,181.11,22.15,put,0.7524,0.0,2.38,1.046,4,70,-0.0677,90.54,0.742,12.89,bs_fallback
2026-06-26,XLK,2026-07-17,21,142.0,181.11,21.59,put,0.7383,0.0,2.41,1.06,2,203,-0.0696,90.35,0.746,12.97,bs_fallback
2026-06-26,XLK,2026-07-17,21,143.0,181.11,21.04,put,0.7241,0.0,2.44,1.074,2,741,-0.0716,90.15,0.751,13.05,bs_fallback
2026-06-26,XLK,2026-07-17,21,144.0,181.11,20.49,put,0.5127,0.0,0.55,0.226,1,95,-0.0256,96.61,0.157,2.73,bs_fallback
2026-06-26,XLK,2026-07-17,21,145.0,181.11,19.94,put,0.5801,0.23,0.94,0.585,1,657,-0.0457,93.93,0.403,7.01,market
2026-06-26,XLK,2026-07-17,21,146.0,181.11,19.39,put,0.5249,0.0,0.82,0.343,2,225,-0.0361,95.27,0.235,4.08,bs_fallback
2026-06-26,XLK,2026-07-17,21,147.0,181.11,18.83,put,0.8044,0.0,4.8,2.166,1,115,-0.1165,84.13,1.474,25.61,bs_fallback
2026-06-26,XLK,2026-07-17,21,148.0,181.11,18.28,put,0.5767,0.0,1.6,0.692,1,685,-0.0606,92.09,0.467,8.12,bs_fallback
2026-06-26,XLK,2026-07-17,21,149.0,181.11,17.73,put,0.5747,0.0,1.76,0.763,1,54,-0.0661,91.43,0.512,8.9,bs_fallback
2026-06-26,XLK,2026-07-17,21,150.0,181.11,17.18,put,0.5378,0.13,0.75,0.44,1,556,-0.0608,92.2,0.293,5.1,market
2026-06-26,XLK,2026-07-17,21,151.0,181.11,16.63,put,0.5837,0.0,2.3,1.009,48,249,-0.0824,89.42,0.668,11.61,bs_fallback
2026-06-26,XLK,2026-07-17,21,152.0,181.11,16.07,put,0.6003,0.01,2.79,1.4,3,102,-0.0953,87.8,0.921,16.01,market
2026-06-26,XLK,2026-07-17,21,153.0,181.11,15.52,put,0.5142,0.05,1.72,0.885,1,15,-0.0732,90.81,0.578,10.05,market
2026-06-26,XLK,2026-07-17,21,154.0,181.11,14.97,put,0.5325,0.29,1.96,1.125,1,100,-0.0876,89.03,0.731,12.7,market
2026-06-26,XLK,2026-07-17,21,155.0,181.11,14.42,put,0.5159,0.31,1.12,0.715,2,1196,-0.0896,88.87,0.461,8.02,market
2026-06-26,XLK,2026-07-17,21,156.0,181.11,13.86,put,0.5649,0.4,2.95,1.675,2,14,-0.117,85.43,1.074,18.66,market
2026-06-26,XLK,2026-07-17,21,157.0,181.11,13.31,put,0.525,0.0,2.93,1.296,1,256,-0.1112,86.31,0.826,14.35,bs_fallback
2026-06-26,XLK,2026-07-17,21,158.0,181.11,12.76,put,0.6094,0.0,2.48,2.242,2,957,-0.1523,81.07,1.419,24.66,bs_fallback
2026-06-26,XLK,2026-07-17,21,159.0,181.11,12.21,put,0.5179,0.48,2.95,1.715,197,563,-0.1285,84.35,1.079,18.75,market
2026-06-26,XLK,2026-07-17,21,160.0,181.11,11.66,put,0.4404,0.52,1.15,0.835,2269,4119,-0.1051,87.44,0.522,9.07,market
2026-06-26,XLK,2026-07-17,21,161.0,181.11,11.1,put,0.4569,0.57,1.45,1.01,2,613,-0.124,85.21,0.627,10.9,market
2026-06-26,XLK,2026-07-17,21,162.0,181.11,10.55,put,0.4572,0.55,1.62,1.085,1,270,-0.1361,83.85,0.67,11.64,market
2026-06-26,XLK,2026-07-17,21,163.0,181.11,10.0,put,0.4912,0.43,2.18,1.305,1,526,-0.1642,80.5,0.801,13.92,market
2026-06-26,XLK,2026-07-17,21,164.0,181.11,9.45,put,0.5861,0.6,3.6,2.1,1,1187,-0.2128,74.41,1.28,22.26,market
2026-06-26,XLK,2026-07-17,21,165.0,181.11,8.9,put,0.4176,1.45,1.75,1.6,13,1460,-0.1565,81.82,0.97,16.85,market
2026-06-26,XLK,2026-07-17,21,166.0,181.11,8.34,put,0.5814,0.69,4.1,2.395,6,159,-0.2373,71.75,1.443,25.08,market
2026-06-26,XLK,2026-07-17,21,167.0,181.11,7.79,put,0.4402,0.49,2.46,1.475,14,190,-0.1982,77.12,0.883,15.35,market
2026-06-26,XLK,2026-07-17,21,168.0,181.11,7.24,put,0.522,1.28,3.85,2.565,3,638,-0.2464,71.24,1.527,26.54,market
2026-06-26,XLK,2026-07-17,21,169.0,181.11,6.69,put,0.494,0.9,3.75,2.325,1,423,-0.2522,70.85,1.376,23.91,market
2026-06-26,XLK,2026-07-17,21,170.0,181.11,6.13,put,0.3856,2.05,2.5,2.275,50,2335,-0.2231,74.83,1.338,23.26,market
2026-06-26,XLK,2026-07-17,21,171.0,181.11,5.58,put,0.4846,1.13,4.25,2.69,5,898,-0.282,67.75,1.573,27.34,market
2026-06-26,XLK,2026-07-17,21,172.0,181.11,5.03,put,0.4432,1.66,3.95,2.805,1,1996,-0.2858,67.7,1.631,28.35,market
2026-06-26,XLK,2026-07-17,21,173.0,181.11,4.48,put,0.4497,1.62,4.4,3.01,1,550,-0.3067,65.45,1.74,30.24,market
2026-06-26,XLK,2026-07-17,21,174.0,181.11,3.93,put,0.4515,1.9,4.8,3.35,11,554,-0.3262,63.39,1.925,33.46,market
2026-06-26,XLK,2026-07-17,21,175.0,181.11,3.37,put,0.4402,2.17,5.0,3.585,109,3443,-0.3427,61.77,2.049,35.61,market
2026-06-26,XLK,2026-07-17,21,176.0,181.11,2.82,put,0.416,2.47,5.0,3.735,1,307,-0.3574,60.48,2.122,36.89,market
2026-06-26,XLK,2026-07-17,21,177.0,181.11,2.27,put,0.4733,2.3,6.4,4.35,2,269,-0.3881,56.78,2.458,42.72,market
2026-06-26,XLK,2026-07-17,21,178.0,181.11,1.72,put,0.4297,3.6,6.1,4.85,4,499,-0.4023,55.74,2.725,47.36,market
2026-06-26,XLK,2026-07-17,21,179.0,181.11,1.17,put,0.3745,3.05,5.6,4.325,2,180,-0.4179,54.68,2.416,42.0,market
2026-06-26,XLK,2026-07-17,21,180.0,181.11,0.61,put,0.4154,4.25,6.8,5.525,2168,3757,-0.4442,51.63,3.069,53.35,market
2026-06-26,XLK,2026-07-17,21,181.0,181.11,0.06,put,0.4263,4.35,7.5,5.925,89,79,-0.4661,49.32,3.273,56.9,market
2026-06-26,XLK,2026-07-17,21,182.0,181.11,0.0,put,0.4133,4.95,7.8,6.375,23,249,-0.4884,47.21,3.503,60.88,market
2026-06-26,XLK,2026-07-17,21,183.0,181.11,0.0,put,0.4218,5.3,8.5,6.9,26,344,-0.5094,45.04,3.77,65.53,market
2026-06-26,XLK,2026-07-17,21,184.0,181.11,0.0,put,0.4093,5.8,8.85,7.325,29,382,-0.533,42.82,3.981,69.19,market
2026-06-26,XLK,2026-07-17,21,185.0,181.11,0.0,put,0.4069,6.35,9.4,7.875,44,587,-0.5555,40.63,4.257,73.99,market
2026-06-26,XLK,2026-07-17,21,186.0,181.11,0.0,put,0.4119,6.55,10.1,8.325,22,116,-0.5758,38.59,4.476,77.79,market
2026-06-26,XLK,2026-07-17,21,187.0,181.11,0.0,put,0.4274,7.2,11.0,9.1,30,365,-0.5921,36.87,4.866,84.58,market
2026-06-26,XLK,2026-07-17,21,190.0,181.11,0.0,put,0.4056,9.2,12.65,10.925,4,554,-0.6607,30.45,5.75,99.94,market
2026-06-26,XLK,2026-07-17,21,195.0,181.11,0.0,put,0.4423,12.9,16.9,14.9,4,870,-0.7312,23.5,7.641,132.81,market
2026-06-26,XLK,2026-07-17,21,200.0,181.11,0.0,put,0.4846,17.25,21.45,19.35,5,83,-0.7795,18.76,9.675,168.16,market
2026-06-26,XLK,2026-07-17,21,205.0,181.11,0.0,put,0.5068,21.95,25.9,23.925,2,16,-0.825,14.54,11.671,202.85,market
2026-06-26,XLK,2026-07-17,21,210.0,181.11,0.0,put,0.5681,26.9,30.9,28.9,10,18,-0.8406,12.86,13.762,239.2,market
2026-06-26,XLK,2026-07-24,28,125.0,181.11,30.98,put,0.8477,0.0,1.86,0.824,0,2,-0.0434,93.03,0.659,8.59,bs_fallback
2026-06-26,XLK,2026-07-24,28,130.0,181.11,28.22,put,0.8323,0.07,2.48,1.275,1,1,-0.0582,90.98,0.981,12.79,market
2026-06-26,XLK,2026-07-24,28,140.0,181.11,22.7,put,0.5479,0.02,0.95,0.485,12,14,-0.0361,95.01,0.346,4.52,market
2026-06-26,XLK,2026-07-24,28,145.0,181.11,19.94,put,0.5107,0.25,0.98,0.615,1,11,-0.0475,93.68,0.424,5.53,market
2026-06-26,XLK,2026-07-24,28,150.0,181.11,17.18,put,0.5574,0.26,1.45,0.855,1,18,-0.0929,87.87,0.57,7.43,market
2026-06-26,XLK,2026-07-24,28,155.0,181.11,14.42,put,0.6331,0.0,3.15,2.886,1,18,-0.1593,79.45,1.862,24.27,bs_fallback
2026-06-26,XLK,2026-07-24,28,160.0,181.11,11.66,put,0.5735,0.68,3.5,2.09,2,31,-0.1884,76.58,1.306,17.03,market
2026-06-26,XLK,2026-07-24,28,164.0,181.11,9.45,put,0.5429,0.53,4.1,2.315,1,3,-0.2234,72.92,1.412,18.4,market
2026-06-26,XLK,2026-07-24,28,165.0,181.11,8.9,put,0.4634,1.54,3.15,2.345,5,35,-0.2061,75.54,1.421,18.53,market
2026-06-26,XLK,2026-07-24,28,167.0,181.11,7.79,put,0.3988,0.96,2.69,1.825,1,6,-0.2049,76.23,1.093,14.25,market
2026-06-26,XLK,2026-07-24,28,167.5,181.11,7.51,put,0.5148,0.53,4.7,2.615,1,1,-0.2591,69.27,1.561,20.35,market
2026-06-26,XLK,2026-07-24,28,168.0,181.11,7.24,put,0.4667,1.2,4.05,2.625,1,123,-0.2496,70.76,1.562,20.37,market
2026-06-26,XLK,2026-07-24,28,169.0,181.11,6.69,put,0.4978,1.21,4.9,3.055,1,5,-0.2747,67.75,1.808,23.56,market
2026-06-26,XLK,2026-07-24,28,170.0,181.11,6.13,put,0.3972,2.8,3.5,3.15,4,185,-0.2529,71.06,1.853,24.15,market
2026-06-26,XLK,2026-07-24,28,171.0,181.11,5.58,put,0.4503,1.35,4.75,3.05,1,3,-0.2899,66.6,1.784,23.25,market
2026-06-26,XLK,2026-07-24,28,172.0,181.11,5.03,put,0.4609,2.29,5.3,3.795,1,10,-0.3092,64.45,2.206,28.76,market
2026-06-26,XLK,2026-07-24,28,172.5,181.11,4.75,put,0.4426,2.18,5.15,3.665,1,76,-0.3121,64.33,2.125,27.7,market
2026-06-26,XLK,2026-07-24,28,173.0,181.11,4.48,put,0.4406,1.9,5.3,3.6,1,24,-0.3199,63.53,2.081,27.13,market
2026-06-26,XLK,2026-07-24,28,174.0,181.11,3.93,put,0.4359,2.43,5.6,4.015,1,154,-0.3358,61.91,2.307,30.08,market
2026-06-26,XLK,2026-07-24,28,175.0,181.11,3.37,put,0.4304,2.48,5.9,4.19,1,6,-0.3521,60.27,2.394,31.21,market
2026-06-26,XLK,2026-07-24,28,176.0,181.11,2.82,put,0.4294,3.2,6.3,4.75,21,54,-0.3698,58.45,2.699,35.18,market
2026-06-26,XLK,2026-07-24,28,177.0,181.11,2.27,put,0.4375,3.15,6.9,5.025,67,67,-0.3891,56.38,2.839,37.01,market
2026-06-26,XLK,2026-07-24,28,177.5,181.11,1.99,put,0.416,3.7,6.7,5.2,52,27,-0.3953,55.98,2.93,38.19,market
2026-06-26,XLK,2026-07-24,28,178.0,181.11,1.72,put,0.422,3.75,7.05,5.4,1,4,-0.4054,54.88,3.034,39.55,market
2026-06-26,XLK,2026-07-24,28,179.0,181.11,1.17,put,0.4183,4.15,7.45,5.8,2,50,-0.4238,53.04,3.24,42.24,market
2026-06-26,XLK,2026-07-24,28,180.0,181.11,0.61,put,0.4334,4.6,8.25,6.425,5,368,-0.4431,50.92,3.569,46.53,market
2026-06-26,XLK,2026-07-24,28,181.0,181.11,0.06,put,0.4107,5.1,8.3,6.7,1,48,-0.4618,49.29,3.702,48.25,market
2026-06-26,XLK,2026-07-24,28,182.0,181.11,0.0,put,0.4091,5.3,8.8,7.05,2,119,-0.4812,47.37,3.874,50.5,market
2026-06-26,XLK,2026-07-24,28,183.0,181.11,0.0,put,0.4067,6.25,9.3,7.775,1,91,-0.5007,45.44,4.249,55.38,market
2026-06-26,XLK,2026-07-24,28,185.0,181.11,0.0,put,0.4015,6.8,10.35,8.575,1,298,-0.5402,41.6,4.635,60.42,market
2026-06-26,XLK,2026-07-24,28,186.0,181.11,0.0,put,0.3937,7.35,10.8,9.075,76,124,-0.5614,39.6,4.879,63.6,market
2026-06-26,XLK,2026-07-24,28,188.0,181.11,0.0,put,0.4258,8.1,12.7,10.4,42,96,-0.589,36.58,5.532,72.11,market
2026-06-26,XLK,2026-07-24,28,191.0,181.11,0.0,put,0.3989,10.4,14.2,12.3,45,43,-0.6522,30.79,6.44,83.95,market
2026-06-26,XLK,2026-07-24,28,192.0,181.11,0.0,put,0.4229,10.75,15.35,13.05,1,3,-0.6581,30.0,6.797,88.6,market
2026-06-26,XLK,2026-07-24,28,192.5,181.11,0.0,put,0.4387,11.15,16.0,13.575,37,43,-0.659,29.77,7.052,91.93,market
2026-06-26,XLK,2026-07-24,28,193.0,181.11,0.0,put,0.4192,11.55,16.0,13.775,7,10,-0.676,28.34,7.137,93.04,market
2026-06-26,XLK,2026-07-24,28,194.0,181.11,0.0,put,0.4117,12.6,16.6,14.6,17,17,-0.6958,26.56,7.526,98.1,market
2026-06-26,XLK,2026-07-24,28,198.0,181.11,0.0,put,0.4318,15.9,20.0,17.95,1,1,-0.7434,21.97,9.066,118.18,market
2026-06-26,XLK,2026-07-24,28,200.0,181.11,0.0,put,0.4418,17.6,21.75,19.675,5,6,-0.7637,20.03,9.838,128.24,market
2026-06-26,XLK,2026-07-31,35,150.0,181.11,17.18,put,0.5051,0.29,1.5,0.895,1,10,-0.0945,87.64,0.597,6.22,market
2026-06-26,XLK,2026-07-31,35,155.0,181.11,14.42,put,0.4485,0.65,1.6,1.125,3,29,-0.1103,86.13,0.726,7.57,market
2026-06-26,XLK,2026-07-31,35,160.0,181.11,11.66,put,0.4342,0.01,2.29,1.15,2,14,-0.1528,81.33,0.719,7.5,market
2026-06-26,XLK,2026-07-31,35,164.0,181.11,9.45,put,0.4844,1.38,4.05,2.715,1,11,-0.2211,73.19,1.655,17.26,market
2026-06-26,XLK,2026-07-31,35,165.0,181.11,8.9,put,0.4822,0.75,4.3,2.525,9,90,-0.2325,71.95,1.53,15.96,market
2026-06-26,XLK,2026-07-31,35,167.0,181.11,7.79,put,0.4971,1.04,5.2,3.12,3,5,-0.2627,68.48,1.868,19.48,market
2026-06-26,XLK,2026-07-31,35,167.5,181.11,7.51,put,0.4806,1.15,5.05,3.1,0,8,-0.2638,68.54,1.851,19.3,market
2026-06-26,XLK,2026-07-31,35,168.0,181.11,7.24,put,0.4667,1.82,4.95,3.385,1,21,-0.2659,68.47,2.015,21.01,market
2026-06-26,XLK,2026-07-31,35,169.0,181.11,6.69,put,0.4519,2.03,5.0,3.515,24,17,-0.2747,67.68,2.08,21.69,market
2026-06-26,XLK,2026-07-31,35,171.0,181.11,5.58,put,0.4515,1.95,5.7,3.825,1,18,-0.3033,64.62,2.237,23.33,market
2026-06-26,XLK,2026-07-31,35,172.0,181.11,5.03,put,0.4623,2.25,6.3,4.275,4,5,-0.3208,62.64,2.485,25.92,market
2026-06-26,XLK,2026-07-31,35,172.5,181.11,4.75,put,0.4433,2.37,6.1,4.235,10,5,-0.3233,62.59,2.455,25.6,market
2026-06-26,XLK,2026-07-31,35,173.0,181.11,4.48,put,0.453,2.54,6.5,4.52,2,4,-0.3333,61.43,2.613,27.25,market
2026-06-26,XLK,2026-07-31,35,175.0,181.11,3.37,put,0.4584,3.1,7.45,5.275,2,14,-0.3645,58.11,3.014,31.43,market
2026-06-26,XLK,2026-07-31,35,176.0,181.11,2.82,put,0.429,3.5,7.25,5.375,3,4,-0.3753,57.34,3.054,31.85,market
2026-06-26,XLK,2026-07-31,35,177.0,181.11,2.27,put,0.4517,4.3,8.2,6.25,1,6,-0.3942,55.11,3.531,36.82,market
2026-06-26,XLK,2026-07-31,35,177.5,181.11,1.99,put,0.3688,4.4,6.6,5.5,16,20,-0.3915,56.4,3.099,32.31,market
2026-06-26,XLK,2026-07-31,35,178.0,181.11,1.72,put,0.4103,4.25,7.75,6.0,9,6,-0.4061,54.4,3.371,35.15,market
2026-06-26,XLK,2026-07-31,35,179.0,181.11,1.17,put,0.3777,4.65,7.5,6.075,1,13,-0.4209,53.3,3.394,35.39,market
2026-06-26,XLK,2026-07-31,35,180.0,181.11,0.61,put,0.3646,5.05,7.7,6.375,38,17,-0.4391,51.61,3.542,36.93,market
2026-06-26,XLK,2026-07-31,35,181.0,181.11,0.06,put,0.4238,5.5,9.55,7.525,33,77,-0.4575,49.02,4.157,43.36,market
2026-06-26,XLK,2026-07-31,35,182.0,181.11,0.0,put,0.4223,6.0,10.05,8.025,49,23,-0.4743,47.36,4.409,45.98,market
2026-06-26,XLK,2026-07-31,35,182.5,181.11,0.0,put,0.4147,6.2,10.15,8.175,13,30,-0.4832,46.56,4.479,46.71,market
2026-06-26,XLK,2026-07-31,35,183.0,181.11,0.0,put,0.4158,6.45,10.45,8.45,66,66,-0.4916,45.71,4.617,48.15,market
2026-06-26,XLK,2026-07-31,35,185.0,181.11,0.0,put,0.3915,7.5,11.05,9.275,161,20,-0.5299,42.22,5.014,52.28,market
2026-06-26,XLK,2026-07-31,35,186.0,181.11,0.0,put,0.407,8.0,12.0,10.0,94,25,-0.5439,40.66,5.376,56.07,market
2026-06-26,XLK,2026-07-31,35,188.0,181.11,0.0,put,0.4004,9.4,13.1,11.25,20,30,-0.5794,37.28,5.984,62.41,market
2026-06-26,XLK,2026-07-31,35,189.0,181.11,0.0,put,0.3959,9.7,13.65,11.675,2,1,-0.5977,35.57,6.177,64.42,market
2026-06-26,XLK,2026-07-31,35,190.0,181.11,0.0,put,0.3975,10.35,14.35,12.35,1,8,-0.6136,34.02,6.5,67.79,market
2026-06-26,XLK,2026-07-31,35,191.0,181.11,0.0,put,0.3772,11.05,14.6,12.825,2,4,-0.639,31.83,6.715,70.02,market
2026-06-26,XLK,2026-07-31,35,192.0,181.11,0.0,put,0.3867,11.7,15.5,13.6,2,3,-0.6509,30.59,7.083,73.87,market
2026-06-26,XLK,2026-07-31,35,195.0,181.11,0.0,put,0.4054,13.95,18.05,16.0,5,3,-0.6871,26.99,8.205,85.57,market
2026-06-26,XLK,2026-07-31,35,200.0,181.11,0.0,put,0.408,17.85,21.95,19.9,0,40,-0.7531,20.88,9.95,103.76,market
2026-06-26,GLD,2026-07-17,21,205.0,373.63,45.13,put,0.8398,0.02,0.04,0.03,150,159,-0.001,99.81,0.015,0.25,market
2026-06-26,GLD,2026-07-17,21,210.0,373.63,43.79,put,0.8086,0.0,0.06,0.022,16,192,-0.001,99.81,0.01,0.18,bs_fallback
2026-06-26,GLD,2026-07-17,21,215.0,373.63,42.46,put,0.7773,0.01,0.05,0.03,5,134,-0.0011,99.8,0.014,0.24,market
2026-06-26,GLD,2026-07-17,21,220.0,373.63,41.12,put,0.7344,0.0,0.05,0.018,1,48,-0.0009,99.83,0.008,0.14,bs_fallback
2026-06-26,GLD,2026-07-17,21,225.0,373.63,39.78,put,0.7188,0.01,0.05,0.03,4,72,-0.0012,99.8,0.013,0.23,market
2026-06-26,GLD,2026-07-17,21,230.0,373.63,38.44,put,0.6875,0.01,0.05,0.03,1,318,-0.0012,99.8,0.013,0.23,market
2026-06-26,GLD,2026-07-17,21,235.0,373.63,37.1,put,0.6602,0.01,0.05,0.03,1,128,-0.0012,99.79,0.013,0.22,market
2026-06-26,GLD,2026-07-17,21,240.0,373.63,35.77,put,0.6328,0.01,0.05,0.03,120,258,-0.0013,99.79,0.013,0.22,market
2026-06-26,GLD,2026-07-17,21,245.0,373.63,34.43,put,0.6133,0.01,0.06,0.035,120,53,-0.0015,99.76,0.014,0.25,market
2026-06-26,GLD,2026-07-17,21,250.0,373.63,33.09,put,0.5938,0.02,0.06,0.04,32,1643,-0.0018,99.72,0.016,0.28,market
2026-06-26,GLD,2026-07-17,21,255.0,373.63,31.75,put,0.5606,0.01,0.06,0.035,8,120,-0.0017,99.74,0.014,0.24,market
2026-06-26,GLD,2026-07-17,21,260.0,373.63,30.41,put,0.5645,0.05,0.07,0.06,60,126,-0.0028,99.58,0.023,0.4,market
2026-06-26,GLD,2026-07-17,21,265.0,373.63,29.07,put,0.543,0.02,0.11,0.065,2,796,-0.0032,99.53,0.025,0.43,market
2026-06-26,GLD,2026-07-17,21,270.0,373.63,27.74,put,0.5234,0.03,0.12,0.075,2,1111,-0.0038,99.46,0.028,0.48,market
2026-06-26,GLD,2026-07-17,21,275.0,373.63,26.4,put,0.5166,0.08,0.13,0.105,6,183,-0.0053,99.25,0.038,0.66,market
2026-06-26,GLD,2026-07-17,21,280.0,373.63,25.06,put,0.5068,0.09,0.14,0.115,1,1189,-0.007,99.02,0.041,0.71,market
2026-06-26,GLD,2026-07-17,21,285.0,373.63,23.72,put,0.4834,0.08,0.15,0.115,1,432,-0.0078,98.93,0.04,0.7,market
2026-06-26,GLD,2026-07-17,21,290.0,373.63,22.38,put,0.4673,0.09,0.18,0.135,11,218,-0.0096,98.71,0.047,0.81,market
2026-06-26,GLD,2026-07-17,21,295.0,373.63,21.04,put,0.4522,0.12,0.22,0.17,1,693,-0.0119,98.43,0.058,1.0,market
2026-06-26,GLD,2026-07-17,21,300.0,373.63,19.71,put,0.4268,0.15,0.23,0.19,254,1489,-0.0131,98.3,0.063,1.1,market
2026-06-26,GLD,2026-07-17,21,305.0,373.63,18.37,put,0.4258,0.17,0.35,0.26,2,1081,-0.0194,97.53,0.085,1.48,market
2026-06-26,GLD,2026-07-17,21,310.0,373.63,17.03,put,0.4023,0.22,0.38,0.3,13,1357,-0.0221,97.23,0.097,1.68,market
2026-06-26,GLD,2026-07-17,21,315.0,373.63,15.69,put,0.3872,0.32,0.47,0.395,4,477,-0.0277,96.58,0.125,2.18,market
2026-06-26,GLD,2026-07-17,21,320.0,373.63,14.35,put,0.353,0.36,0.44,0.4,17,714,-0.0283,96.57,0.125,2.17,market
2026-06-26,GLD,2026-07-17,21,325.0,373.63,13.02,put,0.3374,0.46,0.55,0.505,24,11525,-0.036,95.71,0.155,2.7,market
2026-06-26,GLD,2026-07-17,21,330.0,373.63,11.68,put,0.323,0.61,0.7,0.655,40,5987,-0.0466,94.53,0.198,3.45,market
2026-06-26,GLD,2026-07-17,21,335.0,373.63,10.34,put,0.3096,0.8,0.91,0.855,130,1513,-0.0611,92.94,0.255,4.44,market
2026-06-26,GLD,2026-07-17,21,340.0,373.63,9.0,put,0.2977,1.05,1.21,1.13,102,12827,-0.0813,90.75,0.332,5.78,market
2026-06-26,GLD,2026-07-17,21,345.0,373.63,7.66,put,0.2859,1.46,1.61,1.535,113,10781,-0.1077,87.9,0.445,7.73,market
2026-06-26,GLD,2026-07-17,21,350.0,373.63,6.32,put,0.2745,2.0,2.15,2.075,282,34343,-0.1425,84.21,0.593,10.3,market
2026-06-26,GLD,2026-07-17,21,355.0,373.63,4.99,put,0.2662,2.71,2.95,2.83,150,6240,-0.19,79.22,0.797,13.86,market
2026-06-26,GLD,2026-07-17,21,360.0,373.63,3.65,put,0.2563,3.7,3.95,3.825,299,105425,-0.2476,73.26,1.062,18.47,market
2026-06-26,GLD,2026-07-17,21,365.0,373.63,2.31,put,0.2478,4.95,5.3,5.125,205,5878,-0.3187,65.98,1.404,24.4,market
2026-06-26,GLD,2026-07-17,21,370.0,373.63,0.97,put,0.2374,6.6,6.95,6.775,238,26454,-0.4011,57.67,1.831,31.83,market
2026-06-26,GLD,2026-07-17,21,375.0,373.63,0.0,put,0.2291,8.8,9.1,8.95,888,8379,-0.4947,48.34,2.387,41.48,market
2026-06-26,GLD,2026-07-17,21,380.0,373.63,0.0,put,0.2272,11.45,11.95,11.7,167,8959,-0.591,38.8,3.079,53.52,market
2026-06-26,GLD,2026-07-17,21,385.0,373.63,0.0,put,0.2252,14.55,15.25,14.9,176,5993,-0.6825,29.85,3.87,67.27,market
2026-06-26,GLD,2026-07-17,21,390.0,373.63,0.0,put,0.2264,18.25,19.05,18.65,176,6188,-0.7609,22.25,4.782,83.12,market
2026-06-26,GLD,2026-07-17,21,395.0,373.63,0.0,put,0.2266,22.25,23.15,22.7,100,5302,-0.8272,15.93,5.747,99.89,market
2026-06-26,GLD,2026-07-17,21,400.0,373.63,0.0,put,0.2341,26.65,27.65,27.15,72,33125,-0.8718,11.68,6.787,117.97,market
2026-06-26,GLD,2026-07-17,21,405.0,373.63,0.0,put,0.2634,31.2,32.65,31.925,63,4891,-0.8847,10.35,7.883,137.01,market
2026-06-26,GLD,2026-07-17,21,410.0,373.63,0.0,put,0.3034,35.95,37.85,36.9,132,3907,-0.8851,10.14,9.0,156.43,market
2026-06-26,GLD,2026-07-17,21,415.0,373.63,0.0,put,0.3251,41.15,42.75,41.95,41,1203,-0.8981,8.87,10.108,175.69,market
2026-06-26,GLD,2026-07-17,21,420.0,373.63,0.0,put,0.3383,46.05,47.55,46.8,57,7270,-0.914,7.4,11.143,193.67,market
2026-06-26,GLD,2026-07-17,21,425.0,373.63,0.0,put,0.3597,50.95,52.5,51.725,5,233,-0.9217,6.65,12.171,211.54,market
2026-06-26,GLD,2026-07-17,21,430.0,373.63,0.0,put,0.3762,55.8,57.4,56.6,17,1044,-0.9306,5.82,13.163,228.78,market
2026-06-26,GLD,2026-07-17,21,435.0,373.63,0.0,put,0.504,59.45,64.0,61.725,913,603,-0.8797,9.77,14.19,246.63,market
2026-06-26,GLD,2026-07-17,21,440.0,373.63,0.0,put,0.4225,65.9,67.4,66.65,488,163,-0.9375,5.09,15.148,263.28,market
2026-06-26,GLD,2026-07-17,21,445.0,373.63,0.0,put,0.4536,70.8,72.5,71.65,84,28,-0.9365,5.11,16.101,279.85,market
2026-06-26,GLD,2026-07-17,21,450.0,373.63,0.0,put,0.5808,74.25,79.0,76.625,616,10,-0.8934,8.32,17.028,295.96,market
2026-06-26,GLD,2026-07-17,21,455.0,373.63,0.0,put,0.6052,79.3,84.0,81.65,1,4,-0.897,7.93,17.945,311.9,market
2026-06-26,GLD,2026-07-17,21,460.0,373.63,0.0,put,0.6166,84.6,88.8,86.7,1,0,-0.9054,7.21,18.848,327.59,market
2026-06-26,GLD,2026-07-17,21,465.0,373.63,0.0,put,0.6525,89.3,94.0,91.65,196,0,-0.9034,7.25,19.71,342.57,market
2026-06-26,GLD,2026-07-17,21,470.0,373.63,0.0,put,0.6556,94.75,98.7,96.725,1,1,-0.9134,6.43,20.58,357.7,market
2026-06-26,GLD,2026-07-17,21,475.0,373.63,0.0,put,0.5696,100.9,102.4,101.65,150,50,-0.9523,3.56,21.4,371.95,market
2026-06-26,GLD,2026-07-17,21,480.0,373.63,0.0,put,0.6995,104.75,108.7,106.725,1,0,-0.9181,5.94,22.234,386.45,market
2026-06-26,GLD,2026-07-17,21,485.0,373.63,0.0,put,0.5095,109.75,113.7,111.725,1,0,-0.9798,1.49,23.036,400.39,market
2026-06-26,GLD,2026-07-17,21,490.0,373.63,0.0,put,0.5264,114.75,118.7,116.725,5,0,-0.9804,1.43,23.821,414.04,market
2026-06-26,GLD,2026-07-17,21,495.0,373.63,0.0,put,0.5308,120.95,122.4,121.675,300,100,-0.9831,1.22,24.581,427.24,market
2026-06-26,GLD,2026-07-17,21,500.0,373.63,0.0,put,0.5586,124.75,128.7,126.725,1,0,-0.9815,1.32,25.345,440.52,market
2026-06-26,GLD,2026-07-17,21,505.0,373.63,0.0,put,0.0,0.0,0.0,129.919,2,0,-1.0,0.0,25.727,447.15,bs_fallback
2026-06-26,GLD,2026-07-17,21,510.0,373.63,0.0,put,0.0,109.8,113.65,111.725,2,0,-1.0,0.0,21.907,380.76,market
2026-06-26,GLD,2026-07-17,21,515.0,373.63,0.0,put,0.6055,139.75,143.7,141.725,2,0,-0.9829,1.18,27.519,478.31,market
2026-06-26,GLD,2026-07-17,21,520.0,373.63,0.0,put,0.5938,145.85,147.4,146.625,1435,500,-0.9871,0.88,28.197,490.09,market
2026-06-26,GLD,2026-07-17,21,525.0,373.63,0.0,put,0.6357,149.75,153.7,151.725,1,1,-0.9836,1.11,28.9,502.31,market
2026-06-26,GLD,2026-07-17,21,530.0,373.63,0.0,put,0.0,84.6,86.65,85.625,2,14,-1.0,0.0,16.156,280.8,market
2026-06-26,GLD,2026-07-17,21,535.0,373.63,0.0,put,0.0,0.0,0.0,159.833,2,0,-1.0,0.0,29.875,519.26,bs_fallback
2026-06-26,GLD,2026-07-17,21,540.0,373.63,0.0,put,0.0,140.75,144.65,142.7,10,0,-1.0,0.0,26.426,459.31,market
2026-06-26,GLD,2026-07-17,21,545.0,373.63,0.0,put,0.0,145.75,149.65,147.7,1,0,-1.0,0.0,27.101,471.04,market
2026-06-26,GLD,2026-07-17,21,550.0,373.63,0.0,put,0.0,149.85,153.8,151.825,2,0,-1.0,0.0,27.605,479.79,market
2026-06-26,GLD,2026-07-17,21,555.0,373.63,0.0,put,0.0,155.75,159.65,157.7,1,0,-1.0,0.0,28.414,493.87,market
2026-06-26,GLD,2026-07-17,21,560.0,373.63,0.0,put,0.0,0.0,0.0,184.761,1,0,-1.0,0.0,32.993,573.45,bs_fallback
2026-06-26,GLD,2026-07-17,21,565.0,373.63,0.0,put,0.0,104.9,107.7,106.3,2,3,-1.0,0.0,18.814,327.01,market
2026-06-26,GLD,2026-07-17,21,570.0,373.63,0.0,put,0.0,109.3,112.45,110.875,2,3,-1.0,0.0,19.452,338.09,market
2026-06-26,GLD,2026-07-17,21,575.0,373.63,0.0,put,0.0,127.75,131.7,129.725,1,0,-1.0,0.0,22.561,392.13,market
2026-06-26,GLD,2026-07-17,21,580.0,373.63,0.0,put,0.0,132.7,136.85,134.775,1,0,-1.0,0.0,23.237,403.88,market
2026-06-26,GLD,2026-07-17,21,585.0,373.63,0.0,put,0.0,185.75,189.65,187.7,1,0,-1.0,0.0,32.085,557.68,market
2026-06-26,GLD,2026-07-17,21,590.0,373.63,0.0,put,0.0,0.0,0.0,214.675,1,0,-1.0,0.0,36.386,632.42,bs_fallback
2026-06-26,GLD,2026-07-17,21,595.0,373.63,0.0,put,0.0,147.75,151.7,149.725,10,0,-1.0,0.0,25.164,437.37,market
2026-06-26,GLD,2026-07-17,21,600.0,373.63,0.0,put,0.0,0.0,0.0,224.646,2,0,-1.0,0.0,37.441,650.76,bs_fallback
2026-06-26,GLD,2026-07-17,21,605.0,373.63,0.0,put,0.0,143.05,145.75,144.4,4,29,-1.0,0.0,23.868,414.84,market
2026-06-26,GLD,2026-07-17,21,610.0,373.63,0.0,put,0.0,147.95,151.1,149.525,0,7,-1.0,0.0,24.512,426.05,market
2026-06-26,GLD,2026-07-17,21,615.0,373.63,0.0,put,0.0,152.85,156.0,154.425,2,72,-1.0,0.0,25.11,436.43,market
2026-06-26,GLD,2026-07-17,21,620.0,373.63,0.0,put,0.0,157.8,160.95,159.375,0,6,-1.0,0.0,25.706,446.79,market
2026-06-26,GLD,2026-07-17,21,625.0,373.63,0.0,put,0.0,162.5,166.35,164.425,2,0,-1.0,0.0,26.308,457.26,market
2026-06-26,GLD,2026-07-17,21,630.0,373.63,0.0,put,0.0,167.45,171.35,169.4,0,0,-1.0,0.0,26.889,467.35,market
2026-06-26,GLD,2026-07-17,21,635.0,373.63,0.0,put,0.0,172.4,176.3,174.35,2,0,-1.0,0.0,27.457,477.22,market
2026-06-26,GLD,2026-07-17,21,640.0,373.63,0.0,put,0.0,177.35,181.25,179.3,4,0,-1.0,0.0,28.016,486.94,market
2026-06-26,GLD,2026-07-17,21,645.0,373.63,0.0,put,0.0,0.0,0.0,269.517,1,0,-1.0,0.0,41.786,726.27,bs_fallback
2026-06-26,GLD,2026-07-17,21,650.0,373.63,0.0,put,0.0,187.3,191.25,189.275,4,0,-1.0,0.0,29.119,506.12,market
2026-06-26,GLD,2026-07-17,21,655.0,373.63,0.0,put,0.0,192.0,196.3,194.15,4,0,-1.0,0.0,29.641,515.19,market
2026-06-26,GLD,2026-07-17,21,660.0,373.63,0.0,put,0.0,197.0,201.3,199.15,0,0,-1.0,0.0,30.174,524.46,market
2026-06-26,GLD,2026-07-17,21,665.0,373.63,0.0,put,0.0,202.3,206.25,204.275,0,0,-1.0,0.0,30.718,533.91,market
2026-06-26,GLD,2026-07-17,21,670.0,373.63,0.0,put,0.0,0.0,0.0,294.445,2,0,-1.0,0.0,43.947,763.84,bs_fallback
2026-06-26,GLD,2026-07-17,21,680.0,373.63,0.0,put,0.0,217.0,221.3,219.15,70,0,-1.0,0.0,32.228,560.15,market
2026-06-26,GLD,2026-07-17,21,685.0,373.63,0.0,put,0.0,222.3,226.25,224.275,1200,0,-1.0,0.0,32.741,569.07,market
2026-06-26,GLD,2026-07-17,21,690.0,373.63,0.0,put,0.0,227.0,231.3,229.15,0,0,-1.0,0.0,33.21,577.22,market
2026-06-26,GLD,2026-07-17,21,695.0,373.63,0.0,put,0.0,0.0,0.0,319.374,4,0,-1.0,0.0,45.953,798.71,bs_fallback
2026-06-26,GLD,2026-07-17,21,700.0,373.63,0.0,put,0.0,237.3,241.25,239.275,1440,0,-1.0,0.0,34.182,594.12,market
2026-06-26,GLD,2026-07-17,21,710.0,373.63,0.0,put,0.0,247.3,251.25,249.275,280,0,-1.0,0.0,35.109,610.23,market
2026-06-26,GLD,2026-07-17,21,720.0,373.63,0.0,put,0.0,257.3,261.25,259.275,60,0,-1.0,0.0,36.01,625.9,market
2026-06-26,GLD,2026-07-17,21,750.0,373.63,0.0,put,0.0,287.3,291.25,289.275,0,0,-1.0,0.0,38.57,670.38,market
2026-06-26,GLD,2026-07-17,21,890.0,373.63,0.0,put,0.0,0.0,0.0,513.813,1,0,-1.0,0.0,57.732,1003.43,bs_fallback
2026-06-26,GLD,2026-07-17,21,900.0,373.63,0.0,put,0.0,481.4,485.15,483.275,1,0,-1.0,0.0,53.697,933.31,market
2026-06-26,GLD,2026-07-24,28,205.0,373.63,45.13,put,0.8301,0.0,0.21,0.085,4,38,-0.003,99.4,0.041,0.54,bs_fallback
2026-06-26,GLD,2026-07-24,28,210.0,373.63,43.79,put,0.7227,0.0,0.08,0.03,1,51,-0.0014,99.74,0.014,0.19,bs_fallback
2026-06-26,GLD,2026-07-24,28,215.0,373.63,42.46,put,0.6953,0.0,0.08,0.03,1,38,-0.0014,99.74,0.014,0.18,bs_fallback
2026-06-26,GLD,2026-07-24,28,220.0,373.63,41.12,put,0.668,0.0,0.08,0.03,12,39,-0.0015,99.74,0.014,0.18,bs_fallback
2026-06-26,GLD,2026-07-24,28,225.0,373.63,39.78,put,0.6504,0.01,0.08,0.045,2,37,-0.0017,99.7,0.02,0.26,market
2026-06-26,GLD,2026-07-24,28,230.0,373.63,38.44,put,0.625,0.01,0.08,0.045,100,100,-0.0018,99.69,0.02,0.26,market
2026-06-26,GLD,2026-07-24,28,235.0,373.63,37.1,put,0.5977,0.01,0.08,0.045,51,89,-0.0018,99.69,0.019,0.25,market
2026-06-26,GLD,2026-07-24,28,240.0,373.63,35.77,put,0.5801,0.01,0.09,0.05,5,42,-0.0021,99.65,0.021,0.27,market
2026-06-26,GLD,2026-07-24,28,245.0,373.63,34.43,put,0.6191,0.01,0.26,0.135,50,50,-0.0051,99.17,0.055,0.72,market
2026-06-26,GLD,2026-07-24,28,250.0,373.63,33.09,put,0.5645,0.02,0.16,0.09,3,39,-0.0038,99.41,0.036,0.47,market
2026-06-26,GLD,2026-07-24,28,255.0,373.63,31.75,put,0.543,0.02,0.17,0.095,36,37,-0.0041,99.36,0.037,0.49,market
2026-06-26,GLD,2026-07-24,28,260.0,373.63,30.41,put,0.5322,0.05,0.19,0.12,1,76,-0.0052,99.21,0.046,0.6,market
2026-06-26,GLD,2026-07-24,28,265.0,373.63,29.07,put,0.5313,0.04,0.31,0.175,33,162,-0.0075,98.89,0.066,0.86,market
2026-06-26,GLD,2026-07-24,28,270.0,373.63,27.74,put,0.5073,0.03,0.33,0.18,1,447,-0.008,98.84,0.067,0.87,market
2026-06-26,GLD,2026-07-24,28,275.0,373.63,26.4,put,0.5317,0.06,0.36,0.21,1,96,-0.0146,97.9,0.076,1.0,market
2026-06-26,GLD,2026-07-24,28,280.0,373.63,25.06,put,0.4883,0.08,0.29,0.185,2,918,-0.0129,98.19,0.066,0.86,market
2026-06-26,GLD,2026-07-24,28,285.0,373.63,23.72,put,0.4595,0.09,0.28,0.185,1,358,-0.0132,98.19,0.065,0.85,market
2026-06-26,GLD,2026-07-24,28,290.0,373.63,22.38,put,0.4639,0.09,0.43,0.26,8,182,-0.0194,97.37,0.09,1.17,market
2026-06-26,GLD,2026-07-24,28,295.0,373.63,21.04,put,0.4336,0.17,0.41,0.29,1,36,-0.0197,97.38,0.098,1.28,market
2026-06-26,GLD,2026-07-24,28,300.0,373.63,19.71,put,0.4002,0.23,0.37,0.3,3,324,-0.0192,97.5,0.1,1.3,market
2026-06-26,GLD,2026-07-24,28,305.0,373.63,18.37,put,0.3777,0.2,0.39,0.295,1,292,-0.0212,97.29,0.097,1.26,market
2026-06-26,GLD,2026-07-24,28,310.0,373.63,17.03,put,0.3621,0.32,0.46,0.39,1,251,-0.0256,96.78,0.126,1.64,market
2026-06-26,GLD,2026-07-24,28,315.0,373.63,15.69,put,0.3435,0.38,0.52,0.45,6,164,-0.0299,96.3,0.143,1.86,market
2026-06-26,GLD,2026-07-24,28,320.0,373.63,14.35,put,0.3301,0.49,0.64,0.565,3,2458,-0.0373,95.46,0.177,2.3,market
2026-06-26,GLD,2026-07-24,28,325.0,373.63,13.02,put,0.3185,0.64,0.81,0.725,3,235,-0.0476,94.3,0.223,2.91,market
2026-06-26,GLD,2026-07-24,28,330.0,373.63,11.68,put,0.3076,0.85,1.04,0.945,1011,1168,-0.0612,92.78,0.286,3.73,market
2026-06-26,GLD,2026-07-24,28,335.0,373.63,10.34,put,0.2954,1.12,1.31,1.215,10,90,-0.0776,90.98,0.363,4.73,market
2026-06-26,GLD,2026-07-24,28,340.0,373.63,9.0,put,0.2878,1.48,1.75,1.615,6,351,-0.1019,88.32,0.475,6.19,market
2026-06-26,GLD,2026-07-24,28,345.0,373.63,7.66,put,0.2769,2.0,2.24,2.12,12,135,-0.1297,85.34,0.614,8.01,market
2026-06-26,GLD,2026-07-24,28,350.0,373.63,6.32,put,0.2675,2.64,2.91,2.775,18,252,-0.1659,81.5,0.793,10.34,market
2026-06-26,GLD,2026-07-24,28,355.0,373.63,4.99,put,0.2608,3.45,3.85,3.65,14,221,-0.2126,76.58,1.028,13.4,market
2026-06-26,GLD,2026-07-24,28,360.0,373.63,3.65,put,0.2487,4.55,4.85,4.7,71,2674,-0.2645,71.25,1.306,17.02,market
2026-06-26,GLD,2026-07-24,28,363.0,373.63,2.85,put,0.2449,5.3,5.7,5.5,2,13,-0.303,67.29,1.515,19.75,market
2026-06-26,GLD,2026-07-24,28,364.0,373.63,2.58,put,0.2448,5.6,6.05,5.825,5,9,-0.3172,65.83,1.6,20.86,market
2026-06-26,GLD,2026-07-24,28,365.0,373.63,2.31,put,0.2429,5.9,6.35,6.125,24,769,-0.3307,64.46,1.678,21.88,market
2026-06-26,GLD,2026-07-24,28,366.0,373.63,2.04,put,0.2394,6.2,6.6,6.4,1,33,-0.3438,63.15,1.749,22.79,market
2026-06-26,GLD,2026-07-24,28,367.0,373.63,1.77,put,0.2407,6.55,7.05,6.8,45,25,-0.3596,61.52,1.853,24.15,market
2026-06-26,GLD,2026-07-24,28,368.0,373.63,1.51,put,0.2365,6.85,7.3,7.075,8,17,-0.3733,60.16,1.923,25.06,market
2026-06-26,GLD,2026-07-24,28,369.0,373.63,1.24,put,0.237,7.25,7.75,7.5,101,21,-0.3893,58.53,2.033,26.5,market
2026-06-26,GLD,2026-07-24,28,370.0,373.63,0.97,put,0.2359,7.65,8.15,7.9,11,201,-0.4048,56.97,2.135,27.83,market
2026-06-26,GLD,2026-07-24,28,371.0,373.63,0.7,put,0.2368,8.0,8.65,8.325,1,11,-0.4211,55.31,2.244,29.25,market
2026-06-26,GLD,2026-07-24,28,372.0,373.63,0.44,put,0.2349,8.45,9.05,8.75,8,17,-0.437,53.73,2.352,30.66,market
2026-06-26,GLD,2026-07-24,28,373.0,373.63,0.17,put,0.235,8.9,9.55,9.225,10,6,-0.4533,52.09,2.473,32.24,market
2026-06-26,GLD,2026-07-24,28,374.0,373.63,0.0,put,0.2335,9.3,10.0,9.65,1,10,-0.4696,50.47,2.58,33.63,market
2026-06-26,GLD,2026-07-24,28,375.0,373.63,0.0,put,0.2282,9.8,10.3,10.05,12,2481,-0.4863,48.85,2.68,34.94,market
2026-06-26,GLD,2026-07-24,28,376.0,373.63,0.0,put,0.2271,10.35,10.8,10.575,1653,35,-0.5032,47.17,2.812,36.66,market
2026-06-26,GLD,2026-07-24,28,377.0,373.63,0.0,put,0.2304,10.75,11.5,11.125,36,52,-0.5194,45.52,2.951,38.47,market
2026-06-26,GLD,2026-07-24,28,378.0,373.63,0.0,put,0.2286,11.3,12.0,11.65,17,18,-0.5364,43.85,3.082,40.18,market
2026-06-26,GLD,2026-07-24,28,379.0,373.63,0.0,put,0.2239,11.85,12.4,12.125,946,22,-0.5546,42.1,3.199,41.7,market
2026-06-26,GLD,2026-07-24,28,380.0,373.63,0.0,put,0.2274,12.55,13.15,12.85,48,812,-0.5699,40.56,3.382,44.08,market
2026-06-26,GLD,2026-07-24,28,381.0,373.63,0.0,put,0.2268,13.1,13.75,13.425,7,13,-0.5865,38.92,3.524,45.93,market
2026-06-26,GLD,2026-07-24,28,382.0,373.63,0.0,put,0.2258,13.55,14.35,13.95,3,6,-0.6032,37.29,3.652,47.6,market
2026-06-26,GLD,2026-07-24,28,383.0,373.63,0.0,put,0.232,14.05,15.25,14.65,2,8,-0.6155,36.02,3.825,49.86,market
2026-06-26,GLD,2026-07-24,28,384.0,373.63,0.0,put,0.2316,14.6,15.9,15.25,24,16,-0.6312,34.49,3.971,51.77,market
2026-06-26,GLD,2026-07-24,28,385.0,373.63,0.0,put,0.2268,15.5,16.4,15.95,4,653,-0.6498,32.72,4.143,54.01,market
2026-06-26,GLD,2026-07-24,28,386.0,373.63,0.0,put,0.2228,16.0,16.95,16.475,40,70,-0.6681,30.98,4.268,55.64,market
2026-06-26,GLD,2026-07-24,28,387.0,373.63,0.0,put,0.2454,16.65,18.5,17.575,2,8,-0.6653,31.03,4.541,59.2,market
2026-06-26,GLD,2026-07-24,28,388.0,373.63,0.0,put,0.2299,17.35,18.65,18.0,11,12,-0.6917,28.63,4.639,60.47,market
2026-06-26,GLD,2026-07-24,28,389.0,373.63,0.0,put,0.2289,18.1,19.35,18.725,30,16,-0.7067,27.19,4.814,62.75,market
2026-06-26,GLD,2026-07-24,28,390.0,373.63,0.0,put,0.2289,19.1,20.1,19.6,7,305,-0.7205,25.86,5.026,65.51,market
2026-06-26,GLD,2026-07-24,28,391.0,373.63,0.0,put,0.2299,19.6,20.9,20.25,6,17,-0.7329,24.66,5.179,67.51,market
2026-06-26,GLD,2026-07-24,28,392.0,373.63,0.0,put,0.2215,20.5,21.4,20.95,3,3,-0.7546,22.65,5.344,69.67,market
2026-06-26,GLD,2026-07-24,28,393.0,373.63,0.0,put,0.2312,21.2,22.5,21.85,4,6,-0.7572,22.32,5.56,72.48,market
2026-06-26,GLD,2026-07-24,28,394.0,373.63,0.0,put,0.2281,22.0,23.2,22.6,5,24,-0.7728,20.86,5.736,74.77,market
2026-06-26,GLD,2026-07-24,28,395.0,373.63,0.0,put,0.2328,22.85,24.15,23.5,2,146,-0.7796,20.18,5.949,77.55,market
2026-06-26,GLD,2026-07-24,28,396.0,373.63,0.0,put,0.2322,23.65,24.95,24.3,15,41,-0.7917,19.04,6.136,79.99,market
2026-06-26,GLD,2026-07-24,28,397.0,373.63,0.0,put,0.233,24.55,25.8,25.175,3,24,-0.8019,18.07,6.341,82.66,market
2026-06-26,GLD,2026-07-24,28,398.0,373.63,0.0,put,0.2354,25.35,26.7,26.025,1,50,-0.8099,17.29,6.539,85.24,market
2026-06-26,GLD,2026-07-24,28,399.0,373.63,0.0,put,0.2338,26.25,27.5,26.875,1,42,-0.8219,16.17,6.736,87.8,market
2026-06-26,GLD,2026-07-24,28,400.0,373.63,0.0,put,0.2376,27.4,28.45,27.925,3,123,-0.8277,15.6,6.981,91.01,market
2026-06-26,GLD,2026-07-24,28,401.0,373.63,0.0,put,0.2373,28.0,29.3,28.65,1,71,-0.8375,14.68,7.145,93.14,market
2026-06-26,GLD,2026-07-24,28,402.0,373.63,0.0,put,0.2387,28.9,30.2,29.55,1,43,-0.8451,13.96,7.351,95.82,market
2026-06-26,GLD,2026-07-24,28,403.0,373.63,0.0,put,0.2399,29.75,31.1,30.425,1,14,-0.8527,13.25,7.55,98.41,market
2026-06-26,GLD,2026-07-24,28,404.0,373.63,0.0,put,0.2409,30.75,32.0,31.375,2,14,-0.8601,12.56,7.766,101.24,market
2026-06-26,GLD,2026-07-24,28,405.0,373.63,0.0,put,0.2438,31.65,32.95,32.3,28,92,-0.8651,12.08,7.975,103.96,market
2026-06-26,GLD,2026-07-24,28,406.0,373.63,0.0,put,0.2466,32.55,33.9,33.225,1,26,-0.87,11.61,8.183,106.68,market
2026-06-26,GLD,2026-07-24,28,407.0,373.63,0.0,put,0.2469,33.55,34.8,34.175,3,6,-0.8771,10.95,8.397,109.46,market
2026-06-26,GLD,2026-07-24,28,408.0,373.63,0.0,put,0.2494,34.45,35.75,35.1,1,2,-0.8818,10.51,8.603,112.15,market
2026-06-26,GLD,2026-07-24,28,409.0,373.63,0.0,put,0.3109,34.1,38.05,36.075,44,12,-0.8322,14.71,8.82,114.98,market
2026-06-26,GLD,2026-07-24,28,410.0,373.63,0.0,put,0.2875,35.85,38.35,37.1,14,112,-0.8596,12.34,9.049,117.96,market
2026-06-26,GLD,2026-07-24,28,411.0,373.63,0.0,put,0.3178,36.0,39.95,37.975,2,8,-0.8402,13.93,9.24,120.45,market
2026-06-26,GLD,2026-07-24,28,412.0,373.63,0.0,put,0.2909,37.7,40.2,38.95,1,17,-0.8698,11.39,9.454,123.24,market
2026-06-26,GLD,2026-07-24,28,413.0,373.63,0.0,put,0.3264,37.95,41.9,39.925,1,3,-0.8462,13.33,9.667,126.02,market
2026-06-26,GLD,2026-07-24,28,414.0,373.63,0.0,put,0.3295,38.95,42.85,40.9,12,15,-0.85,12.97,9.879,128.78,market
2026-06-26,GLD,2026-07-24,28,415.0,373.63,0.0,put,0.2986,40.6,43.05,41.825,6,50,-0.8814,10.3,10.078,131.38,market
2026-06-26,GLD,2026-07-24,28,416.0,373.63,0.0,put,0.3378,40.9,44.8,42.85,4,7,-0.8555,12.43,10.3,134.27,market
2026-06-26,GLD,2026-07-24,28,417.0,373.63,0.0,put,0.3428,41.85,45.8,43.825,1,3,-0.8574,12.23,10.51,137.0,market
2026-06-26,GLD,2026-07-24,28,418.0,373.63,0.0,put,0.3457,42.85,46.75,44.8,2,3,-0.8608,11.9,10.718,139.71,market
2026-06-26,GLD,2026-07-24,28,419.0,373.63,0.0,put,0.3507,43.85,47.75,45.8,1,6,-0.8625,11.72,10.931,142.49,market
2026-06-26,GLD,2026-07-24,28,420.0,373.63,0.0,put,0.325,45.65,48.1,46.875,17,38,-0.8873,9.64,11.161,145.49,market
2026-06-26,GLD,2026-07-24,28,421.0,373.63,0.0,put,0.3607,45.8,49.75,47.775,2,2,-0.8657,11.38,11.348,147.93,market
2026-06-26,GLD,2026-07-24,28,422.0,373.63,0.0,put,0.3633,46.8,50.7,48.75,1,2,-0.8689,11.09,11.552,150.59,market
2026-06-26,GLD,2026-07-24,28,423.0,373.63,0.0,put,0.3682,47.8,51.7,49.75,1,1,-0.8704,10.93,11.761,153.32,market
2026-06-26,GLD,2026-07-24,28,425.0,373.63,0.0,put,0.3779,49.8,53.7,51.75,1,0,-0.8733,10.63,12.176,158.73,market
2026-06-26,GLD,2026-07-24,28,426.0,373.63,0.0,put,0.3827,50.75,54.7,52.725,1,0,-0.8746,10.49,12.377,161.34,market
2026-06-26,GLD,2026-07-24,28,427.0,373.63,0.0,put,0.3875,51.75,55.7,53.725,1,1,-0.8759,10.35,12.582,164.01,market
2026-06-26,GLD,2026-07-24,28,428.0,373.63,0.0,put,0.3922,52.85,56.7,54.775,1,1,-0.8772,10.21,12.798,166.83,market
2026-06-26,GLD,2026-07-24,28,430.0,373.63,0.0,put,0.4015,54.75,58.7,56.725,1,1,-0.8797,9.94,13.192,171.97,market
2026-06-26,GLD,2026-07-24,28,433.0,373.63,0.0,put,0.4105,57.7,61.6,59.65,1,0,-0.8862,9.34,13.776,179.58,market
2026-06-26,GLD,2026-07-24,28,434.0,373.63,0.0,put,0.4343,58.25,63.0,60.625,1,0,-0.8756,10.14,13.969,182.09,market
2026-06-26,GLD,2026-07-24,28,435.0,373.63,0.0,put,0.4246,59.75,63.7,61.725,8,0,-0.8853,9.35,14.19,184.97,market
2026-06-26,GLD,2026-07-24,28,436.0,373.63,0.0,put,0.4436,60.35,65.0,62.675,1,0,-0.8777,9.91,14.375,187.39,market
2026-06-26,GLD,2026-07-24,28,437.0,373.63,0.0,put,0.4482,61.25,66.0,63.625,45,0,-0.8788,9.8,14.559,189.79,market
2026-06-26,GLD,2026-07-24,28,438.0,373.63,0.0,put,0.4381,62.85,66.7,64.775,45,0,-0.8884,9.03,14.789,192.78,market
2026-06-26,GLD,2026-07-24,28,439.0,373.63,0.0,put,0.4374,63.7,67.6,65.65,1,0,-0.8923,8.69,14.954,194.94,market
2026-06-26,GLD,2026-07-24,28,440.0,373.63,0.0,put,0.4619,64.25,69.0,66.625,1,0,-0.8818,9.47,15.142,197.39,market
2026-06-26,GLD,2026-07-24,28,442.0,373.63,0.0,put,0.4558,66.75,70.7,68.725,0,0,-0.8921,8.63,15.549,202.69,market
2026-06-26,GLD,2026-07-24,28,443.0,373.63,0.0,put,0.455,67.7,71.6,69.65,90,0,-0.8958,8.32,15.722,204.95,market
2026-06-26,GLD,2026-07-24,28,445.0,373.63,0.0,put,0.4841,69.25,74.0,71.625,45,0,-0.8865,8.98,16.096,209.82,market
2026-06-26,GLD,2026-07-24,28,446.0,373.63,0.0,put,0.4731,70.75,74.7,72.725,4,0,-0.8955,8.27,16.306,212.56,market
2026-06-26,GLD,2026-07-24,28,450.0,373.63,0.0,put,0.4902,74.85,78.7,76.775,2,0,-0.8986,7.94,17.061,222.4,market
2026-06-26,GLD,2026-07-24,28,465.0,373.63,0.0,put,0.5515,89.75,93.7,91.725,0,0,-0.9084,6.9,19.726,257.14,market
2026-06-26,GLD,2026-07-31,35,245.0,373.63,34.43,put,0.5674,0.05,0.27,0.16,0,1,-0.0059,99.04,0.065,0.68,market
2026-06-26,GLD,2026-07-31,35,260.0,373.63,30.41,put,0.5039,0.05,0.32,0.185,1,2,-0.0075,98.86,0.071,0.74,market
2026-06-26,GLD,2026-07-31,35,275.0,373.63,26.4,put,0.479,0.08,0.37,0.225,2,4,-0.0149,97.85,0.082,0.85,market
2026-06-26,GLD,2026-07-31,35,285.0,373.63,23.72,put,0.4456,0.16,0.46,0.31,1,3,-0.0194,97.31,0.109,1.13,market
2026-06-26,GLD,2026-07-31,35,295.0,373.63,21.04,put,0.4038,0.25,0.51,0.38,2,3,-0.0233,96.89,0.129,1.34,market
2026-06-26,GLD,2026-07-31,35,300.0,373.63,19.71,put,0.3726,0.36,0.46,0.41,2,304,-0.0227,97.04,0.137,1.43,market
2026-06-26,GLD,2026-07-31,35,305.0,373.63,18.37,put,0.3525,0.36,0.49,0.425,7,10,-0.0251,96.77,0.139,1.45,market
2026-06-26,GLD,2026-07-31,35,310.0,373.63,17.03,put,0.3401,0.38,0.59,0.485,6,80,-0.0307,96.13,0.156,1.63,market
2026-06-26,GLD,2026-07-31,35,315.0,373.63,15.69,put,0.3311,0.57,0.75,0.66,1,10,-0.0389,95.16,0.21,2.19,market
2026-06-26,GLD,2026-07-31,35,320.0,373.63,14.35,put,0.3174,0.76,0.89,0.825,7,29,-0.047,94.25,0.258,2.69,market
2026-06-26,GLD,2026-07-31,35,325.0,373.63,13.02,put,0.3057,0.96,1.09,1.025,76,7194,-0.0581,93.01,0.315,3.29,market
2026-06-26,GLD,2026-07-31,35,330.0,373.63,11.68,put,0.2974,1.2,1.4,1.3,4,7259,-0.074,91.22,0.394,4.11,market
2026-06-26,GLD,2026-07-31,35,335.0,373.63,10.34,put,0.288,1.55,1.77,1.66,6,71,-0.0931,89.12,0.496,5.17,market
2026-06-26,GLD,2026-07-31,35,340.0,373.63,9.0,put,0.2797,2.03,2.26,2.145,15,204,-0.1175,86.46,0.631,6.58,market
2026-06-26,GLD,2026-07-31,35,345.0,373.63,7.66,put,0.2708,2.59,2.86,2.725,4,132,-0.1469,83.29,0.79,8.24,market
2026-06-26,GLD,2026-07-31,35,350.0,373.63,6.32,put,0.2631,3.3,3.65,3.475,17,333,-0.1837,79.39,0.993,10.35,market
2026-06-26,GLD,2026-07-31,35,355.0,373.63,4.99,put,0.256,4.25,4.65,4.45,27,189,-0.228,74.74,1.254,13.07,market
2026-06-26,GLD,2026-07-31,35,360.0,373.63,3.65,put,0.2468,5.4,5.8,5.6,29,288,-0.2785,69.53,1.556,16.22,market
2026-06-26,GLD,2026-07-31,35,363.0,373.63,2.85,put,0.2445,6.25,6.75,6.5,2,118,-0.3148,65.79,1.791,18.67,market
2026-06-26,GLD,2026-07-31,35,364.0,373.63,2.58,put,0.2405,6.55,6.95,6.75,1,50,-0.3255,64.72,1.854,19.34,market
2026-06-26,GLD,2026-07-31,35,365.0,373.63,2.31,put,0.2419,6.9,7.4,7.15,46,1092,-0.3397,63.25,1.959,20.43,market
2026-06-26,GLD,2026-07-31,35,366.0,373.63,2.04,put,0.2397,7.2,7.7,7.45,13,101,-0.3521,62.0,2.036,21.23,market
2026-06-26,GLD,2026-07-31,35,367.0,373.63,1.77,put,0.2383,7.55,8.05,7.8,5,50,-0.3652,60.67,2.125,22.16,market
2026-06-26,GLD,2026-07-31,35,368.0,373.63,1.51,put,0.2355,7.95,8.35,8.15,47,29,-0.3781,59.39,2.215,23.1,market
2026-06-26,GLD,2026-07-31,35,369.0,373.63,1.24,put,0.2357,8.3,8.8,8.55,61,116,-0.3924,57.93,2.317,24.16,market
2026-06-26,GLD,2026-07-31,35,370.0,373.63,0.97,put,0.2356,8.65,9.25,8.95,11,200,-0.4067,56.48,2.419,25.23,market
2026-06-26,GLD,2026-07-31,35,371.0,373.63,0.7,put,0.2351,9.15,9.7,9.425,1,41,-0.421,55.03,2.54,26.49,market
2026-06-26,GLD,2026-07-31,35,372.0,373.63,0.44,put,0.2333,9.55,10.1,9.825,1,35,-0.4353,53.61,2.641,27.54,market
2026-06-26,GLD,2026-07-31,35,373.0,373.63,0.17,put,0.2323,9.95,10.55,10.25,3,59,-0.4498,52.16,2.748,28.66,market
2026-06-26,GLD,2026-07-31,35,374.0,373.63,0.0,put,0.2321,10.45,11.05,10.75,14,17,-0.4646,50.68,2.874,29.98,market
2026-06-26,GLD,2026-07-31,35,375.0,373.63,0.0,put,0.2304,10.95,11.5,11.225,30,193,-0.4794,49.21,2.993,31.22,market
2026-06-26,GLD,2026-07-31,35,376.0,373.63,0.0,put,0.2295,11.3,12.0,11.65,6,26,-0.4944,47.73,3.098,32.31,market
2026-06-26,GLD,2026-07-31,35,377.0,373.63,0.0,put,0.2283,11.75,12.5,12.125,5,24,-0.5095,46.23,3.216,33.54,market
2026-06-26,GLD,2026-07-31,35,378.0,373.63,0.0,put,0.2279,12.35,13.05,12.7,33,37,-0.5245,44.74,3.36,35.04,market
2026-06-26,GLD,2026-07-31,35,379.0,373.63,0.0,put,0.2271,12.85,13.6,13.225,60,20,-0.5397,43.25,3.489,36.39,market
2026-06-26,GLD,2026-07-31,35,380.0,373.63,0.0,put,0.2227,13.45,14.0,13.725,2,179,-0.5561,41.68,3.612,37.67,market
2026-06-26,GLD,2026-07-31,35,381.0,373.63,0.0,put,0.2257,14.05,14.75,14.4,59,15,-0.5698,40.29,3.78,39.42,market
2026-06-26,GLD,2026-07-31,35,382.0,373.63,0.0,put,0.225,14.65,15.35,15.0,2,48,-0.5849,38.82,3.927,40.95,market
2026-06-26,GLD,2026-07-31,35,383.0,373.63,0.0,put,0.224,15.2,15.95,15.575,66,17,-0.6,37.35,4.067,42.41,market
2026-06-26,GLD,2026-07-31,35,384.0,373.63,0.0,put,0.2284,15.8,16.8,16.3,1,11,-0.6118,36.14,4.245,44.27,market
2026-06-26,GLD,2026-07-31,35,385.0,373.63,0.0,put,0.228,16.5,17.45,16.975,4,157,-0.6261,34.75,4.409,45.98,market
2026-06-26,GLD,2026-07-31,35,386.0,373.63,0.0,put,0.2284,16.95,18.15,17.55,59,14,-0.6396,33.43,4.547,47.41,market
2026-06-26,GLD,2026-07-31,35,387.0,373.63,0.0,put,0.2262,17.6,18.75,18.175,68,45,-0.6549,31.97,4.696,48.98,market
2026-06-26,GLD,2026-07-31,35,388.0,373.63,0.0,put,0.2272,18.3,19.5,18.9,53,15,-0.6675,30.73,4.871,50.8,market
2026-06-26,GLD,2026-07-31,35,389.0,373.63,0.0,put,0.2267,19.0,20.2,19.6,42,7,-0.6811,29.42,5.039,52.54,market
2026-06-26,GLD,2026-07-31,35,390.0,373.63,0.0,put,0.2221,19.95,20.75,20.35,6,109,-0.6982,27.82,5.218,54.42,market
2026-06-26,GLD,2026-07-31,35,391.0,373.63,0.0,put,0.226,20.5,21.65,21.075,40,14,-0.7074,26.9,5.39,56.21,market
2026-06-26,GLD,2026-07-31,35,392.0,373.63,0.0,put,0.2272,21.2,22.45,21.825,1,4,-0.7187,25.81,5.568,58.06,market
2026-06-26,GLD,2026-07-31,35,394.0,373.63,0.0,put,0.226,22.85,23.95,23.4,16,33,-0.7438,23.42,5.939,61.94,market
2026-06-26,GLD,2026-07-31,35,395.0,373.63,0.0,put,0.2263,23.55,24.75,24.15,56,43,-0.755,22.36,6.114,63.76,market
2026-06-26,GLD,2026-07-31,35,396.0,373.63,0.0,put,0.2278,24.35,25.6,24.975,58,7,-0.7646,21.43,6.307,65.77,market
2026-06-26,GLD,2026-07-31,35,397.0,373.63,0.0,put,0.2261,25.2,26.35,25.775,11,12,-0.7772,20.24,6.492,67.71,market
2026-06-26,GLD,2026-07-31,35,398.0,373.63,0.0,put,0.2271,26.0,27.2,26.6,60,26,-0.7867,19.34,6.683,69.7,market
2026-06-26,GLD,2026-07-31,35,399.0,373.63,0.0,put,0.2279,26.85,28.05,27.45,1,109,-0.7961,18.45,6.88,71.75,market
2026-06-26,GLD,2026-07-31,35,400.0,373.63,0.0,put,0.2284,27.95,28.9,28.425,5,100,-0.8054,17.57,7.106,74.11,market
2026-06-26,GLD,2026-07-31,35,401.0,373.63,0.0,put,0.2286,28.55,29.75,29.15,62,105,-0.8147,16.7,7.269,75.81,market
2026-06-26,GLD,2026-07-31,35,402.0,373.63,0.0,put,0.2286,29.4,30.6,30.0,57,9,-0.824,15.83,7.463,77.83,market
2026-06-26,GLD,2026-07-31,35,403.0,373.63,0.0,put,0.2301,30.3,31.5,30.9,1,54,-0.8312,15.14,7.667,79.96,market
2026-06-26,GLD,2026-07-31,35,404.0,373.63,0.0,put,0.2315,31.15,32.4,31.775,30,11,-0.8383,14.47,7.865,82.02,market
2026-06-26,GLD,2026-07-31,35,405.0,373.63,0.0,put,0.2307,32.35,33.25,32.8,12,67,-0.8475,13.63,8.099,84.46,market
2026-06-26,GLD,2026-07-31,35,406.0,373.63,0.0,put,0.2335,33.0,34.2,33.6,1,4,-0.8524,13.15,8.276,86.31,market
2026-06-26,GLD,2026-07-31,35,407.0,373.63,0.0,put,0.2342,33.9,35.1,34.5,5,5,-0.8593,12.51,8.477,88.4,market
2026-06-26,GLD,2026-07-31,35,408.0,373.63,0.0,put,0.2368,34.75,36.05,35.4,2,3,-0.8639,12.07,8.676,90.48,market
2026-06-26,GLD,2026-07-31,35,410.0,373.63,0.0,put,0.2372,36.7,37.85,37.275,7,18,-0.8775,10.82,9.091,94.81,market
2026-06-26,GLD,2026-07-31,35,415.0,373.63,0.0,put,0.2723,40.75,43.15,41.95,21,30,-0.8741,10.93,10.108,105.42,market
2026-06-26,GLD,2026-07-31,35,416.0,373.63,0.0,put,0.3088,41.05,44.95,43.0,4,5,-0.8474,13.12,10.337,107.8,market
2026-06-26,GLD,2026-07-31,35,420.0,373.63,0.0,put,0.3232,44.9,48.85,46.875,6,17,-0.8579,12.08,11.161,116.39,market
2026-06-26,GLD,2026-07-31,35,425.0,373.63,0.0,put,0.3413,49.85,53.75,51.8,2,14,-0.8688,11.0,12.188,127.11,market
2026-06-26,GLD,2026-07-31,35,430.0,373.63,0.0,put,0.3604,54.8,58.7,56.75,1,0,-0.877,10.17,13.198,137.63,market
2026-06-26,GLD,2026-07-31,35,435.0,373.63,0.0,put,0.3811,59.75,63.7,61.725,1,0,-0.8828,9.56,14.19,147.98,market
2026-06-26,GLD,2026-07-31,35,440.0,373.63,0.0,put,0.4146,64.25,69.0,66.625,0,0,-0.8794,9.67,15.142,157.91,market
2026-06-26,GLD,2026-07-31,35,445.0,373.63,0.0,put,0.4161,69.7,73.6,71.65,4,0,-0.8953,8.32,16.101,167.91,market
2026-06-26,GLD,2026-07-31,35,450.0,373.63,0.0,put,0.4541,74.25,79.0,76.625,0,0,-0.8884,8.71,17.028,177.58,market
2026-06-26,GLD,2026-07-31,35,475.0,373.63,0.0,put,0.5245,99.7,103.6,101.65,0,0,-0.9142,6.31,21.4,223.17,market
2026-06-26,SLV,2026-07-17,21,30.0,53.28,43.69,put,0.9141,0.0,0.03,0.011,64,3986,-0.003,99.42,0.038,0.67,bs_fallback
2026-06-26,SLV,2026-07-17,21,31.0,53.28,41.82,put,0.9219,0.01,0.04,0.025,35,265,-0.005,99.07,0.081,1.4,market
2026-06-26,SLV,2026-07-17,21,32.0,53.28,39.94,put,0.8438,0.0,0.04,0.015,18,123,-0.0042,99.25,0.047,0.82,bs_fallback
2026-06-26,SLV,2026-07-17,21,33.0,53.28,38.06,put,0.8594,0.02,0.05,0.035,30,383,-0.0073,98.73,0.106,1.84,market
2026-06-26,SLV,2026-07-17,21,34.0,53.28,36.19,put,0.8516,0.03,0.07,0.05,40,666,-0.0103,98.26,0.147,2.56,market
2026-06-26,SLV,2026-07-17,21,35.0,53.28,34.31,put,0.8125,0.04,0.07,0.055,846,2549,-0.0117,98.09,0.157,2.73,market
2026-06-26,SLV,2026-07-17,21,36.0,53.28,32.43,put,0.7852,0.05,0.08,0.065,36,2442,-0.0142,97.74,0.181,3.14,market
2026-06-26,SLV,2026-07-17,21,37.0,53.28,30.56,put,0.7695,0.06,0.11,0.085,29,1187,-0.0186,97.12,0.23,3.99,market
2026-06-26,SLV,2026-07-17,21,38.0,53.28,28.68,put,0.7344,0.08,0.11,0.095,27,636,-0.0215,96.76,0.25,4.35,market
2026-06-26,SLV,2026-07-17,21,39.0,53.28,26.8,put,0.7148,0.1,0.14,0.12,30,2790,-0.0273,96.0,0.308,5.35,market
2026-06-26,SLV,2026-07-17,21,40.0,53.28,24.92,put,0.6856,0.13,0.15,0.14,114,7758,-0.0327,95.34,0.35,6.08,market
2026-06-26,SLV,2026-07-17,21,41.0,53.28,23.05,put,0.6563,0.15,0.18,0.165,12,5205,-0.0391,94.56,0.402,6.99,market
2026-06-26,SLV,2026-07-17,21,42.0,53.28,21.17,put,0.6367,0.18,0.23,0.205,22,2208,-0.0492,93.32,0.488,8.48,market
2026-06-26,SLV,2026-07-17,21,43.0,53.28,19.29,put,0.6133,0.23,0.27,0.25,12,1652,-0.0605,91.97,0.581,10.11,market
2026-06-26,SLV,2026-07-17,21,44.0,53.28,17.42,put,0.5928,0.29,0.33,0.31,262,1447,-0.0753,90.24,0.705,12.25,market
2026-06-26,SLV,2026-07-17,21,45.0,53.28,15.54,put,0.5732,0.36,0.41,0.385,1543,4006,-0.0937,88.11,0.856,14.87,market
2026-06-26,SLV,2026-07-17,21,46.0,53.28,13.66,put,0.5542,0.45,0.51,0.48,360,3605,-0.1164,85.55,1.043,18.14,market
2026-06-26,SLV,2026-07-17,21,47.0,53.28,11.79,put,0.5361,0.57,0.63,0.6,90,14259,-0.1441,82.47,1.277,22.19,market
2026-06-26,SLV,2026-07-17,21,48.0,53.28,9.91,put,0.521,0.72,0.79,0.755,699,12739,-0.1786,78.69,1.573,27.34,market
2026-06-26,SLV,2026-07-17,21,49.0,53.28,8.03,put,0.5068,0.92,0.98,0.95,66,8637,-0.2197,74.27,1.939,33.7,market
2026-06-26,SLV,2026-07-17,21,50.0,53.28,6.16,put,0.5029,1.13,1.23,1.18,3180,19264,-0.2706,68.8,2.36,41.02,market
2026-06-26,SLV,2026-07-17,21,50.5,53.28,5.22,put,0.5005,1.27,1.39,1.33,538,6485,-0.2979,65.92,2.634,45.78,market
2026-06-26,SLV,2026-07-17,21,51.0,53.28,4.28,put,0.4976,1.46,1.56,1.51,241,1443,-0.3263,62.96,2.961,51.46,market
2026-06-26,SLV,2026-07-17,21,51.5,53.28,3.34,put,0.4917,1.6,1.73,1.665,41,3807,-0.3551,60.01,3.233,56.19,market
2026-06-26,SLV,2026-07-17,21,52.0,53.28,2.4,put,0.4868,1.79,1.92,1.855,136,2922,-0.3854,56.93,3.567,62.0,market
2026-06-26,SLV,2026-07-17,21,52.5,53.28,1.46,put,0.4888,2.03,2.16,2.095,43,2404,-0.4172,53.65,3.99,69.36,market
2026-06-26,SLV,2026-07-17,21,53.0,53.28,0.53,put,0.4819,2.25,2.37,2.31,557,7644,-0.449,50.51,4.358,75.75,market
2026-06-26,SLV,2026-07-17,21,53.5,53.28,0.0,put,0.478,2.5,2.61,2.555,171,1083,-0.4815,47.28,4.776,83.01,market
2026-06-26,SLV,2026-07-17,21,54.0,53.28,0.0,put,0.4788,2.75,2.89,2.82,194,1796,-0.5137,44.07,5.222,90.77,market
2026-06-26,SLV,2026-07-17,21,54.5,53.28,0.0,put,0.4824,3.0,3.2,3.1,24,1051,-0.545,40.96,5.688,98.86,market
2026-06-26,SLV,2026-07-17,21,55.0,53.28,0.0,put,0.4712,3.3,3.45,3.375,271,8333,-0.5789,37.75,6.136,106.66,market
2026-06-26,SLV,2026-07-17,21,55.5,53.28,0.0,put,0.4866,3.6,3.85,3.725,6,8713,-0.6052,35.07,6.712,116.66,market
2026-06-26,SLV,2026-07-17,21,56.0,53.28,0.0,put,0.4795,3.85,4.15,4.0,64,18126,-0.637,32.08,7.143,124.15,market
2026-06-26,SLV,2026-07-17,21,56.5,53.28,0.0,put,0.4902,4.3,4.55,4.425,1,3227,-0.6612,29.69,7.832,136.13,market
2026-06-26,SLV,2026-07-17,21,57.0,53.28,0.0,put,0.4878,4.7,4.9,4.8,173,1043,-0.6893,27.07,8.421,146.37,market
2026-06-26,SLV,2026-07-17,21,57.5,53.28,0.0,put,0.4941,5.1,5.3,5.2,30,4864,-0.7121,24.89,9.043,157.18,market
2026-06-26,SLV,2026-07-17,21,58.0,53.28,0.0,put,0.4981,5.45,5.7,5.575,465,3786,-0.7346,22.78,9.612,167.07,market
2026-06-26,SLV,2026-07-17,21,58.5,53.28,0.0,put,0.5,5.85,6.1,5.975,14,1346,-0.7566,20.75,10.214,177.52,market
2026-06-26,SLV,2026-07-17,21,59.0,53.28,0.0,put,0.4995,6.3,6.5,6.4,42,4718,-0.7785,18.75,10.847,188.54,market
2026-06-26,SLV,2026-07-17,21,59.5,53.28,0.0,put,0.5098,6.7,6.95,6.825,11,1371,-0.7934,17.35,11.471,199.37,market
2026-06-26,SLV,2026-07-17,21,60.0,53.28,0.0,put,0.5186,7.2,7.4,7.3,466,27008,-0.8078,16.01,12.167,211.47,market
2026-06-26,SLV,2026-07-17,21,60.5,53.28,0.0,put,0.5264,7.6,7.85,7.725,8,3899,-0.8214,14.76,12.769,221.93,market
2026-06-26,SLV,2026-07-17,21,61.0,53.28,0.0,put,0.5327,7.95,8.3,8.125,36,2852,-0.8346,13.56,13.32,231.51,market
2026-06-26,SLV,2026-07-17,21,61.5,53.28,0.0,put,0.5127,8.55,8.8,8.675,4,1768,-0.8603,11.41,14.106,245.17,market
2026-06-26,SLV,2026-07-17,21,62.0,53.28,0.0,put,0.5137,9.0,9.25,9.125,70,9126,-0.8739,10.23,14.718,255.81,market
2026-06-26,SLV,2026-07-17,21,62.5,53.28,0.0,put,0.5234,9.5,9.7,9.6,3,805,-0.8821,9.49,15.36,266.97,market
2026-06-26,SLV,2026-07-17,21,63.0,53.28,0.0,put,0.5313,9.95,10.2,10.075,82,6846,-0.8904,8.75,15.992,277.96,market
2026-06-26,SLV,2026-07-17,21,63.5,53.28,0.0,put,0.5488,10.25,10.9,10.575,1,1899,-0.8935,8.43,16.654,289.45,market
2026-06-26,SLV,2026-07-17,21,64.0,53.28,0.0,put,0.5449,10.7,11.35,11.025,50,2383,-0.9058,7.41,17.227,299.41,market
2026-06-26,SLV,2026-07-17,21,64.5,53.28,0.0,put,0.5732,10.95,12.15,11.55,1,2068,-0.9032,7.53,17.907,311.24,market
2026-06-26,SLV,2026-07-17,21,65.0,53.28,0.0,put,0.6416,11.85,12.5,12.175,333,32354,-0.8842,8.85,18.731,325.56,market
2026-06-26,SLV,2026-07-17,21,65.5,53.28,0.0,put,0.6064,12.0,13.1,12.55,3,3031,-0.9077,7.04,19.16,333.02,market
2026-06-26,SLV,2026-07-17,21,66.0,53.28,0.0,put,0.5986,12.35,13.65,13.0,64,875,-0.9191,6.14,19.697,342.35,market
2026-06-26,SLV,2026-07-17,21,66.5,53.28,0.0,put,0.7402,12.45,13.8,13.125,3,2706,-0.8735,9.33,19.737,343.05,market
2026-06-26,SLV,2026-07-17,21,67.0,53.28,0.0,put,0.6875,13.6,14.65,14.125,44,879,-0.9014,7.29,21.082,366.43,market
2026-06-26,SLV,2026-07-17,21,67.5,53.28,0.0,put,0.6445,13.9,15.1,14.5,4,472,-0.9243,5.6,21.481,373.37,market
2026-06-26,SLV,2026-07-17,21,68.0,53.28,0.0,put,0.708,14.6,15.6,15.1,10,1529,-0.909,6.62,22.206,385.96,market
2026-06-26,SLV,2026-07-17,21,68.5,53.28,0.0,put,0.6465,14.85,16.05,15.45,1,1790,-0.9363,4.65,22.555,392.02,market
2026-06-26,SLV,2026-07-17,21,69.0,53.28,0.0,put,0.7148,15.55,16.55,16.05,18,958,-0.92,5.74,23.261,404.3,market
2026-06-26,SLV,2026-07-17,21,69.5,53.28,0.0,put,0.6895,15.85,17.1,16.475,19,2382,-0.9341,4.72,23.705,412.02,market
2026-06-26,SLV,2026-07-17,21,70.0,53.28,0.0,put,0.7314,16.4,17.65,17.025,108,9065,-0.9267,5.19,24.321,422.73,market
2026-06-26,SLV,2026-07-17,21,70.5,53.28,0.0,put,0.7012,16.85,18.05,17.45,1,1580,-0.9411,4.16,24.752,430.21,market
2026-06-26,SLV,2026-07-17,21,71.0,53.28,0.0,put,0.7305,17.35,18.6,17.975,28,1105,-0.9376,4.36,25.317,440.03,market
2026-06-26,SLV,2026-07-17,21,71.5,53.28,0.0,put,0.7285,17.85,19.05,18.45,5,544,-0.9429,3.97,25.804,448.5,market
2026-06-26,SLV,2026-07-17,21,72.0,53.28,0.0,put,0.707,18.4,19.4,18.9,53,3063,-0.9529,3.26,26.25,456.25,market
2026-06-26,SLV,2026-07-17,21,72.5,53.28,0.0,put,0.7383,18.85,20.0,19.425,1,1160,-0.9489,3.5,26.793,465.69,market
2026-06-26,SLV,2026-07-17,21,73.0,53.28,0.0,put,0.751,19.35,20.5,19.925,29,1456,-0.9497,3.42,27.295,474.4,market
2026-06-26,SLV,2026-07-17,21,73.5,53.28,0.0,put,0.7969,19.85,21.1,20.475,2,508,-0.9421,3.89,27.857,484.18,market
2026-06-26,SLV,2026-07-17,21,74.0,53.28,0.0,put,0.793,20.3,21.6,20.95,8,2013,-0.947,3.54,28.311,492.07,market
2026-06-26,SLV,2026-07-17,21,74.5,53.28,0.0,put,0.8379,20.85,22.15,21.5,12,983,-0.9398,3.97,28.859,501.6,market
2026-06-26,SLV,2026-07-17,21,75.0,53.28,0.0,put,0.9209,21.6,22.65,22.125,79,5271,-0.9228,4.99,29.5,512.74,market
2026-06-26,SLV,2026-07-17,21,76.0,53.28,0.0,put,0.876,22.4,23.6,23.0,5,1052,-0.942,3.74,30.263,526.0,market
2026-06-26,SLV,2026-07-17,21,77.0,53.28,0.0,put,0.8281,23.3,24.5,23.9,12,171,-0.9591,2.63,31.039,539.49,market
2026-06-26,SLV,2026-07-17,21,78.0,53.28,0.0,put,0.8516,24.3,25.5,24.9,14,1657,-0.9599,2.53,31.923,554.85,market
2026-06-26,SLV,2026-07-17,21,79.0,53.28,0.0,put,0.9316,25.35,26.6,25.975,5,1877,-0.9493,3.13,32.88,571.48,market
2026-06-26,SLV,2026-07-17,21,80.0,53.28,0.0,put,0.9355,26.3,27.6,26.95,1,485,-0.9541,2.8,33.688,585.52,market
2026-06-26,SLV,2026-07-17,21,81.0,53.28,0.0,put,0.9766,27.35,28.6,27.975,13,181,-0.9514,2.92,34.537,600.29,market
2026-06-26,SLV,2026-07-17,21,82.0,53.28,0.0,put,0.7852,26.9,30.65,28.775,6,6,-0.9854,0.89,35.091,609.92,market
2026-06-26,SLV,2026-07-17,21,83.0,53.28,0.0,put,0.9102,27.9,31.8,29.85,611,1,-0.9718,1.67,35.964,625.09,market
2026-06-26,SLV,2026-07-17,21,84.0,53.28,0.0,put,0.9297,28.9,32.8,30.85,360,1,-0.9724,1.62,36.726,638.34,market
2026-06-26,SLV,2026-07-17,21,85.0,53.28,0.0,put,1.0625,30.3,33.65,31.975,151,68,-0.9549,2.57,37.618,653.83,market
2026-06-26,SLV,2026-07-17,21,86.0,53.28,0.0,put,1.043,30.95,34.9,32.925,2,3,-0.9622,2.13,38.285,665.43,market
2026-06-26,SLV,2026-07-17,21,87.0,53.28,0.0,put,0.9551,32.0,35.65,33.825,1,11,-0.978,1.25,38.879,675.76,market
2026-06-26,SLV,2026-07-17,21,88.0,53.28,0.0,put,0.8906,32.9,36.65,34.775,12,11,-0.9871,0.73,39.517,686.84,market
2026-06-26,SLV,2026-07-17,21,89.0,53.28,0.0,put,1.1992,33.6,38.5,36.05,1,7,-0.9484,2.76,40.506,704.03,market
2026-06-26,SLV,2026-07-17,21,90.0,53.28,0.0,put,1.1631,36.35,37.6,36.975,1,12503,-0.9581,2.23,41.083,714.07,market
2026-06-26,SLV,2026-07-17,21,91.0,53.28,0.0,put,1.0586,35.9,39.8,37.85,500,0,-0.9756,1.31,41.593,722.93,market
2026-06-26,SLV,2026-07-17,21,92.0,53.28,0.0,put,0.957,36.9,40.65,38.775,1,5,-0.9878,0.65,42.147,732.55,market
2026-06-26,SLV,2026-07-17,21,93.0,53.28,0.0,put,0.9727,37.9,41.65,39.775,4,0,-0.988,0.64,42.769,743.36,market
2026-06-26,SLV,2026-07-17,21,94.0,53.28,0.0,put,0.9883,38.9,42.65,40.775,2,4,-0.9882,0.62,43.378,753.95,market
2026-06-26,SLV,2026-07-17,21,95.0,53.28,0.0,put,1.2559,41.3,42.65,41.975,4,1,-0.9608,1.97,44.184,767.96,market
2026-06-26,SLV,2026-07-17,21,96.0,53.28,0.0,put,0.0,32.35,36.25,34.3,1,13,-1.0,0.0,35.729,621.01,market
2026-06-26,SLV,2026-07-17,21,97.0,53.28,0.0,put,1.0352,41.9,45.65,43.775,238,1,-0.9886,0.58,45.129,784.38,market
2026-06-26,SLV,2026-07-17,21,98.0,53.28,0.0,put,1.0469,42.9,46.65,44.775,2646,0,-0.989,0.55,45.689,794.11,market
2026-06-26,SLV,2026-07-17,21,99.0,53.28,0.0,put,1.0625,43.9,47.65,45.775,2202,49,-0.9891,0.54,46.237,803.65,market
2026-06-26,SLV,2026-07-17,21,100.0,53.28,0.0,put,1.3418,46.35,47.6,46.975,670,30010,-0.963,1.75,46.975,816.47,market
2026-06-26,SLV,2026-07-17,21,105.0,53.28,0.0,put,1.1484,49.9,53.65,51.775,172,0,-0.9897,0.48,49.31,857.05,market
2026-06-26,SLV,2026-07-17,21,110.0,53.28,0.0,put,1.2148,54.9,58.65,56.775,1,60,-0.9902,0.44,51.614,897.09,market
2026-06-26,SLV,2026-07-17,21,115.0,53.28,0.0,put,1.2734,59.9,63.65,61.775,1,0,-0.9908,0.39,53.717,933.66,market
2026-06-26,SLV,2026-07-17,21,120.0,53.28,0.0,put,1.3359,64.9,68.65,66.775,2,0,-0.991,0.36,55.646,967.18,market
2026-06-26,SLV,2026-07-17,21,125.0,53.28,0.0,put,0.0,0.0,0.0,71.361,2,0,-1.0,0.0,57.089,992.26,bs_fallback
2026-06-26,SLV,2026-07-17,21,130.0,53.28,0.0,put,0.0,58.0,59.1,58.55,2,159,-1.0,0.0,45.038,782.81,market
2026-06-26,SLV,2026-07-17,21,135.0,53.28,0.0,put,0.0,62.8,63.9,63.35,0,8,-1.0,0.0,46.926,815.62,market
2026-06-26,SLV,2026-07-17,21,140.0,53.28,0.0,put,0.0,67.55,68.8,68.175,10,31,-1.0,0.0,48.696,846.39,market
2026-06-26,SLV,2026-07-17,21,145.0,53.28,0.0,put,0.0,72.75,73.55,73.15,44,57,-1.0,0.0,50.448,876.84,market
2026-06-26,SLV,2026-07-17,21,150.0,53.28,0.0,put,0.0,77.55,78.3,77.925,2,333,-1.0,0.0,51.95,902.94,market
2026-06-26,SLV,2026-07-17,21,155.0,53.28,0.0,put,0.0,76.8,77.1,76.95,0,16,-1.0,0.0,49.645,862.88,market
2026-06-26,SLV,2026-07-17,21,160.0,53.28,0.0,put,0.0,0.0,0.0,106.26,0,0,-1.0,0.0,66.413,1154.32,bs_fallback
2026-06-26,SLV,2026-07-17,21,170.0,53.28,0.0,put,0.0,95.15,98.0,96.575,7,0,-1.0,0.0,56.809,987.39,market
2026-06-26,SLV,2026-07-17,21,175.0,53.28,0.0,put,0.0,100.1,102.95,101.525,7,0,-1.0,0.0,58.014,1008.34,market
2026-06-26,SLV,2026-07-17,21,180.0,53.28,0.0,put,0.0,105.65,109.35,107.5,12,56,-1.0,0.0,59.722,1038.03,market
2026-06-26,SLV,2026-07-17,21,185.0,53.28,0.0,put,0.0,110.8,113.9,112.35,0,292,-1.0,0.0,60.73,1055.54,market
2026-06-26,SLV,2026-07-17,21,190.0,53.28,0.0,put,0.0,117.05,118.05,117.55,30,224,-1.0,0.0,61.868,1075.33,market
2026-06-26,SLV,2026-07-17,21,195.0,53.28,0.0,put,0.0,120.5,124.35,122.425,0,49,-1.0,0.0,62.782,1091.21,market
2026-06-26,SLV,2026-07-17,21,200.0,53.28,0.0,put,0.0,125.5,129.35,127.425,0,3,-1.0,0.0,63.712,1107.38,market
2026-06-26,SLV,2026-07-17,21,205.0,53.28,0.0,put,0.0,130.5,134.3,132.4,2,6,-1.0,0.0,64.585,1122.56,market
2026-06-26,SLV,2026-07-17,21,210.0,53.28,0.0,put,0.0,135.5,138.3,136.9,1,32,-1.0,0.0,65.19,1133.07,market
2026-06-26,SLV,2026-07-24,28,35.0,53.28,34.31,put,0.7715,0.07,0.12,0.095,39,40,-0.0182,96.98,0.271,3.54,market
2026-06-26,SLV,2026-07-24,28,40.0,53.28,24.92,put,0.6543,0.19,0.25,0.22,54,333,-0.0452,93.48,0.55,7.17,market
2026-06-26,SLV,2026-07-24,28,45.0,53.28,15.54,put,0.5596,0.52,0.6,0.56,87,1690,-0.1166,85.01,1.244,16.22,market
2026-06-26,SLV,2026-07-24,28,50.0,53.28,6.16,put,0.5095,1.46,1.6,1.53,61,964,-0.2919,65.79,3.06,39.89,market
2026-06-26,SLV,2026-07-24,28,53.0,53.28,0.53,put,0.4805,2.61,2.73,2.67,137,427,-0.4463,50.07,5.038,65.67,market
2026-06-26,SLV,2026-07-24,28,53.5,53.28,0.0,put,0.4898,2.81,3.05,2.93,11,104,-0.4738,47.21,5.477,71.39,market
2026-06-26,SLV,2026-07-24,28,54.0,53.28,0.0,put,0.4854,3.1,3.3,3.2,12,368,-0.5016,44.49,5.926,77.25,market
2026-06-26,SLV,2026-07-24,28,55.0,53.28,0.0,put,0.4868,3.7,3.9,3.8,166,1225,-0.5556,39.18,6.909,90.06,market
2026-06-26,SLV,2026-07-24,28,56.0,53.28,0.0,put,0.488,4.3,4.55,4.425,77,105,-0.6073,34.18,7.902,103.01,market
2026-06-26,SLV,2026-07-24,28,56.5,53.28,0.0,put,0.49,4.65,4.9,4.775,20,368,-0.6317,31.85,8.451,110.17,market
2026-06-26,SLV,2026-07-24,28,57.0,53.28,0.0,put,0.49,5.0,5.25,5.125,27,321,-0.6559,29.57,8.991,117.21,market
2026-06-26,SLV,2026-07-24,28,57.5,53.28,0.0,put,0.4971,5.3,5.65,5.475,1,695,-0.6761,27.6,9.522,124.12,market
2026-06-26,SLV,2026-07-24,28,58.0,53.28,0.0,put,0.4932,5.75,6.0,5.875,11,192,-0.7002,25.41,10.129,132.04,market
2026-06-26,SLV,2026-07-24,28,59.0,53.28,0.0,put,0.4995,6.6,6.8,6.7,4,292,-0.739,21.81,11.356,148.03,market
2026-06-26,SLV,2026-07-24,28,60.0,53.28,0.0,put,0.5098,7.4,7.65,7.525,55,711,-0.7714,18.82,12.542,163.49,market
2026-06-26,SLV,2026-07-24,28,60.5,53.28,0.0,put,0.5186,7.85,8.1,7.975,2,346,-0.7842,17.62,13.182,171.83,market
2026-06-26,SLV,2026-07-24,28,61.0,53.28,0.0,put,0.5264,8.3,8.55,8.425,6,276,-0.7964,16.48,13.811,180.04,market
2026-06-26,SLV,2026-07-24,28,61.5,53.28,0.0,put,0.502,8.75,9.0,8.875,1,122,-0.8251,14.14,14.431,188.12,market
2026-06-26,SLV,2026-07-24,28,62.0,53.28,0.0,put,0.5064,9.2,9.45,9.325,6,262,-0.8373,13.06,15.04,196.06,market
2026-06-26,SLV,2026-07-24,28,62.5,53.28,0.0,put,0.5024,9.65,9.85,9.75,1,228,-0.8531,11.72,15.6,203.36,market
2026-06-26,SLV,2026-07-24,28,63.0,53.28,0.0,put,0.5264,10.15,10.4,10.275,3,130,-0.8532,11.58,16.31,212.61,market
2026-06-26,SLV,2026-07-24,28,63.5,53.28,0.0,put,0.5278,10.6,10.85,10.725,1,71,-0.8645,10.62,16.89,220.17,market
2026-06-26,SLV,2026-07-24,28,64.0,53.28,0.0,put,0.5278,11.05,11.3,11.175,36,239,-0.8759,9.67,17.461,227.62,market
2026-06-26,SLV,2026-07-24,28,64.5,53.28,0.0,put,0.5264,11.5,11.75,11.625,1,40,-0.8872,8.73,18.023,234.95,market
2026-06-26,SLV,2026-07-24,28,65.0,53.28,0.0,put,0.6133,12.0,12.7,12.35,13,264,-0.8561,10.88,19.0,247.68,market
2026-06-26,SLV,2026-07-24,28,65.5,53.28,0.0,put,0.9785,10.6,14.35,12.475,16,46,-0.7298,18.85,19.046,248.28,market
2026-06-26,SLV,2026-07-24,28,66.0,53.28,0.0,put,0.7412,11.1,13.7,12.4,1,73,-0.8216,12.99,18.788,244.91,market
2026-06-26,SLV,2026-07-24,28,66.5,53.28,0.0,put,1.0054,11.55,15.3,13.425,2,17,-0.7399,17.84,20.188,263.16,market
2026-06-26,SLV,2026-07-24,28,67.0,53.28,0.0,put,0.8828,12.05,15.15,13.6,2,68,-0.7879,14.83,20.299,264.61,market
2026-06-26,SLV,2026-07-24,28,67.5,53.28,0.0,put,0.7051,12.55,14.9,13.725,10,9,-0.863,9.86,20.333,265.06,market
2026-06-26,SLV,2026-07-24,28,68.0,53.28,0.0,put,0.9839,13.05,16.45,14.75,1,37,-0.7718,15.45,21.691,282.76,market
2026-06-26,SLV,2026-07-24,28,68.5,53.28,0.0,put,0.9209,13.5,16.6,15.05,5,30,-0.8003,13.62,21.971,286.41,market
2026-06-26,SLV,2026-07-24,28,69.0,53.28,0.0,put,0.5313,14.0,17.75,15.875,4,38,-0.9513,3.56,23.007,299.92,market
2026-06-26,SLV,2026-07-24,28,69.5,53.28,0.0,put,0.543,14.5,18.25,16.375,8,46,-0.9522,3.46,23.561,307.14,market
2026-06-26,SLV,2026-07-24,28,70.0,53.28,0.0,put,0.9561,15.25,18.05,16.65,2,36,-0.8116,12.54,23.786,310.06,market
2026-06-26,SLV,2026-07-24,28,70.5,53.28,0.0,put,0.5479,15.5,19.2,17.35,1,16,-0.9595,2.9,24.61,320.81,market
2026-06-26,SLV,2026-07-24,28,71.0,53.28,0.0,put,0.5586,16.0,19.7,17.85,21,30,-0.9603,2.82,25.141,327.73,market
2026-06-26,SLV,2026-07-24,28,71.5,53.28,0.0,put,0.5703,16.5,20.2,18.35,2,3,-0.9607,2.76,25.664,334.55,market
2026-06-26,SLV,2026-07-24,28,72.0,53.28,0.0,put,0.9507,16.95,19.8,18.375,5,20,-0.8407,10.37,25.521,332.68,market
2026-06-26,SLV,2026-07-24,28,72.5,53.28,0.0,put,0.5703,17.45,21.2,19.325,1,22,-0.9676,2.25,26.655,347.47,market
2026-06-26,SLV,2026-07-24,28,73.0,53.28,0.0,put,0.5566,17.95,21.65,19.8,41,75,-0.9738,1.81,27.123,353.57,market
2026-06-26,SLV,2026-07-24,28,74.0,53.28,0.0,put,0.6231,19.15,22.55,20.85,1,31,-0.9637,2.46,28.176,367.29,market
2026-06-26,SLV,2026-07-24,28,75.0,53.28,0.0,put,0.7549,21.35,22.7,22.025,1,9,-0.9348,4.26,29.367,382.82,market
2026-06-26,SLV,2026-07-24,28,76.0,53.28,0.0,put,0.6133,20.95,24.65,22.8,2,6,-0.9763,1.56,30.0,391.07,market
2026-06-26,SLV,2026-07-24,28,77.0,53.28,0.0,put,0.7705,23.3,24.65,23.975,26,32,-0.9453,3.48,31.136,405.88,market
2026-06-26,SLV,2026-07-24,28,78.0,53.28,0.0,put,0.6504,22.95,26.65,24.8,20,10,-0.9775,1.45,31.795,414.47,market
2026-06-26,SLV,2026-07-24,28,79.0,53.28,0.0,put,0.668,23.95,27.65,25.8,1,1,-0.9781,1.39,32.658,425.72,market
2026-06-26,SLV,2026-07-24,28,80.0,53.28,0.0,put,0.8154,25.05,28.85,26.95,52,1,-0.9525,2.9,33.688,439.14,market
2026-06-26,SLV,2026-07-24,28,81.0,53.28,0.0,put,0.835,26.1,29.8,27.95,2,0,-0.9534,2.8,34.506,449.81,market
2026-06-26,SLV,2026-07-24,28,82.0,53.28,0.0,put,0.7188,26.95,30.65,28.8,1,0,-0.9797,1.23,35.122,457.84,market
2026-06-26,SLV,2026-07-24,28,85.0,53.28,0.0,put,0.7305,29.9,33.65,31.775,0,0,-0.9857,0.84,37.382,487.31,market
2026-06-26,SLV,2026-07-24,28,86.0,53.28,0.0,put,0.9082,30.95,34.9,32.925,0,0,-0.961,2.2,38.285,499.07,market
2026-06-26,SLV,2026-07-24,28,88.0,53.28,0.0,put,0.7773,32.9,36.65,34.775,0,0,-0.9863,0.78,39.517,515.13,market
2026-06-26,SLV,2026-07-24,28,89.0,53.28,0.0,put,0.791,33.9,37.65,35.775,0,0,-0.9866,0.75,40.197,523.99,market
2026-06-26,SLV,2026-07-31,35,20.0,53.28,62.46,put,1.2188,0.0,0.04,0.017,2,3,-0.0026,99.22,0.086,0.9,bs_fallback
2026-06-26,SLV,2026-07-31,35,35.0,53.28,34.31,put,0.7266,0.1,0.15,0.125,4,317,-0.0227,96.22,0.357,3.72,market
2026-06-26,SLV,2026-07-31,35,40.0,53.28,24.92,put,0.6231,0.24,0.33,0.285,6,350,-0.054,92.14,0.712,7.43,market
2026-06-26,SLV,2026-07-31,35,45.0,53.28,15.54,put,0.5439,0.66,0.76,0.71,6137,2864,-0.1323,82.82,1.578,16.45,market
2026-06-26,SLV,2026-07-31,35,50.0,53.28,6.16,put,0.5029,1.73,1.87,1.8,91,876,-0.3027,64.09,3.6,37.54,market
2026-06-26,SLV,2026-07-31,35,53.0,53.28,0.53,put,0.4868,2.92,3.1,3.01,293,262,-0.4435,49.66,5.679,59.23,market
2026-06-26,SLV,2026-07-31,35,53.5,53.28,0.0,put,0.4846,3.15,3.35,3.25,53,622,-0.4683,47.19,6.075,63.35,market
2026-06-26,SLV,2026-07-31,35,54.0,53.28,0.0,put,0.4731,3.4,3.55,3.475,14,447,-0.4943,44.74,6.435,67.11,market
2026-06-26,SLV,2026-07-31,35,54.5,53.28,0.0,put,0.4824,3.7,3.9,3.8,80,96,-0.5179,42.3,6.972,72.71,market
2026-06-26,SLV,2026-07-31,35,55.0,53.28,0.0,put,0.4824,4.0,4.2,4.1,233,398,-0.5422,39.93,7.455,77.74,market
2026-06-26,SLV,2026-07-31,35,55.5,53.28,0.0,put,0.4805,4.3,4.5,4.4,12,398,-0.5666,37.58,7.928,82.68,market
2026-06-26,SLV,2026-07-31,35,56.0,53.28,0.0,put,0.4771,4.6,4.8,4.7,68,238,-0.5912,35.25,8.393,87.53,market
2026-06-26,SLV,2026-07-31,35,56.5,53.28,0.0,put,0.4795,4.9,5.15,5.025,23,111,-0.6136,33.1,8.894,92.75,market
2026-06-26,SLV,2026-07-31,35,57.0,53.28,0.0,put,0.4883,5.25,5.55,5.4,48,273,-0.6327,31.2,9.474,98.8,market
2026-06-26,SLV,2026-07-31,35,57.5,53.28,0.0,put,0.4878,5.65,5.9,5.775,5,54,-0.6544,29.17,10.043,104.74,market
2026-06-26,SLV,2026-07-31,35,58.0,53.28,0.0,put,0.4854,6.0,6.25,6.125,76,184,-0.6764,27.16,10.56,110.13,market
2026-06-26,SLV,2026-07-31,35,58.5,53.28,0.0,put,0.4902,6.4,6.65,6.525,4,162,-0.6943,25.46,11.154,116.32,market
2026-06-26,SLV,2026-07-31,35,59.0,53.28,0.0,put,0.4937,6.8,7.05,6.925,21,184,-0.712,23.82,11.737,122.4,market
2026-06-26,SLV,2026-07-31,35,59.5,53.28,0.0,put,0.4956,7.2,7.45,7.325,13,46,-0.7296,22.22,12.311,128.39,market
2026-06-26,SLV,2026-07-31,35,60.0,53.28,0.0,put,0.4963,7.6,7.85,7.725,29,130,-0.7469,20.65,12.875,134.27,market
2026-06-26,SLV,2026-07-31,35,60.5,53.28,0.0,put,0.5054,8.0,8.3,8.15,7,23,-0.759,19.5,13.471,140.48,market
2026-06-26,SLV,2026-07-31,35,61.0,53.28,0.0,put,0.5137,8.45,8.75,8.6,76,108,-0.7707,18.4,14.098,147.03,market
2026-06-26,SLV,2026-07-31,35,61.5,53.28,0.0,put,0.5107,8.85,9.15,9.0,6,22,-0.7875,16.96,14.634,152.61,market
2026-06-26,SLV,2026-07-31,35,62.0,53.28,0.0,put,0.5171,9.3,9.6,9.45,95,111,-0.7986,15.95,15.242,158.95,market
2026-06-26,SLV,2026-07-31,35,62.5,53.28,0.0,put,0.523,9.8,10.05,9.925,2,79,-0.8092,14.99,15.88,165.61,market
2026-06-26,SLV,2026-07-31,35,63.0,53.28,0.0,put,0.5273,10.2,10.5,10.35,176,72,-0.8199,14.04,16.429,171.33,market
2026-06-26,SLV,2026-07-31,35,63.5,53.28,0.0,put,0.5005,10.7,10.95,10.825,3,23,-0.847,11.92,17.047,177.78,market
2026-06-26,SLV,2026-07-31,35,64.0,53.28,0.0,put,0.5151,11.2,11.45,11.325,7,109,-0.8507,11.53,17.695,184.54,market
2026-06-26,SLV,2026-07-31,35,64.5,53.28,0.0,put,0.5298,11.6,12.05,11.825,1,20,-0.854,11.17,18.333,191.19,market
2026-06-26,SLV,2026-07-31,35,65.0,53.28,0.0,put,0.5161,12.1,12.35,12.225,1,130,-0.8716,9.78,18.808,196.14,market
2026-06-26,SLV,2026-07-31,35,66.0,53.28,0.0,put,0.5283,13.05,13.3,13.175,1,46,-0.8844,8.67,19.962,208.18,market
2026-06-26,SLV,2026-07-31,35,67.0,53.28,0.0,put,0.8811,12.25,15.6,13.925,201,40,-0.7536,16.89,20.784,216.74,market
2026-06-26,SLV,2026-07-31,35,68.0,53.28,0.0,put,0.5156,13.15,16.85,15.0,1,21,-0.9219,5.73,22.059,230.04,market
2026-06-26,SLV,2026-07-31,35,69.0,53.28,0.0,put,0.8621,14.25,17.2,15.725,1,9,-0.7931,13.92,22.79,237.67,market
2026-06-26,SLV,2026-07-31,35,70.0,53.28,0.0,put,0.6606,15.8,18.75,17.275,28,50,-0.8866,7.88,24.679,257.36,market
2026-06-26,SLV,2026-07-31,35,71.0,53.28,0.0,put,0.5469,16.05,19.8,17.925,9,13,-0.9432,3.99,25.246,263.28,market
2026-06-26,SLV,2026-07-31,35,72.0,53.28,0.0,put,0.9009,17.05,20.0,18.525,4,35,-0.8219,11.47,25.729,268.32,market
2026-06-26,SLV,2026-07-31,35,73.0,53.28,0.0,put,0.5723,18.05,21.75,19.9,6,4,-0.9517,3.3,27.26,284.29,market
2026-06-26,SLV,2026-07-31,35,74.0,53.28,0.0,put,0.5762,19.0,22.75,20.875,6,12,-0.9577,2.85,28.209,294.18,market
2026-06-26,SLV,2026-07-31,35,75.0,53.28,0.0,put,0.6772,20.3,23.75,22.025,23,99,-0.9335,4.34,29.367,306.25,market
2026-06-26,SLV,2026-07-31,35,76.0,53.28,0.0,put,0.5957,21.0,24.7,22.85,1,7,-0.9646,2.32,30.066,313.54,market
2026-06-26,SLV,2026-07-31,35,77.0,53.28,0.0,put,0.5918,21.95,25.7,23.825,1,9,-0.9707,1.9,30.942,322.68,market
2026-06-26,SLV,2026-07-31,35,78.0,53.28,0.0,put,1.022,23.05,25.9,24.475,1,5,-0.8487,8.89,31.378,327.23,market
2026-06-26,SLV,2026-07-31,35,79.0,53.28,0.0,put,0.625,23.95,27.7,25.825,1,0,-0.9722,1.76,32.69,340.91,market
2026-06-26,SLV,2026-07-31,35,80.0,53.28,0.0,put,0.6152,24.95,28.65,26.8,1,7,-0.9779,1.38,33.5,349.36,market
2026-06-26,SLV,2026-07-31,35,81.0,53.28,0.0,put,0.6309,25.95,29.65,27.8,1,1,-0.9784,1.33,34.321,357.92,market
2026-06-26,SLV,2026-07-31,35,82.0,53.28,0.0,put,0.6465,26.95,30.65,28.8,0,0,-0.9788,1.29,35.122,366.27,market
2026-06-26,SLV,2026-07-31,35,85.0,53.28,0.0,put,0.6563,29.9,33.65,31.775,5,0,-0.9851,0.87,37.382,389.84,market
2026-06-26,SLV,2026-07-31,35,87.0,53.28,0.0,put,0.7188,31.9,35.7,33.8,0,0,-0.9808,1.09,38.851,405.16,market
2026-06-26,TLT,2026-07-17,21,55.0,87.36,37.04,put,0.6406,0.0,0.01,0.004,8,42496,-0.0009,99.84,0.007,0.12,bs_fallback
2026-06-26,TLT,2026-07-17,21,60.0,87.36,31.32,put,0.5313,0.0,0.01,0.004,4,8226,-0.0012,99.82,0.006,0.11,bs_fallback
2026-06-26,TLT,2026-07-17,21,65.0,87.36,25.6,put,0.4531,0.0,0.01,0.007,1,5511,-0.0025,99.65,0.011,0.2,bs_fallback
2026-06-26,TLT,2026-07-17,21,70.0,87.36,19.87,put,0.3516,0.0,0.01,0.008,11,5162,-0.0034,99.56,0.011,0.2,bs_fallback
2026-06-26,TLT,2026-07-17,21,71.0,87.36,18.73,put,0.3281,0.0,0.01,0.007,15,148,-0.0034,99.58,0.01,0.18,bs_fallback
2026-06-26,TLT,2026-07-17,21,72.0,87.36,17.58,put,0.3047,0.0,0.01,0.006,15,662,-0.0032,99.6,0.009,0.16,bs_fallback
2026-06-26,TLT,2026-07-17,21,73.0,87.36,16.44,put,0.2891,0.0,0.01,0.007,1,867,-0.0038,99.53,0.01,0.17,bs_fallback
2026-06-26,TLT,2026-07-17,21,74.0,87.36,15.29,put,0.293,0.0,0.02,0.015,502,646,-0.0074,99.1,0.021,0.36,bs_fallback
2026-06-26,TLT,2026-07-17,21,75.0,87.36,14.15,put,0.2695,0.0,0.02,0.014,501,50744,-0.0074,99.11,0.019,0.33,bs_fallback
2026-06-26,TLT,2026-07-17,21,76.0,87.36,13.0,put,0.25,0.01,0.02,0.015,1,21438,-0.0082,99.04,0.02,0.34,market
2026-06-26,TLT,2026-07-17,21,77.0,87.36,11.86,put,0.2305,0.01,0.02,0.015,35,4417,-0.0091,98.95,0.019,0.34,market
2026-06-26,TLT,2026-07-17,21,78.0,87.36,10.71,put,0.2207,0.01,0.03,0.02,3,7118,-0.0132,98.49,0.026,0.45,market
2026-06-26,TLT,2026-07-17,21,79.0,87.36,9.57,put,0.1992,0.02,0.03,0.025,120,5816,-0.0143,98.39,0.032,0.55,market
2026-06-26,TLT,2026-07-17,21,80.0,87.36,8.42,put,0.1777,0.02,0.03,0.025,106,22749,-0.0157,98.26,0.031,0.54,market
2026-06-26,TLT,2026-07-17,21,81.0,87.36,7.28,put,0.1641,0.03,0.04,0.035,2282,43674,-0.022,97.58,0.043,0.75,market
2026-06-26,TLT,2026-07-17,21,82.0,87.36,6.14,put,0.1475,0.03,0.05,0.04,63,19332,-0.0294,96.81,0.049,0.85,market
2026-06-26,TLT,2026-07-17,21,83.0,87.36,4.99,put,0.1289,0.05,0.06,0.055,870,42320,-0.0389,95.85,0.066,1.15,market
2026-06-26,TLT,2026-07-17,21,84.0,87.36,3.85,put,0.1113,0.07,0.08,0.075,333,45801,-0.056,94.1,0.089,1.55,market
2026-06-26,TLT,2026-07-17,21,85.0,87.36,2.7,put,0.0999,0.12,0.14,0.13,959,52285,-0.1011,89.46,0.153,2.66,market
2026-06-26,TLT,2026-07-17,21,86.0,87.36,1.56,put,0.0947,0.27,0.3,0.285,8521,88273,-0.2037,78.98,0.331,5.76,market
2026-06-26,TLT,2026-07-17,21,87.0,87.36,0.41,put,0.0933,0.62,0.63,0.625,859,18007,-0.3728,61.87,0.718,12.49,market
2026-06-26,TLT,2026-07-17,21,88.0,87.36,0.0,put,0.1028,1.21,1.24,1.225,82,6512,-0.5663,42.4,1.392,24.2,market
2026-06-26,TLT,2026-07-17,21,89.0,87.36,0.0,put,0.1233,2.0,2.08,2.04,21,1248,-0.6974,29.24,2.292,39.84,market
2026-06-26,TLT,2026-07-17,21,90.0,87.36,0.0,put,0.1538,2.93,3.05,2.99,45,4049,-0.7613,22.74,3.322,57.74,market
2026-06-26,TLT,2026-07-17,21,91.0,87.36,0.0,put,0.1856,3.9,4.05,3.975,1,379,-0.7968,19.08,4.368,75.92,market
2026-06-26,TLT,2026-07-17,21,92.0,87.36,0.0,put,0.2153,4.9,5.05,4.975,2,4235,-0.8213,16.55,5.408,93.99,market
2026-06-26,TLT,2026-07-17,21,93.0,87.36,0.0,put,0.2437,5.9,6.05,5.975,3,316,-0.8394,14.68,6.425,111.67,market
2026-06-26,TLT,2026-07-17,21,94.0,87.36,0.0,put,0.2705,6.9,7.05,6.975,12,1455,-0.8537,13.2,7.42,128.97,market
2026-06-26,TLT,2026-07-17,21,95.0,87.36,0.0,put,0.2964,7.9,8.05,7.975,3,322,-0.865,12.01,8.395,145.91,market
2026-06-26,TLT,2026-07-17,21,96.0,87.36,0.0,put,0.3218,8.9,9.05,8.975,14,310,-0.8741,11.06,9.349,162.49,market
2026-06-26,TLT,2026-07-17,21,97.0,87.36,0.0,put,0.3462,9.9,10.05,9.975,9,156,-0.8819,10.25,10.284,178.74,market
2026-06-26,TLT,2026-07-17,21,100.0,87.36,0.0,put,0.415,12.9,13.05,12.975,44,10749,-0.8995,8.41,12.975,225.52,market
2026-06-26,TLT,2026-07-17,21,105.0,87.36,0.0,put,0.5205,17.9,18.05,17.975,4,15,-0.9174,6.52,17.119,297.55,market
2026-06-26,TLT,2026-07-17,21,110.0,87.36,0.0,put,0.5801,22.85,23.05,22.95,50,50,-0.9413,4.41,20.864,362.63,market
2026-06-26,TLT,2026-07-17,21,115.0,87.36,0.0,put,0.665,27.85,28.05,27.95,130,0,-0.948,3.71,24.304,422.43,market
2026-06-26,TLT,2026-07-17,21,120.0,87.36,0.0,put,0.4688,32.55,32.65,32.6,50,0,-0.9969,0.22,27.167,472.18,market
2026-06-26,TLT,2026-07-17,21,125.0,87.36,0.0,put,0.0,34.85,35.05,34.95,0,0,-1.0,0.0,27.96,485.97,market
2026-06-26,TLT,2026-07-17,21,130.0,87.36,0.0,put,0.8877,42.85,43.05,42.95,0,0,-0.9597,2.5,33.038,574.24,market
2026-06-26,TLT,2026-07-17,21,135.0,87.36,0.0,put,0.9531,47.85,48.05,47.95,70,0,-0.9622,2.25,35.519,617.35,market
2026-06-26,TLT,2026-07-24,28,65.0,87.36,25.6,put,0.3906,0.0,0.01,0.007,33,33,-0.0024,99.67,0.011,0.14,bs_fallback
2026-06-26,TLT,2026-07-24,28,70.0,87.36,19.87,put,0.3047,0.0,0.01,0.008,1,47,-0.0033,99.57,0.011,0.14,bs_fallback
2026-06-26,TLT,2026-07-24,28,74.0,87.36,15.29,put,0.2539,0.0,0.02,0.015,5,17,-0.0071,99.13,0.02,0.26,bs_fallback
2026-06-26,TLT,2026-07-24,28,75.0,87.36,14.15,put,0.2344,0.01,0.02,0.015,2,3,-0.0073,99.13,0.02,0.26,market
2026-06-26,TLT,2026-07-24,28,76.0,87.36,13.0,put,0.2305,0.01,0.03,0.02,16,123,-0.0115,98.65,0.026,0.34,market
2026-06-26,TLT,2026-07-24,28,77.0,87.36,11.86,put,0.2109,0.01,0.03,0.02,6,123,-0.0121,98.6,0.026,0.34,market
2026-06-26,TLT,2026-07-24,28,78.0,87.36,10.71,put,0.1934,0.02,0.03,0.025,20,242,-0.0134,98.46,0.032,0.42,market
2026-06-26,TLT,2026-07-24,28,79.0,87.36,9.57,put,0.1816,0.02,0.04,0.03,17,378,-0.0178,97.98,0.038,0.5,market
2026-06-26,TLT,2026-07-24,28,79.5,87.36,9.0,put,0.1719,0.02,0.04,0.03,1,353,-0.0185,97.92,0.038,0.49,market
2026-06-26,TLT,2026-07-24,28,80.0,87.36,8.42,put,0.1621,0.03,0.04,0.035,119,6532,-0.0193,97.85,0.044,0.57,market
2026-06-26,TLT,2026-07-24,28,80.5,87.36,7.85,put,0.1524,0.03,0.04,0.035,100,653,-0.0202,97.77,0.043,0.57,market
2026-06-26,TLT,2026-07-24,28,81.0,87.36,7.28,put,0.1484,0.03,0.05,0.04,19,756,-0.0255,97.2,0.049,0.64,market
2026-06-26,TLT,2026-07-24,28,81.5,87.36,6.71,put,0.1387,0.04,0.05,0.045,1,618,-0.027,97.05,0.055,0.72,market
2026-06-26,TLT,2026-07-24,28,82.0,87.36,6.14,put,0.1328,0.04,0.06,0.05,18,883,-0.0326,96.46,0.061,0.79,market
2026-06-26,TLT,2026-07-24,28,82.5,87.36,5.56,put,0.1231,0.05,0.06,0.055,1,3568,-0.0352,96.2,0.067,0.87,market
2026-06-26,TLT,2026-07-24,28,83.0,87.36,4.99,put,0.1162,0.06,0.07,0.065,27,737,-0.0422,95.48,0.078,1.02,market
2026-06-26,TLT,2026-07-24,28,83.5,87.36,4.42,put,0.1084,0.07,0.08,0.075,8,542,-0.0497,94.71,0.09,1.17,market
2026-06-26,TLT,2026-07-24,28,84.0,87.36,3.85,put,0.1025,0.09,0.1,0.095,4127,1335,-0.063,93.34,0.113,1.47,market
2026-06-26,TLT,2026-07-24,28,84.5,87.36,3.27,put,0.0977,0.12,0.13,0.125,49,1237,-0.0829,91.29,0.148,1.93,market
2026-06-26,TLT,2026-07-24,28,85.0,87.36,2.7,put,0.0942,0.16,0.18,0.17,5080,1753,-0.1133,88.16,0.2,2.61,market
2026-06-26,TLT,2026-07-24,28,85.5,87.36,2.13,put,0.0928,0.23,0.26,0.245,5,776,-0.1588,83.49,0.287,3.74,market
2026-06-26,TLT,2026-07-24,28,86.0,87.36,1.56,put,0.0913,0.34,0.37,0.355,70,2609,-0.2163,77.62,0.413,5.38,market
2026-06-26,TLT,2026-07-24,28,86.5,87.36,0.98,put,0.0906,0.49,0.52,0.505,158,6111,-0.2878,70.36,0.584,7.61,market
2026-06-26,TLT,2026-07-24,28,87.0,87.36,0.41,put,0.0906,0.69,0.72,0.705,19,3516,-0.3707,61.98,0.81,10.56,market
2026-06-26,TLT,2026-07-24,28,87.5,87.36,0.0,put,0.0935,0.95,0.99,0.97,150,468,-0.4605,52.92,1.109,14.45,market
2026-06-26,TLT,2026-07-24,28,88.0,87.36,0.0,put,0.096,1.27,1.3,1.285,25,9738,-0.5466,44.29,1.46,19.04,market
2026-06-26,TLT,2026-07-24,28,88.5,87.36,0.0,put,0.1021,1.63,1.68,1.655,4,37,-0.6213,36.8,1.87,24.38,market
2026-06-26,TLT,2026-07-24,28,89.0,87.36,0.0,put,0.1099,2.03,2.1,2.065,1,181,-0.6808,30.84,2.32,30.25,market
2026-06-26,TLT,2026-07-24,28,89.5,87.36,0.0,put,0.1218,2.47,2.57,2.52,2,57,-0.7213,26.75,2.816,36.7,market
2026-06-26,TLT,2026-07-24,28,90.0,87.36,0.0,put,0.134,2.94,3.05,2.995,6,57,-0.7518,23.66,3.328,43.38,market
2026-06-26,TLT,2026-07-24,28,90.5,87.36,0.0,put,0.148,3.4,3.55,3.475,6,25,-0.7727,21.52,3.84,50.05,market
2026-06-26,TLT,2026-07-24,28,91.0,87.36,0.0,put,0.1616,3.9,4.05,3.975,2,5,-0.7893,19.81,4.368,56.94,market
2026-06-26,TLT,2026-07-24,28,92.0,87.36,0.0,put,0.1875,4.9,5.05,4.975,18,4,-0.815,17.14,5.408,70.49,market
2026-06-26,TLT,2026-07-24,28,93.0,87.36,0.0,put,0.2122,5.9,6.05,5.975,16,4,-0.834,15.18,6.425,83.75,market
2026-06-26,TLT,2026-07-31,35,65.0,87.36,25.6,put,0.3516,0.0,0.01,0.007,2,2,-0.0024,99.66,0.011,0.11,bs_fallback
2026-06-26,TLT,2026-07-31,35,70.0,87.36,19.87,put,0.293,0.0,0.02,0.014,1,1,-0.0055,99.28,0.021,0.21,bs_fallback
2026-06-26,TLT,2026-07-31,35,74.0,87.36,15.29,put,0.2266,0.01,0.02,0.015,1,6,-0.0068,99.18,0.02,0.21,market
2026-06-26,TLT,2026-07-31,35,75.0,87.36,14.15,put,0.2227,0.01,0.03,0.02,0,2,-0.0103,98.77,0.027,0.28,market
2026-06-26,TLT,2026-07-31,35,77.0,87.36,11.86,put,0.1895,0.02,0.03,0.025,1,9,-0.0118,98.62,0.032,0.34,market
2026-06-26,TLT,2026-07-31,35,78.0,87.36,10.71,put,0.1807,0.02,0.04,0.03,6,200,-0.0162,98.14,0.038,0.4,market
2026-06-26,TLT,2026-07-31,35,79.0,87.36,9.57,put,0.1631,0.03,0.04,0.035,165,463,-0.0173,98.04,0.044,0.46,market
2026-06-26,TLT,2026-07-31,35,79.5,87.36,9.0,put,0.1602,0.03,0.05,0.04,2,432,-0.0216,97.57,0.05,0.52,market
2026-06-26,TLT,2026-07-31,35,80.0,87.36,8.42,put,0.1514,0.03,0.05,0.04,2,870,-0.0226,97.48,0.05,0.52,market
2026-06-26,TLT,2026-07-31,35,80.5,87.36,7.85,put,0.1426,0.04,0.05,0.045,30,329,-0.0237,97.37,0.056,0.58,market
2026-06-26,TLT,2026-07-31,35,81.0,87.36,7.28,put,0.1377,0.04,0.06,0.05,184,949,-0.0283,96.88,0.062,0.64,market
2026-06-26,TLT,2026-07-31,35,81.5,87.36,6.71,put,0.1289,0.05,0.06,0.055,125,308,-0.0301,96.71,0.067,0.7,market
2026-06-26,TLT,2026-07-31,35,82.0,87.36,6.14,put,0.1231,0.06,0.07,0.065,58,1605,-0.0354,96.15,0.079,0.83,market
2026-06-26,TLT,2026-07-31,35,82.5,87.36,5.56,put,0.1172,0.06,0.08,0.07,1,4138,-0.042,95.46,0.085,0.88,market
2026-06-26,TLT,2026-07-31,35,83.0,87.36,4.99,put,0.1099,0.08,0.09,0.085,7,545,-0.0482,94.83,0.102,1.07,market
2026-06-26,TLT,2026-07-31,35,83.5,87.36,4.42,put,0.105,0.1,0.11,0.105,9,631,-0.0601,93.59,0.126,1.31,market
2026-06-26,TLT,2026-07-31,35,84.0,87.36,3.85,put,0.1006,0.12,0.14,0.13,29,9663,-0.0766,91.89,0.155,1.61,market
2026-06-26,TLT,2026-07-31,35,84.5,87.36,3.27,put,0.0967,0.16,0.18,0.17,10,775,-0.0991,89.56,0.201,2.1,market
2026-06-26,TLT,2026-07-31,35,85.0,87.36,2.7,put,0.0938,0.22,0.24,0.23,163,6139,-0.1307,86.3,0.271,2.82,market
2026-06-26,TLT,2026-07-31,35,85.5,87.36,2.13,put,0.0921,0.31,0.33,0.32,38,1233,-0.1743,81.83,0.374,3.9,market
2026-06-26,TLT,2026-07-31,35,86.0,87.36,1.56,put,0.0906,0.43,0.45,0.44,88,2369,-0.2283,76.31,0.512,5.34,market
2026-06-26,TLT,2026-07-31,35,86.5,87.36,0.98,put,0.0891,0.58,0.6,0.59,65,677,-0.2925,69.79,0.682,7.11,market
2026-06-26,TLT,2026-07-31,35,87.0,87.36,0.41,put,0.0906,0.79,0.82,0.805,58,1190,-0.3699,61.95,0.925,9.65,market
2026-06-26,TLT,2026-07-31,35,87.5,87.36,0.0,put,0.0912,1.04,1.07,1.055,61,218,-0.4494,53.94,1.206,12.57,market
2026-06-26,TLT,2026-07-31,35,88.0,87.36,0.0,put,0.0938,1.34,1.38,1.36,4,46,-0.5286,45.99,1.545,16.12,market
2026-06-26,TLT,2026-07-31,35,88.5,87.36,0.0,put,0.0967,1.69,1.73,1.71,1,39,-0.6018,38.67,1.932,20.15,market
2026-06-26,TLT,2026-07-31,35,89.0,87.36,0.0,put,0.103,2.08,2.14,2.11,5,4496,-0.6616,32.69,2.371,24.72,market
2026-06-26,TLT,2026-07-31,35,89.5,87.36,0.0,put,0.1106,2.5,2.58,2.54,14,20,-0.7087,27.97,2.838,29.6,market
2026-06-26,TLT,2026-07-31,35,90.0,87.36,0.0,put,0.1201,2.96,3.05,3.005,7,10,-0.7431,24.51,3.339,34.82,market
2026-06-26,TLT,2026-07-31,35,90.5,87.36,0.0,put,0.1328,3.4,3.55,3.475,6,9,-0.7647,22.29,3.84,40.04,market
2026-06-26,TLT,2026-07-31,35,91.0,87.36,0.0,put,0.145,3.9,4.05,3.975,11,31,-0.7822,20.48,4.368,45.55,market
2026-06-26,TLT,2026-07-31,35,92.0,87.36,0.0,put,0.1682,4.9,5.05,4.975,200,200,-0.8093,17.68,5.408,56.39,market
2026-06-26,TLT,2026-07-31,35,110.0,87.36,0.0,put,0.4815,22.85,23.05,22.95,69,99,-0.9249,5.61,20.864,217.58,market
2026-06-26,HYG,2026-07-17,21,45.0,79.83,43.63,put,0.8438,0.0,0.02,0.008,1,9085,-0.0016,99.7,0.017,0.3,bs_fallback
2026-06-26,HYG,2026-07-17,21,50.0,79.83,37.37,put,0.5,0.0,0.0,0.0,7,0,-0.0,99.99,0.0,0.0,bs_fallback
2026-06-26,HYG,2026-07-17,21,55.0,79.83,31.1,put,1.2388,0.0,2.13,0.959,3,0,-0.079,86.76,1.745,30.32,bs_fallback
2026-06-26,HYG,2026-07-17,21,60.0,79.83,24.84,put,1.0122,0.0,2.13,0.96,14,33,-0.0952,85.69,1.6,27.81,bs_fallback
2026-06-26,HYG,2026-07-17,21,65.0,79.83,18.58,put,0.4522,0.0,0.1,0.081,3,109556,-0.0241,96.91,0.125,2.18,bs_fallback
2026-06-26,HYG,2026-07-17,21,68.0,79.83,14.82,put,0.6719,0.0,2.13,0.961,1,613,-0.137,82.45,1.414,24.58,bs_fallback
2026-06-26,HYG,2026-07-17,21,69.0,79.83,13.57,put,0.6304,0.0,2.13,0.962,7,285,-0.1448,81.8,1.394,24.23,bs_fallback
2026-06-26,HYG,2026-07-17,21,70.0,79.83,12.31,put,0.2402,0.0,0.02,0.014,1,57011,-0.0092,98.93,0.021,0.36,bs_fallback
2026-06-26,HYG,2026-07-17,21,71.0,79.83,11.06,put,0.5469,0.0,2.13,0.961,12,11423,-0.1633,80.23,1.354,23.53,bs_fallback
2026-06-26,HYG,2026-07-17,21,72.0,79.83,9.81,put,0.1797,0.0,0.01,0.007,85,75297,-0.0065,99.27,0.01,0.18,bs_fallback
2026-06-26,HYG,2026-07-17,21,73.0,79.83,8.56,put,0.6411,0.0,2.13,1.973,2,59861,-0.2491,69.97,2.703,46.98,bs_fallback
2026-06-26,HYG,2026-07-17,21,74.0,79.83,7.3,put,0.1797,0.0,0.06,0.044,500,107116,-0.0323,96.44,0.06,1.04,bs_fallback
2026-06-26,HYG,2026-07-17,21,75.0,79.83,6.05,put,0.1426,0.01,0.04,0.025,97,198570,-0.027,97.07,0.033,0.58,market
2026-06-26,HYG,2026-07-17,21,76.0,79.83,4.8,put,0.1587,0.02,0.15,0.085,92,79433,-0.0828,91.12,0.112,1.94,market
2026-06-26,HYG,2026-07-17,21,77.0,79.83,3.55,put,0.1133,0.02,0.1,0.06,12638,248190,-0.0739,92.23,0.078,1.35,market
2026-06-26,HYG,2026-07-17,21,78.0,79.83,2.29,put,0.1475,0.05,0.45,0.25,9820,216556,-0.2252,76.4,0.321,5.57,market
2026-06-26,HYG,2026-07-17,21,79.0,79.83,1.04,put,0.0657,0.14,0.2,0.17,42829,312537,-0.1966,79.9,0.215,3.74,market
2026-06-26,HYG,2026-07-17,21,80.0,79.83,0.0,put,0.0679,0.27,0.62,0.445,4022,113468,-0.4784,51.51,0.556,9.67,market
2026-06-26,HYG,2026-07-17,21,81.0,79.83,0.0,put,0.3911,1.22,3.7,2.46,8,22852,-0.5309,43.2,3.037,52.79,market
2026-06-26,HYG,2026-07-17,21,82.0,79.83,0.0,put,0.0,0.0,0.0,1.934,204,0,-1.0,0.0,2.359,41.0,bs_fallback
2026-06-26,HYG,2026-07-17,21,83.0,79.83,0.0,put,0.4778,3.0,5.6,4.3,2,12,-0.6016,35.49,5.181,90.05,market
2026-06-26,HYG,2026-07-17,21,84.0,79.83,0.0,put,0.0,0.0,0.0,3.929,0,0,-1.0,0.0,4.677,81.29,bs_fallback
2026-06-26,HYG,2026-07-17,21,86.0,79.83,0.0,put,0.6335,4.6,8.8,6.7,1,0,-0.6536,29.22,7.791,135.41,market
2026-06-26,HYG,2026-07-17,21,89.0,79.83,0.0,put,0.7175,8.35,11.6,9.975,0,10,-0.7016,24.16,11.208,194.8,market
2026-06-26,HYG,2026-07-17,21,90.0,79.83,0.0,put,0.7524,9.35,12.6,10.975,100,146,-0.7116,23.0,12.194,211.95,market
2026-06-26,HYG,2026-07-17,21,92.0,79.83,0.0,put,0.6987,10.25,13.85,12.05,8,3,-0.7721,18.06,13.098,227.65,market
2026-06-26,HYG,2026-07-17,21,95.0,79.83,0.0,put,0.0,0.0,0.0,14.897,0,0,-1.0,0.0,15.681,272.55,bs_fallback
2026-06-26,HYG,2026-07-24,28,71.0,79.83,11.06,put,0.6436,0.0,2.13,1.978,0,22,-0.2212,72.24,2.786,36.31,bs_fallback
2026-06-26,HYG,2026-07-24,28,72.0,79.83,9.81,put,0.6011,0.0,2.13,1.976,0,186,-0.2338,71.22,2.744,35.77,bs_fallback
2026-06-26,HYG,2026-07-24,28,75.0,79.83,6.05,put,0.4714,0.0,2.13,1.97,0,37,-0.2834,67.08,2.626,34.24,bs_fallback
2026-06-26,HYG,2026-07-24,28,78.5,79.83,1.67,put,0.082,0.0,0.25,0.178,0,20,-0.1789,81.51,0.226,2.95,bs_fallback
2026-06-26,HYG,2026-07-24,28,80.0,79.83,0.0,put,0.2944,0.18,2.73,1.455,1,8,-0.4754,49.21,1.819,23.71,market
2026-06-26,HYG,2026-07-24,28,81.0,79.83,0.0,put,0.3408,1.35,3.7,2.525,1,423,-0.5264,43.62,3.117,40.64,market
2026-06-26,HYG,2026-07-24,28,81.5,79.83,0.0,put,0.3638,1.26,4.2,2.73,2,0,-0.5466,41.38,3.35,43.67,market
2026-06-26,HYG,2026-07-31,35,80.0,79.83,0.0,put,0.2693,0.11,2.78,1.445,147,267,-0.4706,49.61,1.806,18.84,market
2026-06-26,HYG,2026-07-31,35,81.0,79.83,0.0,put,0.3059,1.09,3.7,2.395,1,423,-0.5222,44.02,2.957,30.84,market
2026-06-26,ARKK,2026-07-17,21,60.0,78.13,23.2,put,0.5879,0.0,0.26,0.108,7,634,-0.0248,96.58,0.181,3.14,bs_fallback
2026-06-26,ARKK,2026-07-17,21,65.0,78.13,16.81,put,0.5122,0.21,0.36,0.285,14,2919,-0.0568,92.78,0.438,7.62,market
2026-06-26,ARKK,2026-07-17,21,66.0,78.13,15.53,put,0.5088,0.12,0.61,0.365,16,2176,-0.0712,91.07,0.553,9.61,market
2026-06-26,ARKK,2026-07-17,21,67.0,78.13,14.25,put,0.5249,0.03,0.53,0.28,20,183,-0.0957,88.11,0.418,7.26,market
2026-06-26,ARKK,2026-07-17,21,68.0,78.13,12.97,put,0.5535,0.13,0.79,0.46,1,313,-0.1284,84.17,0.676,11.76,market
2026-06-26,ARKK,2026-07-17,21,69.0,78.13,11.69,put,0.563,0.35,1.02,0.685,7,225,-0.1565,80.89,0.993,17.26,market
2026-06-26,ARKK,2026-07-17,21,70.0,78.13,10.41,put,0.4595,0.45,0.73,0.59,87,8656,-0.1405,83.35,0.843,14.65,market
2026-06-26,ARKK,2026-07-17,21,71.0,78.13,9.13,put,0.5059,0.49,1.17,0.83,96,365,-0.1913,77.39,1.169,20.32,market
2026-06-26,ARKK,2026-07-17,21,72.0,78.13,7.85,put,0.449,0.6,1.1,0.85,132,938,-0.2007,76.78,1.181,20.52,market
2026-06-26,ARKK,2026-07-17,21,73.0,78.13,6.57,put,0.4834,0.95,1.58,1.265,140,5845,-0.2519,70.97,1.733,30.12,market
2026-06-26,ARKK,2026-07-17,21,74.0,78.13,5.29,put,0.4783,1.17,1.87,1.52,61,409,-0.2892,67.04,2.054,35.7,market
2026-06-26,ARKK,2026-07-17,21,75.0,78.13,4.01,put,0.4678,1.56,2.16,1.86,632,9394,-0.3278,63.08,2.48,43.1,market
2026-06-26,ARKK,2026-07-17,21,76.0,78.13,2.73,put,0.4314,1.71,2.3,2.005,208,485,-0.3644,59.61,2.638,45.85,market
2026-06-26,ARKK,2026-07-17,21,77.0,78.13,1.45,put,0.479,2.09,3.1,2.595,14,19031,-0.4171,53.76,3.37,58.58,market
2026-06-26,ARKK,2026-07-17,21,78.0,78.13,0.17,put,0.4468,2.67,3.35,3.01,86,5386,-0.4618,49.55,3.859,67.07,market
2026-06-26,ARKK,2026-07-17,21,79.0,78.13,0.0,put,0.4482,3.15,3.9,3.525,3,449,-0.509,44.83,4.462,77.55,market
2026-06-26,ARKK,2026-07-17,21,80.0,78.13,0.0,put,0.49,3.45,4.8,4.125,90,1759,-0.547,40.69,5.156,89.62,market
2026-06-26,ARKK,2026-07-17,21,81.0,78.13,0.0,put,0.467,3.6,5.25,4.425,104,628,-0.595,36.23,5.463,94.95,market
2026-06-26,ARKK,2026-07-17,21,82.0,78.13,0.0,put,0.5339,4.65,6.4,5.525,93,229,-0.6145,33.76,6.738,117.11,market
2026-06-26,ARKK,2026-07-17,21,83.0,78.13,0.0,put,0.5432,5.35,7.15,6.25,1,286,-0.6469,30.6,7.53,130.88,market
2026-06-26,ARKK,2026-07-17,21,84.0,78.13,0.0,put,0.5486,5.95,7.9,6.925,3,99,-0.6783,27.61,8.244,143.29,market
2026-06-26,ARKK,2026-07-17,21,85.0,78.13,0.0,put,0.5266,6.95,8.5,7.725,1,273,-0.7195,23.96,9.088,157.96,market
2026-06-26,ARKK,2026-07-17,21,86.0,78.13,0.0,put,0.5942,7.7,9.7,8.7,103,115,-0.7197,23.44,10.116,175.83,market
2026-06-26,ARKK,2026-07-17,21,87.0,78.13,0.0,put,0.5894,8.75,10.45,9.6,10,67,-0.7485,20.87,11.034,191.79,market
2026-06-26,ARKK,2026-07-17,21,88.0,78.13,0.0,put,0.606,9.45,11.35,10.4,0,100,-0.7661,19.18,11.818,205.41,market
2026-06-26,ARKK,2026-07-17,21,89.0,78.13,0.0,put,0.584,10.4,12.05,11.225,4,103,-0.7994,16.37,12.612,219.21,market
2026-06-26,ARKK,2026-07-17,21,90.0,78.13,0.0,put,0.6418,10.95,13.2,12.075,7,2,-0.7947,16.43,13.417,233.19,market
2026-06-26,ARKK,2026-07-24,28,55.0,78.13,29.6,put,0.8809,0.0,1.15,0.516,35,35,-0.0574,90.87,0.938,12.22,bs_fallback
2026-06-26,ARKK,2026-07-24,28,60.0,78.13,23.2,put,0.6411,0.0,0.79,0.348,56,64,-0.0551,92.22,0.58,7.56,bs_fallback
2026-06-26,ARKK,2026-07-24,28,65.0,78.13,16.81,put,0.5195,0.0,1.04,0.46,1,13,-0.0842,89.13,0.708,9.22,bs_fallback
2026-06-26,ARKK,2026-07-24,28,68.0,78.13,12.97,put,0.5234,0.23,1.0,0.615,3,42,-0.1453,81.91,0.904,11.79,market
2026-06-26,ARKK,2026-07-24,28,69.0,78.13,11.69,put,0.531,0.33,1.25,0.79,7,30,-0.1724,78.74,1.145,14.92,market
2026-06-26,ARKK,2026-07-24,28,70.0,78.13,10.41,put,0.5435,0.43,1.57,1.0,1,281,-0.2031,75.18,1.429,18.62,market
2026-06-26,ARKK,2026-07-24,28,71.0,78.13,9.13,put,0.5295,0.7,1.75,1.225,72,113,-0.226,72.75,1.725,22.49,market
2026-06-26,ARKK,2026-07-24,28,72.0,78.13,7.85,put,0.5,0.88,1.84,1.36,1,85,-0.2461,70.83,1.889,24.62,market
2026-06-26,ARKK,2026-07-24,28,73.0,78.13,6.57,put,0.489,1.15,2.08,1.615,1,13,-0.2751,67.8,2.212,28.84,market
2026-06-26,ARKK,2026-07-24,28,73.5,78.13,5.93,put,0.5017,1.37,2.35,1.86,2,2,-0.2957,65.46,2.531,32.99,market
2026-06-26,ARKK,2026-07-24,28,74.0,78.13,5.29,put,0.4758,1.4,2.33,1.865,1,33,-0.306,64.63,2.52,32.85,market
2026-06-26,ARKK,2026-07-24,28,74.5,78.13,4.65,put,0.471,1.6,2.48,2.04,0,4,-0.323,62.89,2.738,35.7,market
2026-06-26,ARKK,2026-07-24,28,75.0,78.13,4.01,put,0.4714,1.47,2.68,2.075,1,12,-0.3417,60.92,2.767,36.07,market
2026-06-26,ARKK,2026-07-24,28,76.5,78.13,2.09,put,0.4852,2.17,3.45,2.81,1,70,-0.4003,54.71,3.673,47.88,market
2026-06-26,ARKK,2026-07-24,28,77.0,78.13,1.45,put,0.4751,1.91,3.6,2.755,10,16,-0.4185,52.95,3.578,46.64,market
2026-06-26,ARKK,2026-07-24,28,78.0,78.13,0.17,put,0.4463,3.0,3.85,3.425,15,20,-0.4577,49.31,4.391,57.24,market
2026-06-26,ARKK,2026-07-24,28,78.5,78.13,0.0,put,0.4502,3.2,4.15,3.675,1,5,-0.478,47.23,4.682,61.03,market
2026-06-26,ARKK,2026-07-24,28,79.0,78.13,0.0,put,0.4587,3.55,4.5,4.025,2,102,-0.4974,45.2,5.095,66.42,market
2026-06-26,ARKK,2026-07-24,28,80.0,78.13,0.0,put,0.4556,4.1,5.05,4.575,14,1,-0.5374,41.29,5.719,74.55,market
2026-06-26,ARKK,2026-07-24,28,80.5,78.13,0.0,put,0.4724,4.15,5.5,4.825,0,1,-0.5532,39.57,5.994,78.13,market
2026-06-26,ARKK,2026-07-24,28,81.5,78.13,0.0,put,0.4568,4.9,6.0,5.45,0,200,-0.5949,35.69,6.687,87.17,market
2026-06-26,ARKK,2026-07-24,28,82.0,78.13,0.0,put,0.5066,4.4,6.75,5.575,1,1,-0.5976,34.92,6.799,88.63,market
2026-06-26,ARKK,2026-07-24,28,85.0,78.13,0.0,put,0.5374,6.9,9.1,8.0,0,1,-0.6794,26.93,9.412,122.69,market
2026-06-26,ARKK,2026-07-24,28,86.0,78.13,0.0,put,0.5442,7.65,9.9,8.775,0,16,-0.704,24.61,10.203,133.01,market
2026-06-26,ARKK,2026-07-24,28,88.0,78.13,0.0,put,0.564,9.15,11.6,10.375,0,100,-0.745,20.75,11.79,153.69,market
2026-06-26,ARKK,2026-07-24,28,90.0,78.13,0.0,put,0.5979,11.25,13.45,12.35,3,2,-0.7728,18.04,13.722,178.88,market
2026-06-26,ARKK,2026-07-31,35,55.0,78.13,29.6,put,0.7188,0.0,0.76,0.338,0,2,-0.0436,93.16,0.614,6.4,bs_fallback
2026-06-26,ARKK,2026-07-31,35,60.0,78.13,23.2,put,0.502,0.04,0.21,0.125,12,160,-0.0354,95.07,0.208,2.17,market
2026-06-26,ARKK,2026-07-31,35,65.0,78.13,16.81,put,0.5293,0.01,0.8,0.405,3,8,-0.1087,85.77,0.623,6.5,market
2026-06-26,ARKK,2026-07-31,35,68.0,78.13,12.97,put,0.562,0.61,1.58,1.095,2,129,-0.1808,76.99,1.61,16.79,market
2026-06-26,ARKK,2026-07-31,35,68.5,78.13,12.33,put,0.5527,0.17,1.64,0.905,1,11,-0.1889,76.14,1.321,13.78,market
2026-06-26,ARKK,2026-07-31,35,69.0,78.13,11.69,put,0.4978,0.58,1.39,0.985,3,221,-0.1803,77.64,1.428,14.89,market
2026-06-26,ARKK,2026-07-31,35,69.5,78.13,11.05,put,0.5481,0.64,3.1,1.87,1,32,-0.2111,73.66,2.691,28.06,market
2026-06-26,ARKK,2026-07-31,35,70.0,78.13,10.41,put,0.5059,0.27,1.7,0.985,10,157,-0.2089,74.34,1.407,14.67,market
2026-06-26,ARKK,2026-07-31,35,70.5,78.13,9.77,put,0.5466,0.2,2.15,1.175,5,273,-0.2358,70.91,1.667,17.38,market
2026-06-26,ARKK,2026-07-31,35,71.0,78.13,9.13,put,0.5117,0.44,2.03,1.235,2,2,-0.2378,71.05,1.739,18.14,market
2026-06-26,ARKK,2026-07-31,35,72.0,78.13,7.85,put,0.5684,1.06,2.82,1.94,29,52,-0.2811,65.67,2.694,28.1,market
2026-06-26,ARKK,2026-07-31,35,73.0,78.13,6.57,put,0.4968,1.26,2.57,1.915,3,9,-0.2913,65.38,2.623,27.36,market
2026-06-26,ARKK,2026-07-31,35,73.5,78.13,5.93,put,0.5066,1.25,2.84,2.045,1,3,-0.3091,63.37,2.782,29.02,market
2026-06-26,ARKK,2026-07-31,35,74.5,78.13,4.65,put,0.5244,1.98,3.4,2.69,3,9,-0.3432,59.53,3.611,37.65,market
2026-06-26,ARKK,2026-07-31,35,75.5,78.13,3.37,put,0.4834,2.31,3.45,2.88,0,1,-0.3686,57.38,3.815,39.78,market
2026-06-26,ARKK,2026-07-31,35,76.5,78.13,2.09,put,0.493,2.99,4.0,3.495,645,1,-0.4029,53.71,4.569,47.64,market
2026-06-26,ARKK,2026-07-31,35,77.0,78.13,1.45,put,0.4524,2.8,3.85,3.325,5,10,-0.4175,52.72,4.318,45.03,market
2026-06-26,ARKK,2026-07-31,35,77.5,78.13,0.81,put,0.468,3.05,4.25,3.65,200,169,-0.4359,50.66,4.71,49.12,market
2026-06-26,ARKK,2026-07-31,35,78.0,78.13,0.17,put,0.4672,3.4,4.5,3.95,2,425,-0.4534,48.9,5.064,52.81,market
2026-06-26,ARKK,2026-07-31,35,78.5,78.13,0.0,put,0.4655,3.65,4.75,4.2,15,77,-0.4711,47.15,5.35,55.8,market
2026-06-26,ARKK,2026-07-31,35,79.5,78.13,0.0,put,0.4697,3.85,5.35,4.6,77,126,-0.5055,43.67,5.786,60.34,market
2026-06-26,ARKK,2026-07-31,35,82.0,78.13,0.0,put,0.4758,4.9,6.95,5.925,1,49,-0.5878,35.6,7.226,75.35,market
2026-06-26,ARKK,2026-07-31,35,100.0,78.13,0.0,put,0.8257,20.3,23.95,22.125,2,0,-0.7935,14.13,22.125,230.73,market
